Mora,Mean,Max,Min,Std,Median,Accent
キ,198.74342162150955,230.4884679478372,151.45262143640105,25.72829031697425,198.55155179805118,0
ボ,248.55382087950258,292.9216447829465,201.314288260372,35.24965691356429,241.93349625753132,2
オ,300.6819681330822,303.3856670406787,294.33774977487855,2.5053515736803447,301.48966132743556,0
ヤ,303.5306868374425,306.25005246395256,296.93802874389456,2.4449123037055407,304.08884855938766,0
ユ,274.58355853797633,297.4905669168173,257.92294205301397,12.86450900061443,270.4905866799706,0
メ,256.3349404778291,265.8406356174115,235.66203125184225,8.962421643682294,259.9735954180482,0
ノ,267.650129849535,273.5279951412019,257.15572519453406,2.997736875113838,267.42468648025834,0
オ,263.26484781000386,264.8136724914797,261.4640341456715,1.010897927576546,263.3819763383648,0
モ,258.655835711668,271.7178944598827,247.56323717264758,5.944988181327091,257.9858611906267,2
イ,238.1625615387916,244.9925029101091,230.99695660413846,4.670382139344139,238.38371902398222,1
ワ,174.6611861036173,227.41677324788705,140.3721924514151,27.480087944564307,169.54572961995316,0
、,0.0,0,0,0.0,0.0,0
ゼ,191.1077343771387,206.7167402825781,182.91668037789927,8.219454568276912,187.0712669838472,0
ッ,158.3017040767379,180.69243710529588,134.59501951530117,18.930506616244838,156.4931472779987,2
タ,224.33493760322793,236.03812319606885,222.2684024471646,3.607601647409173,222.92946907580745,0
イ,223.10542509420745,223.882416077334,220.82347681664783,1.0432814998185502,223.43478692876303,0
ニ,224.3712361195234,231.8087864943033,217.67625048124688,4.41004720398868,224.1722944104111,0
ミ,214.73884156818764,219.40600437972242,208.99508660892877,2.3023586784807533,214.70163001083725,0
ツ,193.07688816047042,213.7336570514264,171.4329754426399,15.11634040715309,188.3251857114651,0
カ,207.74656131438823,212.43673140402225,202.1542053002555,3.82160502816882,207.77067452097776,0
ラ,189.1566210338803,200.32427029635036,179.18143994066463,4.9806743842885774,188.8640890489825,0
ナ,174.0077420298909,185.73780123546302,166.28959978661516,6.922310974895167,171.3736885749351,0
イ,159.8998785744016,168.43685907586112,141.44302899765353,9.865698176695505,165.35828496910705,0
