Mora,Mean,Max,Min,Std,Median,Accent
ワ,189.60715184216434,199.98470444841516,164.43410472539864,10.3694849155921,194.0147815665049,0
カ,232.4040946663432,277.0544804917033,151.49032518174138,48.282926414558865,265.9421671823422,2
ラ,322.6583180550383,357.5906091014967,280.46491400471297,26.67552309449416,327.99309357086065,0
ナ,346.9156857228384,362.36962497596375,301.29839120138547,18.117310937806028,356.0913670844115,1
イ,281.2293726315015,297.60492664746397,267.8475174966852,9.7130008229198,280.0887354750856,0
コ,232.12966830531695,264.3371794735697,198.6097675671974,26.014386725371217,233.41239923067633,0
ト,193.31027848271438,203.8189268902578,182.05555540932713,6.788604286927482,193.5113053880424,0
ガ,171.23332914566114,179.4257896352399,164.74919881823797,4.9196170891906625,171.38128030110138,0
ア,173.34159751066687,180.7041151340353,167.06389889964785,4.752465531460481,172.91957648677408,0
ッ,179.47199866395064,179.47199866395064,179.47199866395064,0.0,179.47199866395064,1
タ,165.91664062725772,189.09350001699573,156.71581624611133,9.060244693936804,163.73939478346563,0
ラ,149.69142482260432,159.341332948281,131.26376273320375,6.227859508848544,150.45345338705334,0
、,0.0,0,0,0.0,0.0,0
イ,0,0,0,0,0,0
ツ,273.78755158799265,309.3253280120438,245.04496727798013,23.02849460239823,268.7715117626781,1
デ,238.3157567440212,257.4630823149072,228.12685538430264,8.490796900925568,238.76563276641036,0
モ,190.14878467294233,251.67459762639808,153.01422585028305,27.363136761363858,187.38222472738286,0
ワ,150.02251413673218,153.84336509211593,148.3853494944442,1.6585721961201845,149.20644152104933,0
タ,168.90163590087832,184.97497829449023,152.65900761700098,14.859968710163065,168.98627884601103,2
シ,174.51020059719457,218.8253820075087,104.70878400670375,33.0011525332995,184.3336237305997,0
ニ,200.81183086527045,205.48799021283006,180.54088913587253,5.801576215350233,202.81856109234946,0
キ,188.24344228563328,194.9330984195669,181.45395664405734,5.181221502934718,187.7242391449946,0
キ,206.72196089843916,221.32976119413337,194.66908405156278,10.800891472980602,205.44449917403026,2
ナ,205.27586969858476,217.06695824134312,201.68927061957137,3.3385460758309073,204.51188191606371,0
サ,196.89623545129308,238.9423237124019,170.45523143429028,14.375797597208216,199.446590146478,0
イ,158.33934295336002,171.4076576630286,143.06351352952842,7.320143514472577,156.85073639401747,1
