Mora,Mean,Max,Min,Std,Median,Accent
ジ,214.88445140820676,245.6126508320741,179.8725533403648,18.763903883650354,213.23732557689746,0
ン,265.75976939877427,290.5876847213651,241.73473023610865,17.376338257854165,267.5990822609355,2
コ,284.74932891070466,351.8513793896925,223.82328715414369,26.33974273183053,286.3500036836936,0
オ,281.9122078816465,284.78853377510154,278.4258945437107,1.6752081143163455,281.42972610226843,0
ナ,275.14583058017666,288.9858725269782,256.7832095802228,5.489886230016398,274.7916161735741,0
イ,267.4285906790827,269.6889557698814,265.11901514227577,1.4923684798084156,267.34828482183593,1
ジ,214.1162278206688,265.1200424972721,187.50442517504396,29.788401351735565,197.37670837326004,0
ワ,160.2048512629079,187.67411760583414,130.97915601245722,14.448640886182437,160.3836587011981,0
、,0.0,0,0,0.0,0.0,0
ギ,178.85611031026855,194.39597180897746,175.08062490777164,6.113482085225501,176.19984979276293,0
ジュ,175.90128126982168,196.36184369680726,159.01508067189494,13.355098759700693,172.8907797885827,2
ツ,181.47970572659176,196.95970625076134,162.1065617993336,13.35014459140688,181.77535372808592,0
テ,192.3676140836008,214.7203691544168,173.20855205338327,11.4704515455178,192.16100375693094,0
キ,176.98883125137488,210.85501411612938,156.26545299282424,14.971142823747938,181.59747274614688,0
ニ,176.2705068891933,181.88829471307974,172.64335729618216,2.3703803150025684,175.7469375284299,0
コ,151.9300058821036,180.15115272237995,95.75792935953181,24.408907885735232,163.2978523134483,0
オ,171.65593848412377,182.911394657959,165.6241166899443,5.49899440097173,169.56331571470008,0
ミョ,231.98664750098033,252.65013495254988,186.05563321364215,21.889665837968344,239.58187788617096,2
オ,245.71730827047554,247.33799845872002,243.559162812905,1.3388385538852916,245.6387593951801,0
ナ,245.24473854884084,254.4525160858768,235.8575635587733,4.020408583459424,243.90877714603624,0
キ,229.47470990455955,253.8734793737536,192.77898351978556,24.715697782408167,240.14174425554722,0
キ,0,0,0,0,0,0
デ,171.7333262068055,200.4962116579218,159.12223690342174,11.522907839751689,167.75858038875123,0
ス,147.57713224083554,158.9653904428545,117.30102991439641,14.41356408298743,155.271643787758,1
