Mora,Mean,Max,Min,Std,Median,Accent
ゴ,174.02401073741916,180.48095135843857,171.08839329221263,3.5503039535252547,171.81787782354783,0
キ,182.55147297893103,238.64962989490613,118.72778198376571,40.91852636974281,170.13342476789904,2
ボ,237.36796254271349,266.2704980237859,219.2629821300857,14.424251067803617,234.5033132184338,0
オ,268.4225800779504,270.76772781680546,266.33469609999156,1.2357383936427486,268.2771798844328,0
ニ,275.82671048794066,281.3710729735685,269.54010413540595,3.7133310772369406,275.68033162819023,0
ソ,285.6287520554805,303.58138104588613,244.50378619849025,14.015220725399564,291.6506039727784,0
エ,311.62341090261276,317.1368573821437,306.7303537010345,3.44235564086517,311.7141745548022,2
ル,309.2430048769635,324.72270907685015,265.78852257720877,15.863441843127307,317.80585409351147,1
カ,208.3360418488913,271.1120555423077,179.61838790393097,23.719944702777475,197.5909991123899,0
ド,172.88214800782825,194.54749637087843,156.5578584282335,9.906777173856538,169.94892608168408,0
オ,163.87207546447956,168.80745740932173,148.07339087450788,6.300987151441854,167.28281734930113,1
カ,145.9452195522943,162.49092841604838,124.91944121734076,9.590098732151173,146.05886972923255,0
、,0.0,0,0,0.0,0.0,0
ミ,168.79465873483008,193.45324751179686,132.47525029683283,13.342740657677961,169.56082538024597,0
テ,221.6995631579825,273.6085025946053,170.98785320375606,39.056338849061625,231.57876590821698,1
ミ,231.83774562214938,254.52478574826412,205.19461434970853,14.247943061183053,234.14821902175916,0
マ,175.3130965474214,202.31620275818165,160.49193445448864,11.09887096961265,171.2045013734094,0
ス,167.74422505135226,169.45339661662064,166.14357089449638,1.3534076987750274,167.6357076429397,0
