Mora,Mean,Max,Min,Std,Median,Accent
ク,268.63614205084497,278.8097402253438,253.3370274127078,6.979256129481237,268.8603723404364,0
ッ,239.4052976764413,252.22586077834822,227.25636551354762,11.058517079401357,238.51840787589856,1
キ,229.76099891565605,243.04392796870212,211.51351806777978,10.175328486376138,231.501851857694,0
イ,200.87003400403398,228.81767806669794,177.710163884582,14.199363452720497,200.40220459173685,0
ヲ,159.03245151062228,175.73468149416664,141.57391395271,10.712783330782853,158.5065871865753,0
、,0.0,0,0,0.0,0.0,0
ド,204.6147601042957,230.59057596169535,185.39767553300635,11.036814360733912,202.85072783167254,0
オ,229.06788901841665,237.46095523937458,211.1450437960381,7.4258046074846344,231.20758728639544,1
ゾ,191.11483858372048,216.9689187108894,180.3131391751414,10.232672941227566,186.71897585830865,0
ジ,155.18885923966175,179.23877271904345,138.40752073285623,10.890124285298766,156.2295960817226,0
ユ,204.7729725835611,267.0321656844669,160.1671020484107,35.86327849251434,197.49671036833684,2
ウ,292.7648677374769,305.5119926057887,273.04799569996214,10.654874339201212,294.9946456259214,1
ニ,246.52069531922774,305.0894392382583,179.15845943180383,39.34337512425098,245.1020164482669,0
メ,153.19476027755616,175.34136839352126,142.81651323310544,9.087216765130629,150.28990286182892,0
シ,156.10466462168944,198.64162403864307,141.83456388172982,18.446663528819794,147.23598691934527,2
ア,189.65195681632434,196.33324733995696,185.80924693656047,3.0396995926661514,189.03690106781502,0
ガ,215.83263735065614,225.83941712368105,197.54015017095315,8.889496803933095,219.47540604286687,0
ッ,208.73811885689173,224.52097288297193,196.04057165234804,10.319895383041139,207.19546544612342,0
テ,0,0,0,0,0,0
ク,243.02116611994495,253.57734099500908,232.46499124488082,10.55617487506413,243.02116611994495,0
ダ,220.13951877647665,232.7274347919098,198.25277959226122,11.090085988776233,225.78881845913804,0
サ,227.40908665977065,242.01563449538156,202.17008825688467,11.872621808231475,232.72494692399636,0
イ,171.12185451922784,196.73034826049954,128.63000310925605,18.2146249438884,177.46866074555572,1
