Mora,Mean,Max,Min,Std,Median,Accent
オ,232.36190888777534,249.07537386294007,215.64844391261062,16.713464975164726,232.36190888777534,0
オ,220.58760190780376,232.81699239634983,198.94617443032217,10.909659117697077,221.10020485882632,1
ジョ,198.83827048352347,233.95015097230817,169.47769135086284,22.561421423454686,189.37902385699329,0
ワ,148.8189612565126,167.70001755395612,130.6510809775437,12.245802203187255,149.254695487955,0
、,0.0,0,0,0.0,0.0,0
カ,257.3909866447881,272.4813666694841,240.22378504991815,9.38472437937878,257.12825085819605,0
レ,304.64120664610755,332.31502253179997,273.7420948335794,23.70579787262844,294.12232775070834,0
ヲ,302.9963755923579,328.8563427542024,267.95958576714867,19.080275238541446,304.29293857273757,1
ミ,217.56507416955395,261.58807612302485,179.8618213760795,21.157338135901274,213.47777932084404,0
テ,169.1406662605046,179.64084896978804,147.97090947520516,9.473238087691447,169.32644865768825,0
ワ,154.39315613293888,167.95534259729638,143.7745540267819,5.328487939364373,156.05851760901058,1
ラ,176.878226468065,197.5383951509377,152.8778433945623,14.11126065664724,182.21915200024048,0
ワ,217.30408947944326,237.7610918960305,199.17443382308184,10.898357880537219,218.1409409577729,2
ズ,225.75533422094844,249.59561908883296,200.81633641442474,13.294950289456091,226.12904868798392,0
ニ,238.04519055082855,242.05152199392546,232.23271464809932,2.4547578913906256,238.6872586760161,0
イ,225.63552361285338,230.89552682809412,219.35627213103868,2.911090144746564,226.00747284974585,0
ラ,212.6985123922983,219.4452069526011,200.78387439572958,6.8227457663636635,216.24042130549097,0
レ,234.10297909828918,259.578954370389,217.18408220159174,14.532858515632638,227.29759988637926,2
ナ,264.66512391900886,284.54517180785433,245.87076279308687,7.240896723513479,264.1750551978963,0
カ,186.49927290473977,213.0242115131411,171.85578233699087,14.30245557726182,182.54271803581676,1
ッ,166.32563790103947,168.25783373474428,164.98774137168093,1.3204622410118279,166.0284882488663,0
タ,149.1221696907071,170.25002510817237,120.98423145498388,12.630872938757982,154.41724944866237,0
