Mora,Mean,Max,Min,Std,Median,Accent
ア,167.63121104511833,182.4642891311303,146.15077221767962,12.848617140276858,168.3037338362498,0
ブ,216.1598384819194,258.3187214051643,170.85314793926577,27.83229485681317,221.05944183742355,2
ク,275.3409759448899,309.96146456173216,227.02489040137564,33.28019096487397,275.75468860210725,0
ゼ,268.7106016078123,306.9353828087607,241.6942320860084,16.09064235107924,267.7172980602111,1
ニ,216.05649830585807,236.82945017436924,194.09932205322454,12.518016466658041,218.20505438057307,0
ヲ,176.0363501002078,191.09044867358963,145.87082966303373,10.29338875650458,177.8655126107991,0
カ,166.78156466074753,199.64811483031787,125.08320178039698,18.346796491947007,166.94850090969538,0
セ,207.695067534916,232.44607663709678,178.15535423152141,17.69191750092733,210.1541903179784,2
ゴ,203.2876833475876,208.38930917701697,198.61694659154006,2.867121586881434,204.0410657369178,0
オ,205.5028688196028,208.05801258616515,201.28931025259425,2.0356561568995013,206.40409788913553,0
ト,216.75148193084857,250.8238705026017,201.85748075700457,19.79982841774308,207.16228823189397,0
ス,199.2189981922985,212.37711767207037,186.3922414626655,7.481885913764873,198.46863656726708,0
ル,190.2646237313136,208.85950148189767,173.42731893935812,9.399815293088922,193.91622307210923,0
カ,191.13679187821486,204.568460122923,173.99878657207114,6.706310448529937,190.55615090832958,0
イ,207.12831148211419,214.79283030710684,199.77589525640587,5.1833985701352185,207.04877114045033,2
ハ,226.5370110851197,272.4483587049005,198.02476626581145,22.029459289409324,218.55527757204248,0
ツ,239.66683514072193,271.3129552230847,200.11005003123233,21.100069409651265,238.924624069765,0
ギョ,240.3299813175161,258.36377312913373,215.67657480093615,15.493090479313256,245.59633506750674,0
オ,260.99265150464817,261.78840082869556,259.19744512647196,0.8046696789521953,261.3482138200317,0
シャ,249.87996983525164,262.3081875730208,213.73890159769047,15.37022091364211,255.46482482975892,1
タ,177.41001051616726,189.11656047058335,165.19175098601832,9.773962425260484,177.9217200919,0
チ,161.22700174881396,191.0277263173928,124.87989318987235,14.60413324973953,163.97830555085505,0
ヨ,150.26640930931342,159.51619484526674,133.41515818932191,8.4443157677454,151.1493027382849,0
