Mora,Mean,Max,Min,Std,Median,Accent
キョ,288.1132827490867,303.12740460841354,276.9861019946171,8.40603645287194,287.49299418771636,0
ネ,312.2116593554645,328.22058269322804,303.5643017374412,5.679803259359759,312.72427282028787,0
ン,273.1614002461091,300.36373104201385,226.4440745221933,22.635429448388194,277.91370084522066,1
カ,205.21563656475493,257.05394135867516,174.67411924330466,25.924145761097883,189.9321305989973,0
ラ,151.9665382921065,172.25060991033462,123.89990790644147,12.34295496794627,153.97692427135536,0
、,0.0,0,0,0.0,0.0,0
カ,240.0997209255126,242.60655082763952,236.86992881049838,2.167601573894349,241.13045029422005,0
レ,261.42395003121123,278.02736199271357,230.46720408755723,12.629553351264486,261.88140676272377,0
ワ,187.34533786256253,262.0718424454795,138.63441552047837,42.31384065901649,177.48318155011157,1
ア,144.92072971789284,146.32208265298922,141.95903001782793,1.5865391283644787,145.58844964259737,0
ノ,170.18377664555723,200.68682736069152,140.6626727721663,18.5328215398277,166.24072660313524,0
カ,221.1641330392107,244.21985614311666,162.54706728662873,23.058101937431445,232.40449690042533,2
イ,239.86556498471774,241.81489136329233,237.0281964640607,1.5434622849214379,240.03540014556575,0
シャ,232.9752358382769,242.66206521248242,210.65607201060084,9.569202056361227,236.38589891032743,2
ニ,237.4994493012706,246.91897873026045,224.69554156770764,6.007753578786635,237.36862372079753,0
ツ,221.08665032322813,230.11134776628725,211.28647936941857,7.5018964555432035,222.40949203207464,0
ト,268.75283372677904,279.25032166726606,260.59555951961494,7.285495754570336,267.58272686011765,0
メ,275.5419944159144,313.89278716480703,248.65492798484766,15.57869258755975,275.91697005799983,0
テ,233.64174780028728,262.2084769369552,217.14957518186785,13.218954843244516,231.68209394650074,2
イ,184.84093170732817,211.73073627767127,166.81290989867534,13.091802996832271,181.90294755486806,1
ル,158.380347674338,164.19434799120418,136.28945533616886,7.261318176103207,161.07135520361788,0
ノ,152.8883108256829,158.55006150216758,146.1023252528227,4.104503692387108,154.29247485396917,0
デ,142.59993393094402,181.08357392188697,118.1996156600246,10.617049162975869,141.19090087117561,2
ス,124.41078054598837,136.9738289598655,90.04318792598497,15.020949021480828,128.5705345671568,1
