Mora,Mean,Max,Min,Std,Median,Accent
ズ,202.09428871401207,207.53077953377107,198.49068481078118,3.016323041267128,201.88459480183482,0
ツ,215.13462532178437,266.20562182585064,140.15128982236783,40.13385980398721,235.54216938040238,2
ウ,281.1958395554147,288.4680407568514,268.7693360798046,6.041656719800648,283.2009857666891,0
ガ,290.38332421143417,298.48072472745946,273.48657640899415,7.784667936936485,292.61861198080237,0
シ,277.86626899287,293.906096223491,250.92169025427202,15.493978691746678,282.74336140652713,0
タ,307.9648239516176,315.08589127923653,294.13096600603177,7.09887777956965,310.1355587368822,2
ノ,261.6907493343064,300.6956839869348,211.4125575132998,26.666562311396188,269.1265958885342,1
デ,169.89377169884227,208.59850078854853,135.8137544981844,18.108716053329545,168.8746370178113,0
、,0.0,0,0,0.0,0.0,0
ア,166.04994302784,169.21955985115932,163.43122607736095,1.9663701818921915,166.13040976558256,0
ス,153.4714324052297,161.28982447485527,146.09084693423404,6.595582156721792,153.2525291059148,2
ピ,256.7869661283348,269.50015824310333,254.3142269142039,4.015131681123137,255.39186374788545,0
リ,245.13485736403004,254.35413078366022,227.56058197765685,7.01691413374068,247.08952791623446,0
ン,245.2765147655861,245.51634766075608,244.79337797818295,0.2526748954778711,245.39981077302036,0
ヲ,236.5755680375183,245.22192313719876,222.02412208411465,8.075261794323502,238.74696702602324,0
ニ,222.40853314739766,254.77086341452582,210.0092982087,11.986254186868914,217.12421700428757,0
ジョ,277.21523570087925,335.66032868982495,232.7006182028865,30.42781280009658,267.4642155053655,1
オ,242.82306386939166,268.4569818447279,221.1479725238696,15.180983388484924,241.73484368103624,0
ノ,181.52830054124814,216.82545626289274,163.64745050826716,16.633283952164113,178.37664224124538,0
ン,163.1108711487066,166.27082924080796,159.46282036267402,1.986694236215713,163.13575275428644,0
ダ,149.66049260876594,170.64276531854676,138.99471736922476,8.005592740912885,149.43069309587867,1
