Mora,Mean,Max,Min,Std,Median,Accent
ゴ,263.8041643526466,302.5107858409923,223.21938809703033,22.140190979104332,259.904590715086,0
オ,309.7116364523188,323.1044562379471,276.3459491376493,13.758666800558384,314.6579302977693,1
ウ,259.5382257816106,270.57516711095735,249.7801652247302,7.512902616228927,259.1478136941173,0
ノ,206.3793084810537,244.49954966564576,179.42374755354012,19.23288539648607,206.12907036689256,0
タ,176.90648023927164,211.53250095386576,152.55708753796767,13.810028326129075,177.10475071422866,0
メ,172.70102089468756,177.82624353075423,164.16812933399697,4.030966350543372,174.0765124138647,2
ニ,149.9174643610354,163.60471808793613,125.26041138911003,10.937298138804493,153.5586799814894,1
、,0.0,0,0,0.0,0.0,0
ヤ,145.1169987687208,154.3929448240514,127.27104637426918,9.395196509706128,148.75635766660736,0
サ,187.02323095104967,206.87561913616014,154.26621565198187,18.275148848930172,194.50158462416078,2
イ,211.23214386422785,215.46131066874494,207.47368443389425,2.6412702826314907,211.02724442498652,0
ノ,221.35079656183788,235.44252136459022,205.49971206640495,4.923673028085844,222.74594866057197,0
ネ,210.19999068218496,216.47087341880655,202.97219704473824,3.8140101461675244,210.28487820749478,0
ダ,199.0622063264102,248.4420178031226,171.35347277448423,16.76854010008856,201.5921057831386,2
ン,198.69451660031882,200.81686797776973,195.7574755534575,1.6113425896219553,198.99859207136294,0
ガ,200.36118582822442,206.32105214542756,197.7148937134539,2.141819064102118,200.89681877112068,0
キュ,188.90576906019774,204.70267789940328,171.84717700981312,9.397455319420576,186.31373840992154,0
ウ,186.42871893359788,190.42063044189882,183.52225069108172,2.3264255456759155,186.1159513641722,0
ゲ,218.49931715369613,234.48728779876677,193.45931791156232,10.959249551386273,215.76041682519588,2
キ,218.87264390882254,260.30203231508966,192.80557425057268,16.59213644979229,218.1804367006637,0
ニ,211.08366221637033,214.14943196840002,209.45088388090787,1.389320905446509,210.80730248239985,0
ア,203.40196620371916,209.7665413116345,197.86711337216516,3.465080712547907,203.41872008021897,0
ガ,195.49984689007442,197.91111766958568,192.13201205395032,1.4450078562417785,195.52327236510575,0
ッ,196.17274435969637,197.06996638324674,195.27552233614597,0.897222023550384,196.17274435969637,0
タ,176.38547283853396,185.32482451636395,168.04439536633728,5.120175871580848,176.41901000825257,0
