Mora,Mean,Max,Min,Std,Median,Accent
オ,189.1487414079715,192.14538518708096,186.15209762886207,2.996643779109448,189.1487414079715,0
セ,223.25386613752914,257.0014645939213,171.07238543449094,38.542391595581535,253.75784478548817,2
エ,257.9552048653753,259.8435736197956,255.75348535966995,1.4328944271185937,258.6206507966956,0
ボ,233.3273151473176,260.1701185454772,214.5817354046149,14.782916289220214,232.10208106876584,0
ワ,223.25513958905785,238.89570888508143,158.92763515108183,15.065287653119299,227.010666684079,0
、,0.0,0,0,0.0,0.0,0
ニ,170.75483728414045,175.73336056436628,158.3227745554002,5.310529755792631,173.26168476537748,0
ッ,161.56969566116504,175.0364675432532,137.5383396921417,11.376518890066322,160.13764779040744,2
ポ,337.29979036237575,343.2029384994362,330.3742651030963,4.70553165454463,337.76827512510056,0
ン,283.98803540940236,340.49203633680054,229.4223514815415,36.64172273278073,276.5851747937895,1
ド,224.8080834238215,255.54828577783547,183.12653044115206,21.963527197620564,227.0330687313184,0
ク,256.55464144648306,298.65740845641255,215.93613729646745,35.301678071432065,242.42329841259146,1
ジ,232.21655926124203,301.13362383535457,196.08281163892286,35.76607277236614,210.21022270885902,0
ノ,175.4356005121797,200.28323068076247,148.70684352795817,15.701620252085807,176.35065169204168,0
シュ,164.06409647910485,192.6778126980606,137.06114232295522,18.847795743826225,164.77806193748737,0
ウ,219.50614904510223,241.1103830346352,196.71048599173022,15.489435170547498,220.19088723945612,0
カ,247.2916792507063,285.6170264874198,211.1702573478589,14.126951598070917,248.3332925514549,2
ン,248.40785395392277,255.61061285189155,231.69569241023208,6.387018732071865,249.34354280462486,0
ノ,248.68410391233363,255.20001766621849,240.99353601279546,5.185790036173954,249.9659717090207,0
ヒ,227.76379963992662,245.3582543502357,204.02852359997706,13.864666864249296,225.51682251118683,0
ト,292.48778071249615,292.48778071249615,292.48778071249615,0.0,292.48778071249615,0
ツ,253.5408742818697,280.8663834093557,239.72994042210644,13.066643364647804,251.01997127799598,2
デ,203.9935905769923,241.8433509195258,187.14746073799338,17.47415912592531,196.44617382031427,1
ア,170.64851742458637,191.34836542116517,163.71757265605586,7.875535424217124,166.73651787696,0
ル,151.81276727270537,166.42948627871897,137.4147588576232,10.041849434097276,152.43964150800105,0
