Mora,Mean,Max,Min,Std,Median,Accent
ト,216.92594344840504,232.49306217835007,209.61760080480326,7.33596298705829,215.03141199374417,0
キ,191.50578384118768,230.59079184424223,158.76138695053697,19.90916629418159,186.1175355168523,2
ド,200.27982219184523,221.40235635239563,182.43545141048688,10.76304197078594,199.6809372456923,0
キ,188.87022014296977,228.9960246525601,151.0774209899674,15.496182999730648,191.2823151955688,0
、,0.0,0,0,0.0,0.0,0
カ,244.48734364620623,262.5539115477569,200.60196729318668,20.385082825981208,250.81273151528117,0
ノ,295.0899529372258,308.4095950686837,267.47916700685664,13.083968431645227,300.6911115502232,1
ジョ,238.34870295725446,293.3948976958245,203.6203109825791,26.63845469581245,227.53844275418018,0
ワ,152.80995841413292,199.44482275429803,128.92480608914497,20.64467979677533,143.55388262257839,0
フ,131.62786505175907,137.76625821951905,128.35077011012694,4.3438174254648105,128.7665668256313,0
チュ,299.3055724346787,309.2129575219868,291.3843980327068,5.730387765228995,297.30944234875136,0
ウ,317.9099304851581,322.06622979202643,309.1314596770737,3.668694750709068,318.79255557518604,2
イ,284.80783763525835,307.62853912380757,253.9073677738708,17.36488725739625,288.06858887834005,0
ニ,213.15788356016944,248.27215704810388,185.55534081829984,18.79191575107669,210.32413723730616,1
モ,155.3246630938448,180.58451190925578,138.26312373506397,11.246864852426292,156.33808676539854,0
、,0.0,0,0,0.0,0.0,0
ミ,148.12108458131547,168.5460323692248,128.4946531357657,9.627452195125018,147.99789268050614,0
チ,169.29587655723267,207.43875764253252,116.93029920744236,36.14030874172254,195.46525767343388,0
ニ,221.67706470400162,237.0086017879296,203.9575858254666,10.033833237673637,222.65365703198714,0
マ,233.57952617961107,240.83560846656624,226.49488286584804,3.7653139592058795,232.7764993237077,2
ヨ,236.9610551433416,240.01944083193277,229.51880964095943,3.5690058438444345,238.91176999331503,0
イ,239.57684067339295,241.15238741560586,238.37946830280947,1.0943734225386583,239.46350309375816,0
マ,242.13487181877267,254.28369242335498,229.1923058728473,6.148120688324358,240.83809340740993,2
シ,234.21147467956382,247.6725023466263,210.1587706044839,12.446331544028046,239.50982836634452,0
タ,147.96104674304388,174.23026690430504,126.53436369783348,14.539406832307646,144.5699566667093,0
