Mora,Mean,Max,Min,Std,Median,Accent
ク,267.75681393405074,274.745835358141,250.02215319221742,4.844907070224693,268.41337883395687,0
ウ,281.88191482499747,286.8542047036464,275.7251524624813,3.698046739903218,281.4684862148011,2
コ,273.24186482103676,299.628135574191,207.53869885407406,26.43655516087814,289.83427431618657,0
オ,290.2712274473614,292.6367260584028,287.1505472215496,2.326202408854039,290.4964373484783,0
マ,273.48611461598824,288.0762433925917,263.9987342544681,6.519372616729306,271.66807739189665,0
デ,190.70966015069612,265.44061399242344,141.1219258432886,34.73261770524169,186.2637021716747,1
、,0.0,0,0,0.0,0.0,0
ド,159.47295901107432,162.18098702439934,158.05153374584643,1.4240305767443364,158.93566281524122,0
ノ,200.7010063719558,240.24026924361164,163.8170917961337,23.184298827906023,204.15385255196543,2
ク,247.7295271672045,285.3279354687931,210.45889692811454,32.29592021565139,245.56938791853327,0
ラ,266.20723200996156,284.3573630421375,255.01732119785953,9.419257450268747,261.76117794526954,0
イ,263.624068318742,268.7034686704285,255.97534730233218,3.655854177142317,263.708689531506,0
カ,247.46091304660175,267.54892070736736,200.29454876740243,20.279045149808706,257.901238221827,0
カ,248.57939501043154,287.83344436304856,148.23767253699685,42.534422838345094,276.0671426036328,2
ル,287.7682633242851,305.86487309767455,245.62428877522737,15.242034503561468,289.6353608258364,1
ト,204.29376795013866,223.7050585248375,189.5454065431432,10.382162650017234,203.1428077351,0
オ,178.6871066577679,187.08442600114373,173.19849634560288,4.649789148395569,176.98528895155576,0
モ,171.67470923516385,180.58691178585633,166.32404022822595,2.201111132816683,171.63114380697306,2
イ,173.3141490191057,175.15083003575583,171.74804994248137,1.078021947578033,173.17532226829138,0
マ,182.61965250354083,202.07959251608926,170.00524021217,5.712184531516586,183.1717455484414,0
ス,188.66342342961607,192.25880597202732,180.67886157674477,3.968861945333619,189.91890123690803,1
カ,178.68846958898885,262.78990107963693,148.18263826133733,33.244466623568286,160.9293642483127,2
