Mora,Mean,Max,Min,Std,Median,Accent
シ,340.6996206259566,364.020707398166,315.0556054597884,14.200437543344346,341.90998757357517,0
ン,371.3424446570047,375.0890770421466,366.62584199949384,2.744589088662737,371.6555878332555,1
シュ,350.7059639700288,371.044386918753,311.9127042437453,20.256718139358572,360.29018171586637,0
ツ,225.75628047529787,238.75736478609446,217.12597919162022,8.138659436663515,222.7888290973542,0
キ,204.9216644678993,228.0736902273303,181.63625144652283,14.807158868120304,210.16411824857454,0
ボ,187.90256290663254,210.89764619770568,156.0665072686749,12.674972984749774,191.9352706955231,0
ツ,183.55586359848542,205.75232894295496,146.10547990690304,15.051504726912993,187.1935820425021,2
デ,179.95455465024162,200.4414158826745,132.63746819492445,13.492301469541825,180.49901192510043,0
、,0.0,0,0,0.0,0.0,0
ド,226.14483023679412,260.3306180889146,201.85829067957076,21.162019637276437,219.9277886829969,0
コ,308.13818316825495,344.0846678842398,227.95294312292282,39.03001710604149,331.7643035909344,0
カ,238.5286307117969,261.6568486362838,215.66079649500327,14.320349251006572,238.78127065989423,1
ラ,193.99358102283466,212.29976501747115,161.73340560518787,10.441816880975626,194.355365900111,0
ト,188.30084394627272,196.45618657337025,181.12323133504233,5.166325103915537,188.30231611336114,0
モ,177.21367514937515,181.5330158273564,174.04725780474442,1.7601565264173262,177.04194289142987,0
ナ,171.53246897915193,179.74499922064993,160.63372537061414,6.415126030584795,174.12103935090835,1
ク,150.49285855993185,166.04300950036722,116.34290141587356,16.744707473776405,157.2777461269523,0
ア,152.43399947002376,165.27838971232939,148.18811619503947,3.49131122016328,151.85978195136119,0
ラ,166.7890415261287,184.7547365614212,140.6607769248992,10.881323670817059,167.71821859218204,0
ワ,200.13593698659392,204.30761944174031,186.7045841162233,4.847574238469055,202.40563109575413,2
レ,210.50605616825774,216.61028050409857,204.04781711224416,3.8669126562700806,210.61100159995206,0
ル,164.07829735800772,201.81325837097194,141.8124167478167,13.866003139552056,163.2936784797159,0
