Mora,Mean,Max,Min,Std,Median,Accent
ミ,191.93947960461793,200.9742774148299,181.8116282160723,3.9358806105356443,191.99165397590144,0
ユ,221.00920691198183,242.8407784954743,195.40609024404162,16.70416077925498,223.09092748687573,2
キ,225.66583571189582,277.39673126155253,209.15159323322692,19.597004904604574,217.44577341681017,0
ワ,225.41631261691626,237.24337557890004,210.10025318153149,7.606831871437833,226.9297916303594,0
、,0.0,0,0,0.0,0.0,0
パ,300.22527320667876,322.29198017035844,274.46773651887736,15.033120760761896,303.14962866086984,0
ア,332.5838577229857,338.5615953970147,323.1183994166569,4.488628110338846,333.7515108523227,1
テ,262.89503619990364,263.7935668264876,261.9965055733197,0.8985306265839483,262.89503619990364,0
ィ,242.74637983383204,250.21052906083773,233.87175612349952,5.511649042297231,243.1876972998077,0
ィ,229.9124861722713,232.06410332342736,226.0745988039331,2.0861017722675737,230.29265453843414,0
ノ,193.97941501898904,221.47734188992666,172.10939268009304,12.525864051950458,192.51315792040117,0
タ,168.17728069253153,196.33828101243856,115.18077932099034,25.240591189434717,178.23723913132832,0
メ,169.5705978912065,177.05235124300054,160.57299270542376,4.817461198974053,170.7392811959723,2
ニ,153.20490623186578,162.92170737067116,138.32814454693295,7.114198607783406,153.58409637667552,1
テ,163.78827386085055,187.98831474637106,123.88344007010794,24.247514396017287,171.6406703134616,0
エ,184.09976091221267,211.5932701455493,167.06436929478048,15.060534546540383,180.21873238514596,2
ブ,218.59611794466588,239.04478303329302,201.43679367452108,13.227077655290175,213.27587866300485,0
ル,233.98754005510182,238.98215315188648,212.0103889716523,6.799554358361041,236.92532841966818,0
ヲ,231.48254002201432,235.647544588235,207.8234695370061,8.616799625640473,234.86053915069692,0
ト,223.0657285328792,236.3597649436544,209.74790485486307,10.207686361612046,223.72877723016373,0
ト,219.55990902297953,242.41016240798555,186.37232938853896,14.54951944195576,225.0621247544582,2
ノ,228.84776096288962,235.016752910822,216.33608372012955,5.785099820075778,231.0036994382582,0
エ,224.9810843381017,232.36216712628791,210.69003174748002,5.798145017050417,226.59085662574688,1
タ,158.18190249004226,196.74540507886525,137.94622387012117,18.046670756276626,153.32957194414917,0
