Mora,Mean,Max,Min,Std,Median,Accent
カ,283.44441730386984,289.5613188755464,275.4073581600301,4.712047019448956,284.8740902561565,0
レ,264.06053872512933,273.51557414992374,250.82086493841229,7.3497046410204945,265.6705665052093,1
ワ,195.7557242425878,246.9414884543413,152.32961370190625,25.477734375398107,190.0203531256101,0
、,0.0,0,0,0.0,0.0,0
ソ,222.64564244734527,232.79087527326377,212.09961206052222,6.432248901817143,223.3057727323952,0
ノ,236.4972201441361,270.36495537743536,205.29077737878066,19.700403073418205,231.96786691672747,2
ハ,268.6077773920873,314.43378768335566,231.12820313248724,22.508556027035418,268.95507841684196,0
ナ,315.6835816635469,327.00904342557806,305.5976124557885,6.556481243976683,314.98429083052326,2
シ,303.87849796356426,348.7967472548463,256.4964677662628,26.688172522251637,307.4034918584651,0
ヲ,293.8302233876911,340.4591108313296,256.42336216654616,23.42488044750624,293.89573933590987,1
キ,206.5392027113052,251.54259506962222,177.17494509996268,21.137397714256462,198.49984166337208,0
イ,188.073862628472,196.74813465522806,156.65681356815452,9.480501556008191,191.37354418346177,2
テ,164.61269229139387,193.34645568877366,142.8182285142842,14.077392281027794,166.80982412255307,0
ギョ,150.3427939558706,162.86223732182594,131.08830503274888,8.813788017714499,154.99037519358902,0
オ,178.45431729874687,206.92290624464238,158.65640810367526,14.808570760939368,174.87184793076167,0
テ,234.17893917096913,247.4019486578721,208.97117980144915,9.914382101352075,234.4508107101356,2
ン,231.82169046964677,235.03070910636671,230.54831940360657,1.4078160157332698,231.23506076059346,0
シ,213.21832648118345,234.40016411021415,177.89351650218745,21.359914551316685,220.69849935929656,0
タ,215.99571304921855,233.47428763615503,199.9350157617347,8.367570225515705,215.21587021864093,0
