Mora,Mean,Max,Min,Std,Median,Accent
キョ,265.00370338661185,270.09785247267723,257.28987499799507,3.2017536309633314,265.8768261269108,0
オ,279.36786360377323,284.8422194735218,271.4000690202264,4.7015998240591514,280.12791078694,0
キュ,241.10901529409318,259.15410467002806,162.03905300027174,20.4137716940011,248.47049416033448,2
ウ,239.76619023956474,242.0903647209539,238.08463437801777,1.2224114437071032,239.59748173788103,0
ガ,232.0178329418429,241.73701284585883,216.19655591453855,5.407913658265757,233.4932919608832,0
、,0.0,0,0,0.0,0.0,0
マ,181.84791447995434,201.35479011399823,174.59349315768034,8.105280067165264,178.49258828595816,0
モ,224.22071722999812,299.20331239094236,179.74541347357587,38.618048505176866,211.9641296989804,0
ナ,300.0096880645184,318.1720837111358,260.81147404588575,15.423990049683846,304.8871710449531,0
ク,202.16527990378063,252.60512527651548,180.8890004158806,25.674316616766195,189.53013425720957,2
ジュ,155.7702743001351,178.71634864527255,132.21565583215596,13.630599085640805,158.4521934860445,1
ヨ,168.4623761639791,186.78800839207904,157.5329158615403,8.76199937712174,167.15716016620888,0
オ,210.69095359848856,232.69264906658572,189.86308312737034,13.45437390986541,210.5223845046412,0
ニ,238.890144031381,241.82691561615982,233.3275917118291,2.4262306632852613,240.1698075635633,0
オ,222.07097523219483,238.35969713964155,212.17766781837233,8.998809381102404,219.10117870814418,2
イ,234.48014801504962,247.27795433704682,202.65563798550284,12.195429038773488,237.65933248932407,0
ツ,218.81890618703792,218.81890618703792,218.81890618703792,0.0,218.81890618703792,0
ク,318.35475522280404,318.35475522280404,318.35475522280404,0.0,318.35475522280404,0
デ,230.40304286130788,296.07125415926265,192.98706176711786,30.589880454871768,219.97790840529865,2
ショ,169.22197964664576,191.23097653583133,150.87696404846866,11.719976528252188,167.5524194896679,0
オ,148.77030946943074,155.95209076440813,144.55548427457316,3.516962583255718,148.22203139954735,0
