Mora,Mean,Max,Min,Std,Median,Accent
ト,340.14009290205894,351.3991755709871,311.51556828573274,11.444915780704436,344.9799670701634,0
ヲ,252.78285036419453,320.71003294107123,171.84704646742358,43.999030721322605,256.89800260103834,1
ア,202.97041030492898,208.45287986041362,197.48794074944436,5.482469555484627,202.97041030492898,0
ケ,211.50688743195934,224.4825770164544,168.34263776075946,21.61720436349175,221.89698106843872,2
ヨ,222.77693837765236,224.71460799614107,220.4970625937412,1.176291867324528,222.77823827340262,0
オ,224.53341903504966,226.3042160601078,223.6119085374367,0.7236946025266722,224.38753052496816,0
ト,244.63821965537693,276.6778683996583,212.52926300247745,21.929447091171987,236.5633649358423,0
シ,222.9286005386893,233.85765210252603,187.5644191055972,14.504516198839845,227.94930104474045,0
タ,217.83314719260488,236.9206032362554,203.56186102730928,11.387909350639218,215.52858515366088,0
ガ,167.24823702640884,201.33900688754355,136.8788163344393,18.903749302083142,167.0393956592152,1
、,0.0,0,0,0.0,0.0,0
カ,191.25401545219776,196.07008040452433,185.253462218836,4.494594279774541,192.43850373323286,0
ギ,232.5998443972775,296.959427742451,181.7910789340513,40.468473218812605,226.45821833584,2
ガ,267.8925997007321,297.8720468461144,225.43572661919856,25.33357479511516,270.90727203112135,1
カ,187.02839599016798,219.7102386213902,158.1240715821291,17.71688246958697,180.7611731999607,0
カ,179.99143992596356,204.43190884226354,153.62165160900997,14.694366286926618,188.1748989719565,2
ッ,187.1574789987599,187.1574789987599,187.1574789987599,0.0,187.1574789987599,1
テ,171.37320558096604,197.9822586158301,161.202795025546,11.381970832164003,169.01916099103522,0
ダ,142.10358474245578,167.80588546750386,97.55350672669941,11.890794500208324,141.7765210117473,0
メ,169.56601572961887,206.43632385768137,139.72637834932792,21.660043307962805,167.3624365237141,2
ダ,220.87203870602875,251.6896447760496,198.17382597801927,14.790188799472016,221.73415943287316,1
ッ,206.38774921879147,206.38774921879147,206.38774921879147,0.0,206.38774921879147,0
タ,153.29232618990616,181.59464538231632,147.02239090459273,9.033610720511955,149.9013133494192,0
