Mora,Mean,Max,Min,Std,Median,Accent
コ,320.3005593953256,343.83588647173764,276.0536200807226,17.430027275685536,321.281538488305,0
イ,338.93397007504433,353.3066888660004,309.649043285964,13.465933098899747,345.3542324735218,1
ヤ,253.18790267038077,304.8139996565715,197.46965108594821,32.51933156302568,260.5444827741228,0
マ,174.8520379575602,194.8121262950756,162.6553614213032,10.227511278511349,170.59383051786028,0
ス,194.89980327741674,243.8445328467868,170.92250098354762,24.608459454412,182.57411035165694,2
ノ,225.4026591745556,236.14973706385567,221.24911058569543,3.8568319425752073,224.95663750391793,0
ヨ,236.6474665931077,246.22866931786342,222.10628285136795,9.129309639007737,240.79368268347747,0
オ,231.80701589434588,238.94469833673145,224.34145984380433,4.3336720589149325,232.04327456449676,1
ナ,195.66034704870248,223.25276217653814,167.85735042057095,18.362671847767615,199.4816536900966,0
サ,169.9460039223076,173.17885122773185,164.86616724976133,2.2975558275099077,170.39531342745477,0
カ,169.50201485965704,178.1910208989517,163.19297478873145,4.696332014510025,169.07761801121208,2
ナ,162.9921355793876,170.6909749877259,154.36449379238783,3.4063500548633985,163.69079496113818,0
ワ,158.6902015124831,162.907865990669,145.54074107147167,3.78243443136479,159.23455478525872,0
、,0.0,0,0,0.0,0.0,0
タ,191.23299413435325,201.6346075725895,185.04911695754265,5.502162380096623,189.5973460627254,0
ン,213.57970225376263,238.08114357230852,195.78427534521606,12.99247405016751,210.85464895033192,2
ス,237.59242417191243,259.9354178118241,174.1452927149172,23.589429584299218,248.83810668815775,0
イ,245.14092177098024,247.56275583477336,240.89985796036007,1.9046261900135129,245.4104238706927,0
ニ,244.47623646103253,251.23169554151085,239.1124252431443,3.972285891620773,243.609214874466,0
ス,243.90733882112102,259.4238747161206,209.76186883253175,15.587856901683004,249.9386236637295,0
ン,244.92836183433647,248.0323348166231,236.3514809919441,3.1008181681507967,246.02502608409105,1
デ,205.41520367390612,233.0444868091476,176.78715580589696,16.902723102773656,210.10504513691922,0
イ,160.09736403644538,174.78532830302592,148.79074049192982,7.52899061867671,157.73063513705404,0
ル,157.04593491837664,186.78027510733125,145.65090927786832,10.746500787383802,152.400245252765,0
