Mora,Mean,Max,Min,Std,Median,Accent
シェ,280.2447283994546,291.16077934236694,266.0600347326653,9.702878907445989,281.87904976139305,0
ェ,286.9920114688166,313.57628594047446,264.22388673523295,13.461780230735744,285.0934993946971,0
ク,330.04893089373877,366.50171296918023,263.26964225597277,45.064151426691794,361.0520333841826,2
ス,328.4624169113808,349.5296735186087,290.00699653147444,20.80957480518636,336.5230179026304,0
ピ,314.9672937137703,331.1253626682666,307.7938395562254,6.276258003006255,314.65520575069763,0
ア,289.0276772259811,307.75711821684416,265.78587715357463,13.988063161523987,285.951463548586,0
ノ,223.23879859311535,260.34219963300046,197.18410144132875,19.405963534066153,222.2309583758024,1
サ,195.08206598815806,197.43751770992912,188.2607045048714,3.219134919780996,196.75569209264398,0
ク,0,0,0,0,0,0
ヒ,188.84619494072226,206.5583844024386,180.00241222296995,8.359199837043942,185.10640073202416,2
ン,178.33650585748924,179.86177895734767,177.09489541247592,0.9254661973875088,178.1543715867952,0
ワ,169.5267950791737,176.49340117379805,148.9853671463773,5.660192482606401,170.75975414869055,0
、,0.0,0,0,0.0,0.0,0
ト,191.08619790655794,204.6051078219247,166.60527041636678,9.37007599775524,192.01153726967158,0
テ,194.21264237232668,251.98093546805637,166.4982126040804,31.569144849405127,176.44050840339997,0
モ,241.5702176427117,252.33705800886236,229.007621176769,8.138312111002875,244.48111684197391,2
ム,244.78573311590367,251.689544711979,236.14657808605142,3.862526805365368,245.21695236367532,0
ズ,239.24325344856325,266.64223778114774,217.84820066059697,15.915300025718617,238.17664392235275,0
カ,247.30886795713587,271.114261079428,218.6946324377013,18.67965473445753,253.81896646738718,2
シ,268.6053889966137,293.7612752237853,238.68319732769095,18.283576405371175,269.4765908352106,0
ク,0,0,0,0,0,0
テ,185.8206427578241,207.60720254671568,171.4057335675088,13.253426935142892,181.63195611991682,1
ヨ,155.16033380394708,167.88245080135025,150.24676359121014,4.729819627224826,152.77502633469337,0
メ,165.6522599198971,189.9087945933536,145.26575283146101,14.664659335383236,167.39502193831729,0
ナ,176.71430912436878,208.11427432938893,144.34276420256433,23.056868910462168,177.2075910852373,2
イ,146.106876290707,161.9685753418546,136.5693967657667,8.908991983102156,142.79877352846626,1
