Mora,Mean,Max,Min,Std,Median,Accent
サ,237.3101979415134,279.88707537424835,184.24488250833775,23.805031570471517,239.43884831537423,0
イ,302.6510875869169,311.77633817525117,287.5488444695545,8.194858536271632,304.4358911973243,2
シュ,295.84196230715963,328.436708436348,264.5283373793954,19.42240000615169,299.9266529150933,0
ウ,310.0670676654624,312.00936090110173,306.9715427432328,1.2033612969116017,309.9541288427286,0
レ,298.703950123704,309.14779442900993,265.6563547073154,13.346974881858065,305.7424953840213,0
ッ,279.616764952138,292.18560496170744,257.9491530895357,11.725845964859836,282.99612531322066,0
シャ,193.37682124038406,258.8268643809727,158.4685148466633,28.15777035354396,187.93582524616156,1
ワ,148.0858493731704,156.3859081018438,134.24835877980067,6.101649730116253,149.8437407447238,0
、,0.0,0,0,0.0,0.0,0
ス,255.26178335353734,267.16214184596623,246.4793178491892,7.4840416907029335,253.70283685949698,0
デ,292.50959461692946,324.2101128213298,253.24188435258253,25.96538740378052,302.7068827536648,0
ニ,212.69053447361415,284.87525548417915,176.59900337909482,32.08006637749128,204.59187627794847,0
シュ,168.44047933858297,197.32157998278203,142.65463047353765,14.631036083420472,172.75753534622547,1
ッ,148.21753024092914,161.49803338160376,141.3472840483173,7.369107214360605,144.79690756509385,0
パ,217.00338934293313,231.90262619632676,207.86888146433154,8.076239455588729,215.34564127533784,0
ツ,237.32541745813947,265.988485614966,189.8078481364681,25.330384396758838,243.33835660694115,0
シ,236.79065757800896,255.70073153294334,216.98588991822365,14.951562756600023,239.27730721916475,2
テ,263.57128683779587,269.214772702661,258.5427060512219,4.378495391849479,262.9563817595048,0
シ,240.7531699711184,260.9335809981384,205.35554366134647,18.125352455605384,248.24887598312702,0
マ,248.6567796310769,252.46275870252376,244.4622371699247,1.9720646507069222,248.32905837666888,0
ッ,244.24706252306126,244.24706252306126,244.24706252306126,0.0,244.24706252306126,0
タ,228.5474964422159,246.99521141539083,213.3098385094057,9.7617541578669,230.13535018546366,0
