Mora,Mean,Max,Min,Std,Median,Accent
オ,191.16472876837094,214.39664876639378,176.86845455631644,11.675323900530277,185.89216718688908,0
コ,195.6862244189574,261.51264168720667,154.33473180024416,41.03948265830217,177.41177972465758,2
サ,280.77584006540724,298.6857180130366,254.79211566421336,15.181417268524338,285.9806334522643,0
ン,277.88976960721254,282.95696030175066,268.1452716991376,4.667060961689101,280.08455722706543,0
ニ,268.0875140151975,272.73765346663464,265.8529153348619,1.6284096652961135,267.77071690180094,0
ス,245.6315907375703,261.8858849765391,229.3294932449696,12.63035892682936,243.21346436011217,0
コ,262.17437359066946,285.4236806143839,227.98948270877295,24.68956619039334,273.10995744885156,2
シ,185.342824387584,278.56345808509803,85.52519963397843,59.128074131203945,162.14325913681256,1
、,0.0,0,0,0.0,0.0,0
ハ,179.84932981496397,192.48810319777215,159.67115356766962,8.236903312607067,180.24903611920263,0
ッ,172.2324906713433,172.2324906713433,172.2324906713433,0.0,172.2324906713433,2
パ,253.2294348180183,257.2333848902837,250.83744604779693,2.459665549188658,252.4234541669963,0
ヲ,281.85561569291104,294.5752030890683,260.77959777380363,10.720509447948631,284.0399371160272,0
カ,345.073125126798,345.073125126798,345.073125126798,0.0,345.073125126798,0
ケ,0,0,0,0,0,1
タ,274.59414941094167,289.9046760814009,261.06066031184685,10.704984872155206,273.70563062525946,0
ホ,205.88057323559488,252.47267040397207,183.56463553397913,21.3462922110739,198.12791986862095,0
オ,182.32028681350766,193.55186555393175,175.37169371790816,5.422924057474799,181.14944524021638,1
ガ,155.85480637887596,173.70160295509828,139.74675765861997,10.715431540254928,157.7344349275503,0
イ,156.30749045652814,182.65830265674163,141.53041108502424,12.819459781125595,153.4282761643305,0
イ,216.20563173173724,239.68972851487302,189.8790234710591,16.098543156651893,216.16739577633632,1
デ,223.69221190617156,255.75012681157256,184.8453689924417,17.90892719478314,225.06104016260247,0
ス,184.23158089953498,207.9277677909024,162.1336806540673,15.60802819178823,185.0122648523609,0
ヨ,157.17940684424175,197.56866105417942,141.72007960859116,16.646104246005752,148.98461928008254,2
