Mora,Mean,Max,Min,Std,Median,Accent
キョ,317.7323144243169,335.9209661236923,292.1082463442724,15.418547602725138,321.856730204615,0
ネ,355.82011340159346,379.9107433148997,330.23193964290624,15.937697928911989,354.37100748135015,0
ン,336.5938279900912,352.99635958769113,301.75507196449496,16.537019697476488,343.06719937794685,1
ノ,287.64001350976963,322.87979712379604,244.13298565879026,23.552898807346807,287.2567767074383,0
ジ,197.6682004019963,239.75099032927176,170.0508252190226,20.15249187645427,191.85585270284355,0
シ,182.85885402232557,227.7163934523705,121.23377828525989,28.60800822813558,192.43379586978782,0
ン,201.27409488950406,203.3873280044589,197.13692231709354,1.5595269066308861,201.62263128674243,2
デ,189.52358182124627,208.21760347724046,172.7034499056835,12.716655447140003,189.2720902571775,0
オ,184.21653153875914,207.2211183248995,176.63091235155383,9.239354487511582,178.4206191590702,0
ヤ,187.20211250010485,202.14136635089667,178.12979373647255,7.631661050396396,185.97226483078512,0
シ,206.4104877559865,238.45771654680476,136.08369220447926,22.668174797220047,213.41195847897862,2
ロ,212.17988627376448,237.45378994057168,200.05792426771032,9.349950243737192,210.00603111999368,0
ガ,196.34644449327317,202.84777547997606,180.1434491222411,4.674340922566791,197.23944342513386,0
、,0.0,0,0,0.0,0.0,0
オ,202.95403642163,227.84368001175267,173.0514320108672,19.756426335967063,205.46051683195012,0
オ,289.1495927049939,328.0877022740054,228.47819365636644,33.08868516796079,297.2815356751936,0
キ,262.7957716785234,287.0484499497644,236.0550880490275,13.892267205786421,267.4097690475341,1
ナ,230.68390305043056,260.620679822695,203.0393242939057,15.399267907101901,230.59077829828212,0
ヒ,199.76281934441977,229.59962338542442,162.97699345354872,22.109585769965626,196.76337098648378,0
ガ,221.4774376420128,230.03899397143016,207.31436334221507,7.015432297340765,224.07120984686088,0
イ,194.53251502612505,205.7174770918721,181.66547703556438,6.957363874027884,194.43225725456134,1
ヲ,165.8717148233498,178.81794888399443,156.98118402326298,6.447480005702488,164.37331044239977,0
ウ,166.4334320765848,189.7706624468622,154.6725309636642,11.098623263659277,161.93291822858538,0
ケ,198.48166822809262,216.67995814493486,178.7292575895132,11.824630957276561,200.15650412965442,0
タ,171.61354675436027,202.77784560488675,147.77813722781605,13.879530984960095,167.86677584782953,1
