Mora,Mean,Max,Min,Std,Median,Accent
ウ,195.40472760094374,202.9000603385163,165.09425368386388,9.440979014281163,198.06483442933188,0
ガ,255.53185847904638,297.4849917781018,203.86992806260824,28.882504512464767,254.2299082822936,2
イ,301.73683364425807,304.81181215961885,297.4508212718462,2.967911342161441,303.05690984376315,0
グ,309.9771605101292,326.2720051928053,301.925257553263,8.269949455157034,306.3684020010081,0
ス,311.33653246035954,329.56570888593524,284.1647773413725,14.16063651922308,308.44578694729114,1
リ,240.34326236401859,297.2104758810934,215.46888728881214,22.26061973256022,234.50158370167824,0
デ,176.60310143125653,212.14458061214617,160.35540039254428,11.33321644684746,173.9459340466467,0
タ,165.54440999940985,180.99352539942302,135.7648575018865,14.412255621274737,168.99796733380074,0
ビ,177.0635020871992,200.1019981475061,149.06229596147614,16.50958197835752,177.80605711159603,2
タ,223.40483302497418,248.26551654154176,183.7319499700249,20.356508108815014,232.6875783173749,0
ビ,212.4954134434961,230.1437608317666,194.5615914184496,11.576220366629041,212.7765318446329,0
ウ,192.6734031785541,196.38372553676123,182.73067619368283,3.82096588286169,193.88989893130423,0
ガ,201.34658091068664,219.69259072418942,178.79344927351605,10.958953776610235,200.6512828511727,2
イ,237.08988759088228,246.47909078557726,220.86084073226436,8.338814560169604,242.29098909014857,0
ヲ,250.2742309689531,251.87421903454984,247.6114096646485,1.1370638807207805,250.55520148656396,0
シ,234.2475869971448,251.469335826139,203.65125418395846,16.02158552897001,238.85608030333063,0
テ,230.27618276189068,259.28653313743706,200.83173502600513,18.568249038359472,236.36733933826883,2
ク,229.89640451607048,245.92827838730508,203.8989308031055,13.05755631361952,235.6335742891861,0
ダ,218.1248779813679,236.58725022532332,198.42827013102104,12.141136768090803,224.51118195661485,0
サ,222.97772759723347,254.39442783364711,195.7863293863887,13.858186272549737,225.79748998812326,0
イ,166.7454534262755,194.66013091512977,131.20453771231251,18.587475192090874,167.41924007642768,1
