Mora,Mean,Max,Min,Std,Median,Accent
カ,307.51083865574924,316.06090131810214,300.5564658120917,5.287726144959609,308.031166016732,0
サ,342.4014633064972,373.47130973455666,311.94087016040294,22.658400272917568,336.7405804464456,1
ヲ,310.20997083004244,356.581302431443,259.81508609033216,30.454728960573494,310.4983036753443,0
モ,205.49383749735654,253.30251401756044,185.7699144051652,19.887664803807578,197.24866718619438,0
ッ,179.52383694830817,186.86499721071874,171.4127024444058,5.134221273393524,180.24519023606302,2
テ,211.9570049897882,239.87472129705915,205.32681459982328,12.560679776661724,205.88615016943749,0
ク,195.27186239100342,218.8150729981121,177.06908490648343,13.339447482767284,193.7950903775856,0
ル,176.1297856958547,203.29852024069842,153.77210774092228,13.569823908165612,173.83860345520293,1
ヒ,152.85411841967064,166.24418317114504,105.1797683597746,16.113493716787886,158.24124473599775,0
ツ,192.64757994342082,209.7533520248458,185.21014248301435,9.991878117370003,187.81341263291154,2
ヨ,178.64248623095182,187.08609528975558,172.57046945460166,4.609084619164469,178.66130604061487,0
オ,173.14710046902647,173.8026070059807,171.62209022378912,0.7722778564566667,173.58825315664478,0
ワ,171.59915035217585,175.86896365439992,166.50394356506473,2.622178519252838,170.97878709446366,0
ナ,177.14168754846068,214.49324818525875,152.84052917982459,17.26794117564794,167.26137523181416,0
カ,231.42102073119136,290.8333008845834,148.16044315524994,50.02764486048881,239.75282000460544,1
ッ,268.1804698514817,268.1804698514817,268.1804698514817,0.0,268.1804698514817,0
タ,190.02572103322933,201.51113487197338,172.82594421083206,8.655883796513654,191.42723507809524,0
ノ,162.58634772405455,181.7922817096557,151.15190113428528,8.863916403336898,161.8438895910366,0
ニ,146.8163298113281,164.18800596833353,139.22822733951307,6.32286888781239,145.29264501487089,0
