Mora,Mean,Max,Min,Std,Median,Accent
シ,0,0,0,0,0,0
ツ,284.9643482581495,291.96990392018773,279.70111873578685,4.354862577191182,283.46155983841237,2
デ,281.41669778626255,320.0511933061305,252.9763248750993,24.880140290972523,275.9860436572948,1
ワ,249.6102371864518,323.95319583038884,175.0284248136795,58.00311976551237,246.0835583815359,0
コ,184.21781506512912,200.91941606122333,167.64327279415508,10.655167545042163,184.72556222075875,0
レ,171.91521750806967,180.41269310702685,167.5944800080629,3.8598066177093524,171.263840536008,2
ワ,166.85624565775638,182.9725937313742,144.6559710578872,5.13884687363517,167.3474003804867,0
、,0.0,0,0,0.0,0.0,0
ア,151.47139603266015,162.66376308468918,133.7358259949178,10.578736535584987,156.755126260611,0
レ,177.59852667193098,197.74744111037782,162.37570660586746,10.76427915220332,174.96076197929378,2
ヨ,225.5439930636824,241.85675608081553,195.70638111825573,15.16146193058048,230.04898826057862,0
リ,215.31691296481156,239.30657150247302,183.77592477108217,16.48333251023431,214.49235863632808,1
ハ,184.50162478366536,259.25270929380855,103.72226028095977,40.02869777597923,175.5821491956818,0
ル,303.2358445784341,346.46087499790826,244.06369276822585,36.66884366799253,288.1467534084734,1
カ,262.5309225378378,319.74361742302017,233.95743830381105,24.152929080544293,254.79584336650515,0
ニ,208.62583710732167,231.26220775613925,189.807121654368,11.186723809305484,208.81206575698968,0
マ,166.52511827061917,186.2798281804999,155.6089399096694,8.67163802872254,166.11509156617245,0
サ,192.14614316925338,219.63425628945282,157.8091951823779,25.859252320700417,213.4027301783184,2
ッ,215.7895181432827,215.7895181432827,215.7895181432827,0.0,215.7895181432827,1
テ,200.13497149057187,214.86833463622827,188.70620854487433,9.076813322279158,198.29423342466055,0
イ,170.13639479634105,185.77384189456313,160.12279471534566,7.4358756586335,168.0922529587019,0
ル,151.18321634212447,170.7043747979219,137.9484591512682,7.862973744686593,149.10063717618203,0
