Mora,Mean,Max,Min,Std,Median,Accent
ウ,200.5741294551592,203.60079984623792,198.4057527339846,1.6585896623011036,200.19821485770058,0
デ,258.3312538119002,354.71210735493855,204.88768503701533,58.31483184985254,218.90975938050912,2
ヲ,292.16775379750555,356.6457696003322,181.07718134796303,54.38910702787508,299.94961743498914,1
カ,196.43169236235627,209.41056190034257,180.53482538500018,7.440533681073814,196.3840997911082,0
ニ,237.86107706741333,274.4816627626639,199.62207850960874,23.921107827095817,239.03304224855427,2
サ,242.35594255389523,276.69454810751654,202.82059713031003,22.446709667658972,238.0733599485485,0
サ,236.58600403723358,268.39882432430625,197.9276759356876,24.013342794135664,233.06010621177327,2
レ,299.68720935923443,332.4643287299086,264.63056039831247,25.68362528445174,300.79259198377747,1
テ,282.3132925199203,321.80000079996927,253.19868632884828,18.662491238894848,280.76792129519725,0
イ,246.35104128894605,251.7708233633831,241.34301658892457,3.413481538171314,246.36225383838809,0
ル,217.77106910142072,237.82338984994473,204.73532188060855,9.376766059885023,215.9959807527443,0
ノ,192.46296519537694,207.53063727186262,180.50477201744437,7.580689955667202,192.3055249336715,0
ニ,166.3515650036369,178.56237679680777,158.91669526948743,5.930293653304435,165.66632594319964,0
キ,169.69065076751139,196.42212933744588,128.82717378359828,22.34353808014073,173.85938488704898,0
ズ,185.92880825680024,216.75573368543442,159.30131912272387,19.277680185469652,186.06639122434905,2
キ,229.2342763561379,271.02058923900955,196.7248834341807,30.472940400147085,208.71050633195688,0
マ,269.43165456107954,290.92945337541886,252.60155971394923,10.059070241784038,264.45018646913604,0
セ,296.882791805883,322.23400019793087,260.5792120972612,15.19704432250954,298.88243675946904,0
ン,287.1256826696315,298.3585593442307,271.7153241055364,8.086989455903176,285.1063149866353,1
デ,236.6133717093651,264.1381162212622,219.36393714150796,10.719589174822065,235.8837710079371,0
シ,207.6334183887604,223.358328392232,164.6501489257338,17.544356744266846,217.8648048592481,0
タ,165.20524826284495,207.9049166272562,150.67835526816057,14.571664520567824,158.39038531181976,0
