Mora,Mean,Max,Min,Std,Median,Accent
チ,239.43270761929918,253.21176834162077,233.0898366536564,6.827778645144366,237.04908746635158,0
ヘ,231.24918279258148,262.9026161607922,213.50655883382203,15.524874353666492,226.47256510800128,2
エ,307.2799103869955,319.7641901985995,270.4944596448285,13.252902440877365,313.88954126474124,0
セ,305.8400303329326,315.487805474936,270.4058875809237,12.857868654824566,312.42759235252663,0
ン,297.9580944666033,310.9203988554524,281.7858024164996,9.958000363620208,296.9856723196445,0
ノ,291.7602329789593,302.0311402792121,261.25151729035565,7.047643642911012,291.83524708101794,0
カ,285.9989244497742,314.03111539578987,250.1275213808701,20.14760588930525,292.8555210052032,0
ナ,290.76729506051254,313.57830828015244,264.4613138672857,9.666049461384748,293.10683829314644,1
タ,190.0151396695188,209.32016886319522,174.56661296023918,12.284880763452158,187.8341950524817,0
ニ,142.50570300613666,172.5955191723272,88.94311896166077,22.74740350701807,151.78658093474263,0
、,0.0,0,0,0.0,0.0,0
ヒ,206.08830006831346,230.14528328108636,199.05109533143514,9.78558817994759,200.32847104634823,0
ガ,202.12605699597125,205.86521974310654,193.3191774692854,3.092933910045531,202.55714827316504,2
シ,212.65607651271884,226.3444220678769,195.17412060845194,11.991832475972577,211.20181169989448,0
ズ,191.19358483919143,219.18644159681497,175.88851795492795,13.156824277505189,188.96605090525645,2
ミ,238.24379666909934,265.4720867164055,207.34845468079467,18.34193567287329,239.81777687181471,0
カ,261.8404468088058,268.55418739420605,235.02654386911342,9.71887916101691,265.9434449430421,0
ケ,231.69160019426812,275.0892005866763,149.49426270189753,31.909185518617523,239.03614526494238,1
テ,192.91093989870762,213.80119541240865,177.14000420250196,10.204991025198938,191.15304369736253,0
イ,158.34007715247657,174.8201252016938,141.69034315262488,8.613683956146284,158.9619685977118,0
ル,140.28470922766715,163.5813587775035,122.97278269614488,8.205281968545481,141.9352186025551,0
