Mora,Mean,Max,Min,Std,Median,Accent
ア,174.36622476269525,184.93276046808052,147.51811739663032,11.731198750692064,180.79388095696115,0
ク,154.24402046972537,176.68154346212762,129.8036025853349,17.7119731595415,158.1817651453676,2
テ,307.4994510736267,312.7716302096783,302.9023807984454,3.4464178976835096,307.89972569236033,0
ン,326.42550701627476,335.55047669561196,298.2004579051575,9.762628860812477,329.8990855862513,1
コ,272.9834664659897,312.97525387030595,242.39443756013563,17.43180916809777,273.7866066816926,0
オ,220.97661807699166,232.94521066161516,213.42645092406622,6.483537605604384,218.8100317923144,0
ナ,183.67344838377844,211.9454914577677,145.26918684633932,18.373549189310445,184.78735627017278,0
タ,155.99620880708764,178.96484719403838,124.56349945524887,14.887914327164001,158.34573866948602,0
メ,153.67588266711994,163.17597222798636,134.35245519796496,7.82273565772659,155.64953245004207,2
、,0.0,0,0,0.0,0.0,0
ワ,162.72249866810594,176.20185526452502,151.46489748850286,5.902944675150069,162.1938259103319,0
タ,220.77823709706507,251.80182015157382,165.75998306870932,31.675920444947664,234.21186684009405,2
シ,272.7352589704123,279.35817205039575,258.79170204066304,5.689874947462837,274.2646138565031,1
タ,271.3605687748322,279.1310729765326,265.95193213651,5.633604654836416,268.9987012114539,0
チ,212.80845304473291,259.66960880115306,148.15683909325483,30.881565065515964,210.41246789673133,0
ワ,186.89020860661932,205.05044085406817,169.3745516997447,11.136172283528719,189.20372192231338,0
シュ,162.2310703070301,168.03218562271164,154.85143256920145,4.518914790006514,163.81491664644454,0
ッ,0,0,0,0,0,0
パ,188.56907260660915,201.9004623252124,181.8786113846837,6.142725558631328,186.80914427832124,2
ツ,224.36302062285918,254.6609006323361,193.30714781345114,21.672518458246746,231.56240714193524,0
デ,201.61278883320736,226.67493933992137,188.66002747670277,9.714951307585052,200.44852331489966,0
キ,183.8381927259475,190.96747041081758,179.05641218571057,3.9008858866200047,183.40081207185213,0
ナ,285.0058171600069,299.7003165390996,236.82380979064797,19.2281366782041,294.35861283619727,2
カ,206.29421247779757,272.8194564638434,178.58291865743664,26.274763006540585,197.3557557390722,1
ッ,155.10205095981405,173.54004441252212,141.58930445765768,12.321252279910015,152.6394274845382,0
タ,139.61662578555885,155.28034065200808,123.01462646884441,10.362663741133252,140.22845774447427,0
