Mora,Mean,Max,Min,Std,Median,Accent
デ,200.82368870503853,224.07100828163547,197.0026255313454,7.452461261559781,198.2893394233605,0
ダ,208.40940095052386,243.97921682940407,184.26337440287037,18.8739440587409,206.1556609807963,2
シ,270.81476911459674,312.6952771241089,202.98976934778455,30.29386886310171,267.67669326853314,0
ガ,289.43702788174744,298.0001001815509,278.9393552575219,6.381550090820778,292.3017752372592,0
ヨ,300.0246029220986,310.6689405360724,277.2310600936498,7.43385075428174,298.7218301593268,0
ケ,271.9425969477703,300.6145877256783,229.70857998982183,20.053675421712786,274.30948629233603,1
レ,217.14996474355365,254.5927456849557,194.40443330339542,17.28629845310294,216.24724126012353,0
バ,163.97421795914627,193.09982648405645,132.376868010509,14.212077196661184,162.1874536193297,0
、,0.0,0,0,0.0,0.0,0
ナ,173.28879074261076,184.134774780378,161.1461518917039,7.894315151834589,176.97222430008168,0
カ,187.96979880511918,246.1728933679448,151.60923691140874,26.85246708797106,191.21929703623624,2
バ,173.4545782162833,190.19723906251042,108.42512709894075,19.4317936685812,179.03354154956543,0
ヤ,160.87659177895,171.71910883759162,104.33047364716094,20.334726866684928,169.45575852331893,0
リ,193.6492974663351,222.21936320552814,170.84254361222085,17.849460361963448,184.16696132200806,2
ト,249.2749440874814,272.51060932427185,193.4387214422012,30.259122527528266,268.42701825132076,0
ゲ,284.13198818324963,300.62062664261686,265.9110992619956,13.597770948299857,285.74049971479764,0
タ,220.03829263977798,243.96421959827302,196.16101959720376,16.011683001241682,219.76798733428623,1
ヨ,187.19268487151845,195.22780441205185,180.84084523677328,4.948602853354204,186.78852217984036,0
オ,181.61120140448966,183.43410259357253,177.89941892838263,1.757108581263323,182.33906569014897,1
ナ,163.7673785973831,176.7207969646117,154.68749161260848,6.937199542186069,162.9619397422337,0
モ,155.7808276591929,159.26151932244792,152.64417043225566,1.8322005849818934,155.3057175467789,0
ノ,175.66362354099056,192.67246421284497,155.71607256206352,12.73538443644244,178.9418197661057,2
ダ,157.57230529247965,193.06345524571816,105.85891948385314,19.427895210746453,154.52132328020954,1
