Mora,Mean,Max,Min,Std,Median,Accent
ヨ,300.49323476323286,357.9258823934543,210.06575418327265,46.96195882598889,309.8599429010138,0
ン,361.02252883846967,363.77823185755,357.69267675823846,2.2119791585017903,361.3222720074896,1
シ,347.93982885470257,354.31873306543486,340.95164565387165,4.304247300207772,348.6113082344416,0
ツ,0,0,0,0,0,0
カ,226.45112884582414,251.6871028911968,212.17525240957545,11.334833105435623,225.9927468362166,0
ラ,195.71949900598105,210.04153939114792,185.31499857442964,7.3473791146523935,194.45522581690958,0
ナ,178.71439890466303,190.2064124318804,169.61791351517792,6.380661959840195,178.89501450190846,0
ル,160.94848412824518,174.4121539413342,140.9822043650174,9.291403860890425,161.14184580762225,1
、,0.0,0,0,0.0,0.0,0
ア,172.57375316946997,178.79158591740793,161.14718979667973,5.308140423742441,172.81956849970618,0
パ,211.73149902424527,234.7911766941857,163.1639450805273,17.28061859017269,216.53747705192484,2
ア,214.18208020895517,219.12878656663113,174.8635878991151,10.71612776890234,217.65196409363136,1
ト,172.08581723695605,198.02314120930674,157.13260846081536,13.342991086184247,167.08137852837157,0
ヲ,148.384169979394,158.23235644247612,138.0407366949328,6.2543524634553584,148.85893165753424,0
、,0.0,0,0,0.0,0.0,0
カ,230.72211450583504,255.2401416712875,194.44691841982066,20.559015831833182,233.06866262911967,0
ノ,279.40967138523854,298.0221797778583,260.65143580699925,10.447380668555557,274.96403580529045,1
ジョ,231.0700960820489,297.5837777689099,177.12421441422904,34.75116409227029,224.0367500988815,0
ワ,156.29528085625842,174.98754366088454,143.28403071445004,10.38600972628639,154.5307963691439,0
カ,159.57375335335536,190.5753748557263,137.78894294223426,15.053274338830175,156.81294311981634,0
リ,154.08600538603102,170.22742328772418,136.34201123097313,6.212600639646447,154.70349235920781,0
タ,152.62144762692662,197.26764839011324,120.95624085091644,14.259234355545484,150.72867730878605,2
