Mora,Mean,Max,Min,Std,Median,Accent
シュ,250.01941323605675,260.1356956302005,241.34421529882832,6.77631496599286,249.2988710075991,0
ッ,234.90020516704678,242.97757626270544,219.92014680823112,8.128846757406796,237.64799291398543,0
ス,290.40113368871374,335.93852688888126,195.28289874968021,52.88273259540278,319.13597718501006,2
イ,326.9715252571205,335.1211452172565,320.8953769368014,4.691191886585199,326.323332310639,0
ノ,324.5927412991549,336.9801580613604,301.477889885796,10.193501331647267,321.97554137631613,0
ヒ,308.19440085826375,343.8828223457678,282.82142373649515,19.84271310726697,302.714096836218,0
ガ,292.78724643060593,343.92909742435495,225.22131757993088,37.96340066299861,303.5377934166463,0
イ,211.91298357517098,221.1617052797725,203.173580231694,6.273329264811275,211.95568061908736,1
ワ,164.70025927632886,200.39203431018043,137.27108977544611,16.88562353129988,163.86569470699203,0
、,0.0,0,0,0.0,0.0,0
セ,220.99902712843084,223.62044506071553,218.37760919614615,2.621417932284686,220.99902712843084,0
ン,222.7106768821624,225.74098524442195,219.30029361590374,2.32212019020713,222.43627287266003,0
マ,275.2999811180441,294.5336351787606,228.96018038126556,17.704579402756995,282.9346241904485,2
ン,281.53716510686405,284.39684414564863,274.150585746012,2.387014224462542,281.41905160428996,0
ド,263.0250892256039,284.50366970437415,232.50662335379678,17.253426068804064,268.8064837934327,0
ル,252.24443626715956,269.35850516264827,227.1214884693938,14.121165511724639,259.9234808980575,0
ニ,250.9000507455953,258.0133457848168,240.26454281826832,3.526852669460459,251.36262650381815,0
タ,233.22046169105482,250.9955304585519,210.292184296523,10.71577779413025,233.84489872490087,0
ッ,225.0975198179855,230.13125829649755,214.40277767401764,5.737047428465549,228.32904476141033,0
シ,197.11733367794298,200.9112317353141,193.32343562057187,3.793898057371109,197.11733367794298,2
テ,223.26806510376164,228.81400139589306,217.990861866294,4.370974012262425,222.6645519222993,0
イ,215.88690016737,218.33898839997448,211.25789944515034,2.268998385083911,217.0843078118625,0
ル,202.4451432312901,211.4179174852813,190.29028576996015,6.426224689354156,203.51808734281263,0
