Mora,Mean,Max,Min,Std,Median,Accent
エ,224.52652740463608,277.2158811102945,163.86186119801553,34.15904620652845,237.56317899493231,0
リ,326.03872595376157,365.8884588072761,240.28724254739603,43.25523297757794,354.05200670635,1
オ,305.5107388932288,346.6094503467932,227.50190443956794,30.964232502490695,309.87830376345516,0
ッ,227.77975280244252,238.38313585793426,220.5727638309175,6.118283532876772,225.8484041306648,0
ト,222.69842219850008,235.00999213544145,207.98574681358136,8.86677895111091,222.74416768876466,0
サ,205.24610762952588,231.83721641838065,186.5865033027175,11.56878280345911,202.9377487932741,0
ン,189.66239191731515,192.85171568077882,181.07890512448057,3.4382583762877075,191.10363927641285,0
ノ,183.40293677252052,190.27427115108512,174.1803957740431,5.408535259342986,185.65923586410588,0
ジョ,160.58111035489503,188.27353492865495,139.9642064855993,12.0947908463575,159.76355186013012,0
シュ,155.79803029147925,163.08988361678277,142.3830523949003,6.006282766657575,157.7403718461289,0
ト,221.3876178326887,226.84499777338806,215.90278423696122,4.103120504208343,223.14771546969394,2
シ,205.14396945864775,214.87866795481818,187.3273263882924,10.729364571949146,212.73624657818056,0
テ,233.939026879204,234.47691703584357,233.40113672256442,0.5378901566395768,233.939026879204,0
ハ,193.35226819027446,223.83400486226168,169.70940744380815,14.361999117844949,191.86003051131394,0
タ,191.58399712325124,200.4522531244771,187.76903277197613,5.3759968017476405,188.51181286458294,0
ラ,186.20683875528235,192.67421175710854,179.36647738648261,3.684627172845965,186.42825264862046,0
イ,177.73054338477655,181.29223810545193,163.3327074968844,5.605891085702007,180.06712091211386,2
テ,175.00606028117457,197.26040348556128,157.68088297121008,6.65048704212467,172.66731203605065,0
イ,172.38305360901177,172.90867762940647,171.34873291928193,0.47063548713649106,172.39202753667354,0
ル,164.9206411132228,177.31132665554026,138.9767636149793,8.754057616421159,166.79794627489662,0
