Mora,Mean,Max,Min,Std,Median,Accent
ア,193.4740535821581,196.61312557641347,190.13748538375378,3.0671732640645435,193.57280168423256,0
キ,252.7327914140797,300.6672506436558,177.3392590857855,40.59189794191953,278.663349869728,2
ラ,313.22777437078446,331.5734437976477,264.9935500145853,18.911657634413473,323.0016927839098,1
カ,244.61388931128647,310.060381860131,210.22762829858567,27.62144081384473,236.42465148052324,0
ニ,174.34829121724448,206.8699597419563,139.37288509331583,17.645105053687516,172.48241067338208,0
、,0.0,0,0,0.0,0.0,0
カ,252.63627811928134,267.7165266774137,206.38646964829366,20.735145948304027,265.7231952361054,0
レ,298.68915701072774,323.22471043388623,266.22117829203427,23.06304586979783,305.0086996355586,1
ラ,254.2315492054338,320.7289355742881,187.86679409933566,40.94836905517498,256.14183188093085,0
ワ,166.03197310903985,184.88880959059244,156.28146009939599,8.087676515431134,163.9042399849311,0
カ,223.8118049629843,271.2232052390383,148.37381574759667,46.86913378766138,251.73747860272798,0
レ,315.6549279541092,351.6923661183596,274.573684896939,31.139651448995064,311.07368476849234,1
ノ,264.3908394132735,345.6980252366545,189.8386593873077,42.055003377436876,269.30093364668886,0
ト,222.37949851473692,230.3552156567275,212.84216371690883,5.666382981411501,222.55632674218631,0
ミ,198.34138303758735,209.0442833079558,184.19970694064807,7.811174588282925,200.20746375153038,1
ト,173.12459688882052,201.30479508540728,150.65332261186242,15.119722047978144,168.51683932395835,0
チ,214.79442401774799,255.68110478051676,136.2942942859036,47.95486720052886,245.15862757726939,0
イ,245.5305869891244,248.42803438205198,240.79482064213184,2.5066210529813615,246.07837033808545,1
ヲ,192.57626689211344,238.6846144865352,160.848722260758,27.056681373173888,183.04958255927005,0
ネ,154.2194971300546,159.83716425081028,148.69496031456868,2.903630194470506,154.63718211615696,0
タ,201.19305789897766,208.56506239360908,183.0631429266851,6.2610852717742205,202.0299022060769,2
ン,220.39679280580992,228.32356054849782,210.08444960129273,7.3385657203226815,223.60560729391233,1
デ,206.87332422618417,223.1862686105539,194.54910538640286,8.536442522584512,207.85731873864518,0
イ,162.9434868722726,195.3070067810482,145.12842851605768,14.235186039728912,158.36280072749037,0
ル,150.51749625621537,192.8295622512143,135.84690765736337,12.076884745375024,146.45466828608008,0
