Mora,Mean,Max,Min,Std,Median,Accent
ナ,191.29910422552365,207.59065117919263,182.21457405830174,5.945913527861058,188.5176279312433,0
カ,225.7309135245005,254.1236288342035,169.80416836993376,27.606158436916445,237.72337427562599,2
ス,249.28695647253502,268.57350003311615,225.6828062496987,9.73585423718769,250.8420576678693,0
ワ,234.6748907773077,242.3821306286694,216.34693982794562,7.192259491801899,235.1027095256353,0
、,0.0,0,0,0.0,0.0,0
ハ,204.95880028889422,221.2594608352005,195.84251784085987,7.90781237814865,203.4059637153315,0
カ,236.38952276422543,282.3695388204707,172.78174928112708,39.23457020477539,252.60424723227405,2
タ,279.58987601105935,323.73290459343565,241.92750505137624,30.373083407818935,295.65787051925076,0
ノ,289.60009216854,308.41289893218857,252.09517850286815,16.054827633904807,292.441894109735,0
チュ,277.2174697883832,301.0965689244905,226.16217406387378,18.362542201929383,277.6622923746051,0
ウ,288.2798952478215,297.2258051857737,281.28410281557615,5.364605323754569,287.69534636733994,0
シ,311.5569886390728,361.69554466747053,261.0123695923378,30.365219533138646,303.3698066593982,2
ン,329.07725907526867,342.18980218266233,306.6201788528655,9.995304206027752,329.27251455541955,0
チ,238.07364137014375,276.619595315478,195.26866993325496,20.347061035975333,234.03905510537393,1
デ,195.2924797039793,229.17119637994213,182.54787601857274,12.998745453700986,191.0998721705492,0
ア,177.43355844406568,187.49264644465129,170.72310684501215,4.798867472831152,176.1252315319785,0
ル,159.0791436845911,171.056484485854,143.81199802932642,7.3378656245843406,159.97946245387845,0
