Mora,Mean,Max,Min,Std,Median,Accent
メ,235.98374888770184,279.4319869330496,199.44896822604315,26.086587957394386,239.87637374383092,0
ディ,247.52186071520126,281.23613819919825,218.75353655154032,17.34660918413434,251.17103248549574,1
ア,189.61094529521176,211.56412405959063,171.50354479798474,12.544717329058313,188.3155987343548,0
ガ,155.49625795122765,169.5867220183403,139.0504378762382,9.204740614486857,157.29596304282387,0
ゾ,201.43409545360444,283.3242249087941,136.20706196147012,51.58453042488008,219.62551788387395,0
オ,295.39485819585076,301.3458647872773,284.8488548186098,5.1540317488949565,296.41889453442263,0
オ,260.7913039454441,291.9923616248194,218.23102089543815,24.862586065622317,266.13228282982766,1
ノ,185.05262374637718,213.82434122126799,133.5705340357746,18.688098742811945,188.4764977587966,0
コ,181.73347193270234,200.30123058338253,114.19533189031172,24.173470434529847,187.17498472675794,0
ン,206.6611024086296,209.50524192783027,202.4889298954311,2.4781621031300887,207.4599553726383,0
セ,219.4473568005781,248.5149365271382,195.2107524260522,15.218194724193038,216.05068841912407,2
キ,202.59921052080048,226.34139887151784,164.5140317837023,16.097550689584086,202.93476132833064,0
ヲ,200.08483188290708,222.60510719746037,162.74386090807596,13.00314134154808,198.43084155516976,0
ヤ,146.3538314370458,178.7600755050828,109.61050476218692,23.64478724253742,158.74209346961067,0
ス,184.39332837307407,206.9230402669276,155.31412385594513,18.22851040713373,192.69939736291272,0
ウ,184.83198832530397,187.06795853854123,182.8407942381844,0.7746354360343527,184.8079807868035,2
リ,180.71509911499544,190.82437469391442,170.09566971876257,5.698274499572933,179.67053765426442,0
ス,181.3556677126692,217.2478859406782,152.32390314159693,18.566927469152866,184.0061288446421,0
ル,171.45906639201638,184.60626959402768,154.6550348498121,6.758359488658714,171.22128376882765,0
