Mora,Mean,Max,Min,Std,Median,Accent
カ,252.50283689524377,256.83795676718637,247.35234057493932,3.009448440022342,252.49775526065127,0
レ,235.85049841635453,246.51293258544206,224.88182394896444,6.390975108001111,236.49734069305856,1
ワ,194.81491101553294,223.07506378797265,168.47885329002017,17.44003845095063,192.75654270923246,0
ニ,166.32907639742217,172.6682928564537,155.4877466387441,4.392075554735942,166.76209527417288,0
ク,199.4617637814554,266.30226438291277,157.94816403453376,42.355538425394634,175.26250625503715,2
ラ,267.3570954036342,291.93455986111087,240.9582459511074,16.006981444028717,271.3767214599061,0
シ,296.2782465155231,325.0675631736515,257.602809378306,20.60324729471392,292.28717611944455,0
イ,332.87382318672377,335.8711386813153,328.43754857199633,2.7440401418307583,333.7157560858678,1
ホ,268.22242649083273,335.73123815333975,207.62619400831315,43.50851707672751,261.81150497227566,0
ド,181.6504268814163,203.36119976911462,156.83535146551912,11.474404251844035,183.95048722912458,0
、,0.0,0,0,0.0,0.0,0
サ,191.26702820461378,200.87137611344377,188.82793578550508,3.391530699490291,189.84913768627442,0
イ,206.5440696447232,224.27596278125245,192.83835343900338,10.248754575501657,204.94342030703513,2
ノ,246.2125215665885,265.52480932289427,228.2449994415019,9.900725042484762,245.5270603740321,0
オ,249.345295937501,252.88195169779837,247.1378742097621,1.7196771417528411,248.7510226513258,0
ニ,240.11466372891834,246.21753229714741,234.53416277739555,3.1954394503222634,239.0365518833397,0
メ,200.55363972538885,232.9398044042972,179.85197337075212,16.82326437802922,197.9771085848215,0
グ,197.03092715484016,220.97566342956102,180.78992990287475,13.76912865347739,195.24794742386865,2
マ,232.34466564361702,240.43038650591396,217.86880034806487,6.501450191803669,234.0300988292235,0
レ,228.20476728044665,240.24142366773413,201.27386541391544,7.426115609234728,228.6162693857639,0
テ,219.05258528632413,258.87807038268596,191.01457598151865,19.975042142370686,216.71515547897494,0
イ,217.03109125041115,224.95599704532003,212.5133349272735,2.7535186064971837,216.69134185293797,0
ル,205.6332035312816,229.23775061702543,184.5361216622913,9.2287057395373,207.64323175798236,0
