Mora,Mean,Max,Min,Std,Median,Accent
ショ,320.0452168848309,332.7821157910877,304.3374493265459,10.686828517602441,319.99511377324853,0
オ,334.7512718437091,337.65270836463947,328.32293708876665,2.6284516179828685,335.4231118521992,0
ショ,256.32256485323404,323.1778135923549,188.6499603317978,43.450411368154256,244.47259544177192,1
カ,193.14112108302828,200.9682313409111,188.38573085030433,4.300252328343787,191.36462031567007,0
シ,175.79577788524747,189.8767009779547,136.66178591364573,16.073128797515388,184.2183898814937,0
ツ,0,0,0,0,0,0
ケ,224.79058361888508,249.68427339151933,214.4522022935588,14.473082261515204,217.51292939523108,2
ワ,187.08712089829405,208.10588213750748,162.47147827462044,10.04152938673973,188.6012774246973,0
、,0.0,0,0,0.0,0.0,0
レ,182.1092443646023,193.44102766281975,155.6530959991401,10.993307073933106,185.98351003042941,0
ン,231.12006359942387,259.61168906815146,192.08304412328775,22.155229307319143,232.40585855974962,0
タ,292.14503713713765,336.9080319546618,251.2302882740198,23.521911492044506,295.8530398742868,0
イ,298.18001382768966,304.36301582013664,292.819242534532,4.04137190971313,297.1568059515979,2
ホ,268.29439144945337,302.53533883711566,240.71209666491524,16.019183993001175,268.1294483228579,0
ショ,277.79872605999185,312.4198022069326,241.14596093437333,17.893889545255053,275.59300757581633,0
オ,270.18535581125377,272.3408404206936,268.46102807731023,1.1483116622020262,269.91545054019116,0
ニ,260.71919769762485,267.9854589452899,256.4952398516032,3.0900245733839857,259.8946161418629,2
ン,253.89767942672876,255.27542948094603,252.07241792469756,1.1742663657974575,254.14017428913087,0
ガ,247.20791438525285,253.16692027306706,240.78422601407954,4.173606765830089,246.76454536353484,0
ヒ,229.08908707783905,246.6025812289141,202.04477306678314,15.46242102472588,236.89095194400534,0
ツ,0,0,0,0,0,0
ヨ,243.04883376366266,250.62920464934783,232.92610289093037,3.980780924862593,244.21400664771357,0
オ,233.4340365822234,239.97705262385048,230.12963941396157,3.0692696283830596,232.62992443167084,0
デ,220.61242675962492,233.93642443126075,205.62113685706515,10.325132229659426,226.34973659265566,2
シ,227.28209587000032,238.85263791095662,210.907843696591,9.788479952993558,231.35394420989167,0
タ,162.76831216117333,200.57355257150292,135.88967263872448,17.202217577412476,159.21073688428015,0
