Mora,Mean,Max,Min,Std,Median,Accent
シュ,262.9928692563783,272.96625669033614,234.65257378864763,11.065844962899645,266.0373139747678,0
ウ,305.5132398694122,325.66779719317424,269.53113957848086,18.139609041169475,308.9223662378497,0
マ,309.4917157362859,323.8914815778645,299.21155469211163,6.684594226251525,308.49855386392363,2
ツ,300.6636722203514,312.0940489541092,292.2117631294677,8.385693154729728,297.6852045774771,0
ガ,290.12429251044233,295.50056549510083,283.4558895224363,2.9737247417969788,290.310646652807,0
ダ,215.69555834513744,286.3754680070307,184.7715477746084,30.706971843748757,205.3953025345014,0
イ,228.2486272596186,235.10005262702995,221.41063315326826,4.680118897044171,228.4038701592947,0
ナ,256.19809579560274,272.25610303140905,235.10781050462003,13.052480663415732,259.0876389829204,2
シ,257.0895951528592,283.87068043453456,221.71048984015596,20.014396980011902,262.717171280809,0
ニ,272.5044359895381,277.1829849425052,267.7871305450817,3.1866223738755224,272.5950425372562,0
ナ,268.1512904492083,278.6892924738199,261.87842091774695,4.537319523144351,266.3978861239247,0
リ,274.7911260715333,286.39371272947164,262.655778607194,7.964484882310451,274.7934688551505,0
サ,270.29469325703894,318.7304457004032,230.22930521408875,23.824925253375454,271.15551840241227,2
エ,223.8095283192472,226.92842949911423,221.7245450057993,1.6682494645238706,223.91791683296276,1
シ,197.02032086957195,221.82728644701837,173.34496854416196,16.036590428231523,200.18587820894305,0
ナ,188.20084058999313,198.57295139179251,177.1000155092737,6.336710768034478,188.795897120015,0
ケ,197.43961653196828,238.94838064758554,177.46659858221554,14.223253827711378,199.60451993499083,2
レ,179.5023673067616,187.652454052074,168.29070592058287,4.793310956814329,179.2300159547019,1
バ,158.72008001173808,177.82779376228004,148.93688302830964,8.848705120898623,155.36181706359434,0
イ,170.60887899973517,194.46315209097511,155.40907927374337,13.031643039277496,164.5241288798191,0
イ,203.80239341327436,207.42009094566876,196.70224609858354,3.7376540271541194,205.30321337652035,0
デ,178.53489846443546,203.57900488672433,166.17775546139904,8.524943043001887,176.6502582014635,1
ス,159.0823858301958,168.05357542839906,147.68030681789358,6.485960842351561,159.94753394135955,0
ヨ,167.57397147440767,212.33304567434817,146.127189516115,22.227671007786807,155.33212481672422,0
