Mora,Mean,Max,Min,Std,Median,Accent
ア,242.9670069078949,253.9436906105644,233.55197177258518,7.027388250140049,240.69797679412173,0
ニ,296.10236089481657,321.57065796758684,251.0476975666428,21.79064941816434,301.71172768029123,1
ト,238.64195286763095,261.61264154681714,194.1473076484519,19.810668522321475,243.1733572611312,0
ク,193.28170299608885,219.25765406370152,160.56860204699822,18.423107794578137,191.4450591839753,0
ラ,181.93818802608902,196.45336611743832,163.4889165149693,7.085963521494704,182.7504081384937,2
ベ,168.65624459276665,236.44037529322983,147.52975009929912,19.982604571068368,163.95539553469933,0
テ,171.77007774995386,199.36982544615753,162.30000286357645,9.773623718257875,167.86733772498053,0
、,0.0,0,0,0.0,0.0,0
カ,231.0795683420372,234.5702755582947,225.35000856559503,3.200370138423084,231.3501098001292,0
レ,236.68840179353145,248.66349948116158,213.02820013566685,8.588856461994201,238.99383816958655,1
ワ,196.0838775425796,238.33045269590474,156.5319441790808,27.29667251116357,192.83737689110288,0
ソ,172.18637921678717,197.7989495893191,146.15923801429904,18.195653446991745,172.69486218009794,0
ン,196.62510429659667,209.9160167385309,188.01719211706612,7.00010437462787,195.55941735757946,2
ナ,238.92605284897417,259.58752213831525,213.04181524627447,13.522138860131845,238.16231184234,0
ニ,252.15661959933755,255.5515216463581,245.51008758145795,2.3783964727585074,251.6604097129057,0
セ,269.1632650042006,282.60175999967794,231.78876271073025,19.72419559803436,280.5726061139876,0
ガ,251.96743292348523,277.60555004526265,215.96763544088233,19.180104121913207,259.18554241997333,1
タ,185.86945159209276,196.75052911357105,179.48175837905342,4.9552433760712695,186.43200761752402,0
カ,205.62571843769075,232.56287772710206,168.5381633999597,25.711138102902968,219.86004889019122,2
ク,191.46388309485278,196.848086800425,181.22733223954452,5.338924859558339,194.4234443345853,1
ナ,163.0896387610473,178.15537307959747,151.34537630231165,6.189053141210583,162.4726826817353,0
イ,153.3840215096448,168.45124394520448,142.90699969847958,7.539176445860015,152.0321908390869,0
