Mora,Mean,Max,Min,Std,Median,Accent
タ,203.18913882644264,209.1223039181586,199.95419332883398,3.355043426491279,202.40320485962147,0
ベ,219.86189092177347,288.7156665176909,172.97832172462205,33.63444781505808,201.97934390716267,2
モ,331.38204778060094,369.9450501774692,295.68553265211597,20.437193157886245,329.98087982204765,1
ノ,305.37104337124754,355.02216110998893,238.11186674425386,34.97652200207074,319.29610922985637,0
ヲ,211.0675014714635,233.40291738428448,184.43611216088152,14.56921321004973,211.59076618729307,0
コ,184.39766927367032,224.86922575529266,155.8553162463259,13.98907965829904,184.9356758966382,0
ボ,180.47228134498226,199.24029543375403,166.10158241769207,11.988950119815824,175.27138312176442,2
シ,196.449754573806,200.18115367529415,185.2741236164166,4.2066203175354735,197.5299736724155,1
テ,174.45168158133504,184.6767659220982,162.43136402400293,7.812651042604754,175.36852632467554,0
フ,163.8363360684138,166.93879759727068,160.16212162000699,2.3254446434516858,164.1242565623632,0
ク,310.86092977931685,313.20125567142543,308.5206038872082,2.340325892108609,310.86092977931685,2
ヲ,293.9741756170199,316.0294774207045,243.86983211129683,21.44417011927783,301.46326855781405,1
ヨ,183.48957323391517,235.22754149119388,153.37083695697177,26.040426347372165,176.08513653422904,0
ゴ,167.17749506282252,196.5594371219416,149.8532133202963,14.334837302064026,160.1730780330441,2
シ,218.25851667550222,235.74681580487058,200.40982009039834,11.370110444861892,215.38881447314714,0
テ,259.1850383587504,264.3283127676256,249.25580300917898,5.903870679723578,261.5780188290986,0
シ,247.65272154720606,332.525359670392,201.58427433908585,29.806313821335348,251.28360698043127,0
マ,242.40511327014684,264.4338678156507,227.84228179064385,7.44635483708059,240.34282776537492,0
ッ,192.82160630685283,213.86497399383265,158.64782348008467,21.66353371916934,203.64038914407448,0
タ,223.15405432663735,242.32822451212442,189.501278549946,10.317822261917566,221.677743746955,0
