Mora,Mean,Max,Min,Std,Median,Accent
ナ,206.71706991076286,241.81091377701267,185.91799812664644,16.01389120024172,200.34444918074178,0
イ,266.48920486700996,279.6854682416996,245.67858064513078,12.525405534088632,270.94102566678316,2
ジ,243.1286598293658,278.4545846219794,221.4310145808608,18.036761646259684,238.5476012082671,0
ェ,261.18042976003136,266.4340209832694,255.15812323598516,3.897942135861811,260.83412908673427,0
リ,237.4660204958728,253.26385841418775,221.98773884806903,8.790062629135072,241.07674518697343,0
ア,223.7769430621988,233.65636409387312,221.38154690083817,2.363665140287908,223.19960537493068,0
ワ,217.32150960711607,244.2391336470359,191.37146357785852,10.939087527932424,220.2667235562421,0
、,0.0,0,0,0.0,0.0,0
カ,257.7407891564838,273.75868458141514,249.41119702694698,6.284212195367898,255.8950225329518,0
ツ,253.915545662313,254.1593388113846,253.67175251324142,0.24379314907159255,253.915545662313,1
テ,163.99939028007492,221.25739928575703,86.90244246129782,36.957307696529654,170.50822069463496,0
、,0.0,0,0,0.0,0.0,0
イ,150.81858843675317,186.76801244299602,98.8128665183047,30.58779341951052,161.01600244885293,0
ギ,190.7242479830248,235.6497033557001,168.497360552863,23.881123987394915,178.6944473573737,2
リ,251.6187863089571,294.4879367060291,210.98042675662145,25.95696893207869,244.58992989911144,0
ス,262.74430188629606,291.28535003040145,207.1399577979001,26.42404967570692,275.96823635542233,0
ノ,270.5488660693397,280.8465802124472,266.0015026029597,4.142689154422341,269.4090185546744,0
ショ,251.08804750321522,267.709504500563,210.99437170909033,18.94096146604873,261.37795970514827,0
ク,271.6479422480347,274.83625537935734,268.4596291167121,3.188313131322616,271.6479422480347,0
ミ,291.8224864524728,331.6126913698516,258.21563748809183,24.191900903471172,286.64721355855295,2
ン,319.0547858324503,333.8432854998725,280.2034905833373,15.598279499761036,323.1114836893537,0
チ,235.34152961603215,288.4955212236351,203.70725760585464,32.091221198446924,221.90411482466456,1
デ,185.43931159709,205.9738886233808,176.8110211033011,7.5196923819697075,183.79043798770527,0
ア,166.70491262794383,179.41592032801407,159.16814960453607,5.59959777631471,165.97522479177294,0
ッ,142.94096410721716,153.67736963196828,133.99176410931577,8.135369030546942,141.15375858036742,0
タ,144.5847827301521,184.27240792252158,121.00034531090213,16.27877054793168,142.1971539216617,1
