Mora,Mean,Max,Min,Std,Median,Accent
コ,232.47015193080998,249.29837571876837,223.42094162551334,11.910644731646949,224.6911384481483,0
ノ,256.612701066926,302.9383547966094,211.18527245637569,27.559591572406077,250.183576353218,2
ブ,310.6263541387777,351.6755396279487,262.9082535593047,30.76056848458616,311.66505313495816,0
ン,345.5804677172539,352.83202000728187,337.2776109511651,5.244667205491822,346.4576028904015,1
ヤ,318.478832823342,335.4137097342993,275.6350923527497,17.51311876384791,326.1763173132748,0
ガ,209.54526728903838,269.7710472910158,171.27346675672194,31.97808202516222,202.2610438864285,0
ス,174.07470329100082,176.35279348125812,171.8046483313829,1.5592457586581452,173.53330601374958,0
タ,283.7809595970469,292.2588327243978,274.78661747816756,5.684262162785381,284.27528016105555,2
ル,290.8386621159373,303.29421564129825,266.3971501118038,9.896573397398173,294.9852704158355,1
コ,235.0410996216243,277.16923260607996,218.988380218375,15.877340834007091,230.4440861687291,0
ト,206.64321057970523,219.06189357793994,199.6467420846911,6.42102953444522,203.89399604798618,0
ワ,182.0100878506057,198.841774771525,164.4093859277405,10.943650149410045,181.3412611247751,0
ナ,172.53285844775547,212.97135251918064,152.8587029835173,16.604003019536194,163.80144670501164,0
イ,231.27857133460185,246.964403023941,215.87246260649687,10.384006976546607,231.096084484447,2
ダ,230.0579720550265,253.03363518780478,209.07756638177864,13.899705871001958,228.87347689130775,1
ロ,173.7885626885909,206.74789313949978,144.60986674147478,17.486988799692224,174.28156344263516,0
ウ,0,0,0,0,0,0
