Mora,Mean,Max,Min,Std,Median,Accent
メ,198.76254460983031,213.72570719780555,177.820606869017,9.175976006825438,199.7379452178944,0
エ,249.15058140001702,276.78655667064845,216.16637060625703,20.0040715989026,250.2684525371336,2
ル,273.2758305150162,299.51347873497355,232.19429639493234,25.60343988662674,279.26543867590493,0
デ,258.8874442096136,297.60716430662484,223.8934147308208,30.021061870176638,257.84591182846043,0
ア,221.69827412221073,286.0038870930471,152.35080522365882,41.35625488922388,221.63170315836845,0
ナ,256.76831648439344,318.3944371627072,207.98524789532578,36.70164638986544,247.15555904856993,2
タ,284.0495792476276,322.8177599009637,207.7719569777966,32.20831474550753,288.8560298285534,1
ト,202.48871969055244,263.4545881439124,167.1315575976925,27.274041785741108,201.74623403613577,0
オ,158.83789681394745,163.85894120071717,156.77764390171498,2.3123034227172137,157.65018893470034,0
シャ,185.79842129760164,232.8265824708476,147.61747647121058,31.29605753329366,169.29198338757885,2
ベ,285.43601983886487,310.24234069768016,233.03405498082856,30.547014506760075,301.3273497301149,0
リ,227.21794564507394,290.962569770522,187.89941482963738,27.143834534628287,229.50493888923123,1
ガ,169.6706300302203,185.64932840632474,155.65387769351926,8.844888136621206,170.73249424501512,0
シ,160.02290067740768,164.8016580619504,157.48734801278957,2.0665379004736644,159.76668415592968,0
タ,171.95297770688785,194.2195616582182,157.79699494159422,10.116801833215908,169.73935439164782,0
イ,157.1751406718412,157.89072910524123,156.33090764828538,0.6168587106680636,157.23989869717053,2
ワ,168.64795306017604,220.62423429119943,144.285317832728,24.87614996629416,155.50159455950882,1
