Mora,Mean,Max,Min,Std,Median,Accent
ナ,220.54596395408626,269.41129425355956,186.82877880433006,20.8386440579961,215.20395140901863,0
ニ,324.3246287551654,342.87996913896916,281.9967335870528,18.042862241705024,334.77673812137164,1
ヨ,321.9626686526396,334.44716339228086,293.56034833274225,12.089475732281366,328.29553383229216,0
リ,244.22302782650394,287.99104862333127,206.99928511333647,26.973707724946532,244.52292794505283,0
モ,196.4898164074683,226.7391560061646,171.25494638336716,16.157166319653964,195.24419180195542,0
マ,174.25756613013482,192.53433492327375,157.37284025439234,8.090757685021325,171.58940193142695,0
ズ,178.22258158844707,196.24399811354013,164.28080053691113,10.043661179105252,177.09705532881202,1
ダ,200.37677647779964,273.54595544043735,162.92231320087433,35.77816081342889,186.3120697531566,0
イ,257.7135480973588,271.9040723791058,237.40521037766388,11.27047409955512,260.284525197639,1
イ,209.7860800102812,232.709005614067,180.21869346603364,15.028800318148427,210.94150308811334,0
チ,174.35352576169893,204.98663137594053,155.88374012364363,11.59853664559466,173.39458135162616,0
ニ,147.76316473706353,174.30976131134008,122.46711719042145,11.231731442612896,147.84577442287278,0
、,0.0,0,0,0.0,0.0,0
ウ,202.64785419122953,219.15752506442533,175.3204713575471,15.803796108513177,209.53679176955256,0
ソ,254.76391391323693,311.71862105043294,203.97471675454338,40.62722283074199,231.19801752701179,1
ヲ,220.00056237759298,273.5351755459469,179.4876397519006,28.992466076409798,215.34883605016162,0
ツ,164.53868324421612,167.804701173266,161.93051011168606,2.1331431666696568,164.20976084595617,0
ク,189.3371339072018,216.49421800818834,166.48348125415964,15.960640296328574,186.84972857158152,1
ナ,146.72531593906152,179.65044399114223,103.10404885251258,17.825200919759453,148.25455733457926,0
