Mora,Mean,Max,Min,Std,Median,Accent
ア,261.66519261997,292.90473810449544,234.75909283236018,19.64230635417716,257.6938547601215,0
カ,321.72761996322635,367.61118436731164,254.23374050090624,44.6936522377272,353.4787970569045,1
チャ,307.2322057431068,352.2150844930862,260.20156915745787,31.723276602807307,307.22031056526987,0
ン,236.74649472387983,255.601880738339,214.93976359952916,11.92494959921578,239.24375717630568,0
ガ,190.69268187278217,211.78630750249854,177.15343113074977,10.589620410816211,190.6746153511396,0
イ,176.93530282371432,179.44681441296675,174.92644225705757,1.5339176451714653,176.74758089660781,0
ル,179.37536092394419,190.81863864048643,160.7766594579712,8.733235630912127,177.77434397330637,0
ト,184.3161591428967,216.64270295507444,151.6170985544863,20.18111087385284,192.82350085016944,2
キ,187.3997310133664,211.33686110795705,163.88559604231688,12.577097737196485,193.37779062417863,0
ワ,157.9764616311009,193.6846675469864,120.98307766697395,18.431317851326217,158.03564118612607,0
、,0.0,0,0,0.0,0.0,1
タ,170.82404061900115,180.74595821066083,159.35623323096323,6.233260594647283,170.3924899302018,0
バ,181.56008313589535,199.00522357784803,155.16892734868176,13.404899999172805,187.37582954809102,0
コ,190.0088553188642,216.41665680293372,171.18374738318093,18.810499402324595,183.38011807476437,2
ヲ,210.74700473627604,218.50471866270937,196.02894379768495,4.799403008594884,210.48035167152835,0
ゴ,174.69971053996707,196.19407014807177,156.38709139268627,6.871525161663843,173.73851699156765,0
エ,179.97345096357543,189.6039310695158,171.9519629979926,5.586014387639208,179.61766025308847,0
ン,196.0649096171837,206.6665899624654,189.6937605516108,4.994730751938146,195.63204984404962,2
リョ,235.1883233945664,256.555946747661,209.4773320243375,16.54050716376243,239.8924623761144,0
ク,223.31560296841818,234.4976813592689,212.13352457756744,11.182078390850734,223.31560296841818,0
ダ,245.79254968883993,273.41830903844385,224.03038941859438,15.775069143064792,252.8546836193749,0
サ,243.79933042656774,264.0766562498816,213.66233384537608,13.131184860377054,244.20570930285956,0
イ,174.53406093957116,222.69875844498,105.22612678750544,33.038007248449546,178.6090417340572,0
