Mora,Mean,Max,Min,Std,Median,Accent
ヌ,191.9793546684267,205.0179997128855,171.26331594745557,9.636057942420502,195.0051711451851,0
カ,252.53978606535793,288.4723385935861,182.9149993831113,44.21088890471968,281.8753149648819,2
ル,306.286566144445,328.5430494781618,265.0770503884817,21.49046846106951,319.8820418117085,0
ン,314.76085694155194,322.9285086654582,305.30799762536043,5.070664290017982,312.8433869009076,0
ダ,300.78690348594915,322.7196756825847,268.8516087177469,13.467145844842952,300.84699958644273,0
ミ,282.395770009552,294.38588454428964,247.97799671102317,9.846111542684119,285.2193447863957,0
チ,266.6958293667244,287.4596043272923,237.8650667259539,21.22102144660799,279.00237244587225,0
デ,251.8564631228763,277.69460476387326,234.39418049348473,16.116032948427147,246.28637327085357,0
ア,262.9935370997929,276.5674684859817,258.82468833647255,5.505207003601899,260.6871558458773,0
シ,254.98539617929035,326.99663674834096,201.6458273826418,29.097693508858786,260.4803045925149,2
ヲ,267.5599454628826,321.3943550164846,180.09261631984765,40.50892177584822,274.1573241157348,1
ト,182.7312159094033,214.27579169990076,174.0743158205245,10.944939571627172,178.8522347153641,0
ラ,177.42082068736732,189.5212491778652,154.04335679307385,10.189222664715459,179.98163146743684,2
レ,189.93241005622923,199.88210852414466,171.09185044899783,7.9219329936303975,192.29258639200958,1
テ,137.09379386661587,174.3275782336376,115.58767738626437,16.839065582087546,133.50602396495543,0
、,0.0,0,0,0.0,0.0,0
コ,183.48237932951096,197.27973754119458,169.68502111782735,13.797358211683616,183.48237932951096,0
ロ,193.12861817134342,213.8640825617172,157.2825522672065,13.117482345185191,191.46599531428132,2
ビ,231.37697939437388,267.92416235371667,213.10975826649002,18.980602516180287,220.61704062748166,0
ソ,263.31463473438663,288.0713866123462,217.2403621943577,22.66345522448886,275.7994975716383,0
オ,274.9229840019925,279.83708292838634,263.0381388948685,5.360912003416273,277.25002632348014,1
ニ,237.26848567702137,263.2026453805357,205.26603949482123,17.516242931099455,239.14058124015847,0
ナ,169.31458791510926,200.8128592094359,158.59703367966912,11.686760523156813,164.75091483023593,0
ッ,148.4429409055577,157.97257608004628,138.9133057310691,9.52963517448859,148.4429409055577,1
タ,138.27668130673612,168.0706374614848,122.13974649307573,12.554355659612547,134.94116412124663,0
