Mora,Mean,Max,Min,Std,Median,Accent
プ,286.7773604637621,294.2758532623334,278.05166652573797,5.218252763018178,286.1820351566597,0
ディ,285.52471893998404,307.7358350179586,249.00221254395808,23.32747875422901,297.4990042861224,1
ン,303.0432702463853,310.20836657155155,294.2465730453939,6.087349307483265,304.5044885467339,0
グ,268.4980911644924,305.8944564370044,231.72517720981415,23.647112814151907,266.7457539962348,0
ノ,186.11866453949685,225.84869873987654,151.35049859806648,20.63375879387776,188.7975890200323,0
ウ,159.4846783351653,168.25279097824736,149.34253270193096,7.073898430260271,161.90873854546754,0
マ,205.41517316859913,238.72968588243742,169.28621342489615,24.274376452177364,206.42062440881,0
イ,223.72974000247115,234.0665875435649,211.54307918333149,7.091841029245061,223.72157719473267,2
マ,175.05986539333244,207.74804012909962,161.73545767591781,11.988288769205395,172.55720102383117,1
ズ,171.31229852857544,186.58879453953716,158.45978578672924,8.332543566498686,172.56791044889445,0
イ,192.13073767400326,198.0475095359758,186.92658650790005,3.5498094995498417,191.79313140810126,2
ワ,165.83285343344238,185.65909354629702,148.53577014501968,11.5354180408249,166.03826269110166,1
、,0.0,0,0,0.0,0.0,0
タ,193.61774412773372,212.25072976669637,168.44289513519638,12.603544743654508,197.2145752652552,0
ベ,260.26612189134227,299.0576076558075,209.19317206650018,34.64727743521036,272.65550488774056,0
テ,226.06354328314666,251.54806023972472,211.90004735720908,11.939358911525407,224.67929577232115,1
ミ,178.71977997301926,208.56724754433054,159.48395693922436,11.325259179099186,177.2432523427847,0
テ,161.6093777511351,185.55905236079846,140.95094023296335,13.004949732464432,162.40046407662595,0
カ,158.92097230756843,189.72051642210573,137.72524336779068,13.608479142460455,156.9533856740281,0
ラ,149.77990525316966,154.91540100598246,137.2052030728305,3.566603612179696,150.05469258075212,0
