Mora,Mean,Max,Min,Std,Median,Accent
ユ,215.24659729256734,253.67496302857992,168.8505962676965,20.896064219040902,215.81605032398124,0
ミ,292.0329097777888,311.4351568037221,254.18078734743307,18.421107775918884,298.2965840477369,1
ガ,248.45958830154578,285.3190645977934,212.2629925843246,23.59962750001307,248.36028031769038,0
キ,194.17717076858335,210.79053616272296,170.23394430967568,14.39480345946538,198.57023272664125,0
タ,195.63835435745096,224.6880782021688,173.32772758639416,15.302863169698965,194.143368162313,1
ト,164.50540213065193,190.04112602703978,148.54049611734592,11.464718028802283,162.25678843871552,0
キ,148.43312424783232,172.8593189499296,112.87451188160158,15.413454048624565,149.13453006758047,0
、,0.0,0,0,0.0,0.0,0
ワ,0,0,0,0,0,0
タ,194.7797292230895,201.86489077126365,189.37969927262364,5.234485206501474,193.0945976253813,2
シ,192.1948017259112,228.77771177599044,120.87999722706824,28.03786412834134,197.53747301901623,0
ワ,194.18233741861525,207.79361904885445,156.65926836975632,9.823460718260735,194.8055062396215,0
テ,214.88443040604628,248.54987069110263,180.11457015097088,21.985179255271706,216.79573546703992,0
レ,302.79007179449735,328.54095619685665,257.1138826304804,26.07277034202074,319.11772561186456,1
ビ,239.8066144287197,315.63327333543475,209.87241775566312,32.07286019216321,227.83179465183514,0
ヲ,197.6642634875969,223.66445947296907,177.00435989654034,15.431430825931804,194.4402179957999,0
ミ,172.08201341076048,179.52407353427586,158.14219774656144,3.823652487654001,172.46709953126427,0
テ,162.1578487695715,180.82526883219634,142.33186983776918,11.621731509504002,164.33173048950417,1
イ,151.92066837354056,161.86441356075449,106.92243518640556,12.476300325108994,156.41224794270317,0
タ,145.29246162591926,164.71600986373977,131.14992170500153,8.279745134532003,145.54656573330925,0
