Mora,Mean,Max,Min,Std,Median,Accent
ジ,212.71299808914316,223.72916735565704,203.2490398514618,6.684660556868716,212.35476470353134,0
ロ,215.46553443563354,231.30372323963203,196.68010266719494,10.44467650007037,215.60303873107335,1
オ,186.76922726571385,194.77030617985093,179.67524217098634,4.817997975432048,186.46390128726284,0
ワ,165.35340076983653,179.36557546307324,131.89148517925173,11.033425611179446,167.868309797322,0
、,0.0,0,0,0.0,0.0,0
マ,188.57378124470245,201.07133516728175,140.39674802657566,15.008278846406983,194.23309921770033,0
ダ,179.06705671446406,200.57304208249778,159.93459752003977,10.648079373402094,177.62365348220376,1
ニュ,172.71438216770474,200.1247348168913,147.91521417058547,10.448262392051753,170.2134279887414,0
ウ,234.36758618332956,258.43970299036437,204.57937864994463,16.660723580688398,236.71219751835665,0
ヨ,280.0831748797513,293.0654296486487,260.3488843365711,10.79325193673021,282.14274522076516,2
オ,279.50422868607006,289.931765842178,233.28824805547663,14.291186152920732,284.3149098179507,0
ク,214.1983197015548,214.1983197015548,214.1983197015548,0.0,214.1983197015548,1
カ,179.53758076483965,195.60953831123663,167.2652008125185,9.210758840701772,178.35196116711683,0
ラ,155.81725417130772,164.62884486670754,147.70980822975707,4.2359437091718375,154.9644233409746,0
カ,205.64321067022055,232.76092002522716,144.62785197573575,27.499226931131094,214.4611372765279,0
エ,249.38856070855843,260.0628823326993,226.21967805621858,10.234830014360199,252.187434807829,0
ッ,218.73872784875067,232.60094245689436,204.99397898339225,10.432249107238022,214.0922511294322,1
テ,173.10258920119492,175.98497342078633,170.22020498160353,2.882384219591401,173.10258920119492,0
イ,161.35552438576448,177.01609769844174,154.40819064097215,5.690652211040818,159.81292633348414,0
ナ,160.17334043227513,168.5609263902924,151.00826467582039,5.292626658593629,160.01930380368947,0
イ,159.58528649236,167.39128898554574,152.98678226771182,5.227267439831423,158.96710355222243,2
