Mora,Mean,Max,Min,Std,Median,Accent
タ,202.68881016522562,218.86823973245748,193.91418946957458,7.271833955669139,201.78328303754864,0
イ,234.2620901232887,255.40057435405703,209.88736713162837,16.39256608115192,234.01335572381632,2
ダ,240.8381547089583,256.10301953395907,217.6282590009828,11.252812509021997,244.49628180311674,0
ン,244.27025465769105,245.8975946056193,242.9366497800198,0.7635144336868604,244.17723246732325,0
ゴ,241.77630333677968,247.4411357048669,230.7753627817218,5.119155946688713,243.84461906775306,0
ワ,178.53424753945384,227.9344112798696,146.45597768257804,23.946281506307038,168.60709943453625,1
、,0.0,0,0,0.0,0.0,0
ジ,262.6983803408287,292.926375763606,227.59761644850207,21.258827099305353,261.88618768553135,0
ギョ,344.30304987757944,369.27585798307524,304.97017550510566,16.92072901799768,346.3896558594605,1
オ,288.68521278326904,310.9185333222122,265.20586205908313,14.62596510193116,289.56159980771815,0
ノ,207.51720825958174,260.7336727584507,165.691761886709,29.051059332241564,204.4314460316029,0
デ,158.60003790543027,172.0843427273048,138.11473636491326,7.580088333339511,160.6747785903532,0
ン,214.60581887744488,257.8523679256041,177.21913809647393,26.782379937654103,210.52050737099404,0
キ,260.49801970224615,264.27724989694855,255.1979895509834,3.4847861541663963,262.4005147330793,2
コ,299.47447236437927,313.0230099126237,293.34517496770104,7.96916529828139,295.7648522885961,0
オ,287.669403135444,292.20502188138664,285.30449447146754,1.9827973827677254,286.82028169293005,0
ジ,275.49347118687683,298.9276114471948,241.45168257387863,19.12457100293565,284.6810326138972,0
ギョ,250.55025536492238,286.3947634727872,193.1446518934435,29.49142783288758,259.39622094836136,0
オ,182.69536390434152,189.45127171564405,176.77681340003716,4.268208152217712,182.23489602854153,1
ヲ,164.27753707761346,175.23246377824057,154.9905836918124,6.635112789535321,163.90117801877645,0
ツ,159.10824860213495,195.65509911311025,139.08084541718128,15.837875213699343,154.50012183596004,0
グ,156.08106429136947,190.34544289380332,151.103992415239,6.526944475728057,154.58110862834448,0
