Mora,Mean,Max,Min,Std,Median,Accent
エ,199.92942514880693,215.02639411558857,184.0668846916636,10.007046497094569,201.7531908128717,0
ン,250.53652803094985,272.51793799962815,217.3840442138977,18.451526464866884,252.4926847705887,2
ト,258.0377420918774,288.05102554198487,218.2354628478409,18.541112165759348,265.000031588026,0
ツ,240.20850274416136,258.8698986237705,231.71715894849447,9.542287026516876,235.0921392889197,0
ワ,208.8087723159159,237.85578400755435,88.06868800921033,44.49707814742257,229.1038902826404,0
、,0.0,0,0,0.0,0.0,0
ケ,219.68655708854058,226.28668514444038,210.4156566250753,6.074150744056629,221.02194329232327,0
ム,223.56202645694907,254.292235394014,199.00939090552131,14.927386959998476,221.53322725954325,2
リ,263.2494043534339,284.09907888501556,235.87966922179777,16.82463995334361,264.17921234310745,0
ヲ,280.22134836043364,283.5617286862821,271.5956362312085,3.4525415770117878,281.5391228019211,0
ダ,251.45793117426626,283.85349277427906,214.91791960326606,22.039784535576107,260.9021431745782,0
ン,315.0146358086538,328.2329474731672,288.27913846058055,11.98806891153767,316.9534418132164,1
ロ,308.87473353829665,372.3833480132469,233.1561892155756,28.153390519505933,318.3027462473574,0
カ,200.64656598467423,216.6785693937937,185.44273250265016,10.743763434749741,201.38808902350007,0
ラ,169.18688108276783,182.9984059321857,163.720048311981,5.351533263928033,167.67684166539146,0
ソ,169.8372883598286,180.31243391668662,145.75937910656762,9.48052052796445,171.6064114612816,0
ト,289.7874078474784,333.5042405153652,243.86812085987737,25.4627494228604,297.5207655723041,1
エ,206.49648166248411,235.78485266709708,185.57013000968638,15.608683524448042,203.713957284098,0
ダ,157.28158610892174,181.55327562511485,105.50624803378774,15.948639119895521,159.19878932919784,0
ス,200.78394068774676,244.2575402436565,174.78422761967593,23.320931157744095,193.12431657709195,1
モ,198.89861509303708,227.84504931871672,184.16216823894865,13.376535112940342,195.12268285705312,0
ノ,174.28573017916244,183.48403686553152,169.19686598365294,3.9940549257608517,174.3143869681955,2
ダ,158.1781427035901,186.41883855457934,145.71022718661916,8.199388172992077,155.7884622972492,1
