Mora,Mean,Max,Min,Std,Median,Accent
ヨ,174.353716282188,191.2366397138232,121.84350477071962,16.295891207616258,180.30518814287743,0
ド,194.71728954619087,223.98603728072374,169.22784508144736,19.053208678515983,186.15988585263884,2
オ,227.68861363637896,229.00757763375938,224.432243955822,1.3542213673695402,227.9529031737368,0
シ,210.47098948198013,224.19962610153945,186.230452166843,9.50931468944914,212.95875868172297,0
、,0.0,0,0,0.0,0.0,0
ウ,188.26438574502936,191.89830117312633,178.7226788284255,4.496586743594533,190.19723143486675,0
チ,195.93263992211564,251.71427653635308,158.67371598606675,35.18540437653659,186.64918744911137,2
ノ,290.1553854751239,302.87321482964535,245.26321745728066,16.062730539940496,298.1794432376554,0
イ,304.67089589344084,307.4243526446281,303.04942953744575,1.522064896334825,304.070618123107,0
ヌ,305.65073881334575,340.094661264512,292.62840033470957,9.797595182912918,307.26822277454727,2
ガ,249.18527502679513,306.2350670800485,189.54523907027237,40.220098642782666,252.5026053661777,1
ホ,214.6982513020337,302.83320105336713,144.83725580323033,49.05917787724381,195.33037156941984,0
エ,314.3797148796853,319.31005988995264,308.26983113742557,3.8170824903914364,316.2661966655721,1
テ,274.82378776845906,302.2892353000238,258.16373886975487,13.21881398195943,273.4012304136338,0
イ,242.6131560467835,253.74928523666858,232.0062898529727,7.1976905330472425,242.16485028474074,0
ル,207.9035545016505,229.4292714771572,194.52427792169487,11.936238552245728,205.10259798053696,0
ノ,172.4077025187891,191.98086478621744,156.47826755527322,9.127896004148685,170.9087576143682,0
ガ,148.98443495057214,155.5152558515715,144.63359572760203,3.3478595575896657,147.69715000595073,0
キ,135.55915921428294,146.559845913386,106.52450196384935,14.48533823882323,144.91037197243404,0
コ,165.516187891227,170.88543760390866,161.66834259532024,3.3318350515084343,164.3228255789016,2
エ,160.45099542114417,161.85903814686216,157.84437854395935,1.1601678129070596,160.65056728850402,0
タ,155.6020798716336,171.64771813962076,138.4430224624383,6.626333785097098,155.53155616390615,0
