Mora,Mean,Max,Min,Std,Median,Accent
バ,223.48022328246924,249.1402717029086,196.5256857468641,14.053580522363152,221.53453576996066,0
タ,229.28847482680322,284.40281901887727,205.3482054966621,19.685503125510966,225.08264008738342,1
ア,190.27156734431958,203.26132037064474,178.04163465512914,7.134045044435916,190.0253187950558,0
ワ,154.3995070569684,176.72758099008323,128.3608462020951,13.207693854264889,153.42535902751783,0
、,0.0,0,0,0.0,0.0,0
イ,178.49049311981224,188.20330681457074,152.49032884234833,10.81551751041372,182.45745731731728,0
チ,156.0421651012024,160.9037014349571,151.18062876744764,4.861536333754728,156.0421651012024,2
ポ,284.76948974308146,287.145917187155,278.62967742475627,2.505132538966105,285.70967629406425,0
ン,266.8297086140872,280.61884711221325,241.98857401954186,12.211014290482392,268.6544400033359,1
ド,195.7381569620708,234.8441572560399,167.66791268159696,18.961916713108344,190.72956135407964,0
イ,151.2839783739918,187.4881906699716,98.79927388738321,28.504842071271465,154.41419425072232,0
ク,183.5812817311138,187.09378423583345,181.0583880205823,2.5565507940533916,183.08647733401972,1
ラ,244.12838903539102,277.2535454935691,207.28689380059487,22.787627140336134,245.74943136476,0
デ,177.69765866380456,203.106496933961,165.60786738543973,10.710289958555599,174.02388800378708,0
ウ,162.97047125689906,164.90114348413707,161.5529938463521,1.159163816510185,162.55954617755378,0
ラ,149.9071745241802,162.31894209542162,130.54701744414592,8.36633180997312,149.27181447268393,2
レ,153.68725478894657,178.861568780637,147.58787966995249,5.540859956831029,151.7502278182,0
ル,147.37646344880858,151.25507379521824,137.0915998350341,3.7680190480628952,148.61326711301493,0
