Mora,Mean,Max,Min,Std,Median,Accent
ソ,270.5668939910437,280.333618459633,241.61735972456998,9.60857701884868,273.33393752246104,0
オ,300.985009069177,316.8558758927182,282.66447104703315,10.556385047992023,301.96083161179354,2
シ,285.6579228633143,309.30515061522186,256.0652341339767,18.51644346043405,291.1514245646173,0
キ,297.7780145764315,308.3380288486443,270.8785673339484,9.365707339779766,300.95234616289605,0
ニ,290.2415070271785,293.8489891697391,282.2003408751,2.6288555796134525,290.30691341082525,0
ワ,190.45237783351865,279.7495432667868,126.98867560051097,43.42939449561634,176.85169198983147,1
、,0.0,0,0,0.0,0.0,0
ク,228.96953199441637,233.84698959241692,224.53976401735773,3.4976798745780413,228.3120367056638,0
ロ,286.89265362881724,341.8016155479025,201.87173456699728,47.90345081153665,296.0704730424441,2
イ,311.452530829222,328.5110191574984,290.70370274149457,13.008619815460074,312.3815587125607,1
フ,271.4634089108857,282.99608424893887,261.7852213281757,8.758025656006046,269.6089211555424,0
ク,224.9245471583244,256.20907402994624,208.52573179568336,18.486215471190576,217.48169140383402,2
ヲ,191.24914489894883,209.15117547720206,179.0687956142506,9.305653066144846,189.62931969617955,1
キ,170.19224157582187,176.96558639402988,160.90160948321028,6.3591432760290285,173.60694856649567,0
テ,208.05110227537492,244.23353228383928,201.18022551055878,11.460402240793238,201.89068938934017,2
イ,198.30203557277298,200.75232408165525,196.26875931922964,1.4295834815433242,198.31594610010683,0
ク,198.249624956587,237.65251879372485,179.9828834471007,15.98538242243887,195.89399165159307,0
ノ,188.49901282129795,203.84983282743246,171.69290059252896,8.492517742799613,188.9105792110583,1
ガ,156.36074767813415,167.98178829108116,151.2948284388796,4.656448657537035,154.50489210223833,0
シュ,163.28652071751415,190.34933600763148,149.4226659429699,14.218343973958495,153.80203989445693,0
ウ,165.82327821470184,173.08082807928392,162.1707679296437,2.87263401326536,164.642735680955,0
カ,169.9313860047874,197.0743715364112,127.17121009582851,19.75665493555211,174.75846648822156,2
ン,172.55137874822742,176.63433484124144,166.14304180878324,2.707165623972828,172.93944446788788,0
デ,165.19374944770104,176.13371755446977,160.17288200914774,4.783342552831863,163.615254367398,0
ス,161.81889951867973,164.30703561209032,160.5313765938046,1.7597356318371933,160.61828635014425,0
