Mora,Mean,Max,Min,Std,Median,Accent
ヘ,267.45130029668496,284.7301113198224,238.35981844165738,12.562741254548417,269.229366884446,0
ン,284.0557682628259,298.34583566975414,238.64746904279633,15.289452497933272,290.7830268084629,2
ト,303.3209325910768,329.8552929499699,292.5250632689791,11.404343452994619,299.49394877332037,0
オ,291.6085351473861,294.94206400072824,290.0163197880791,1.5412349262496485,291.2678682215579,0
セ,287.474057331705,299.3895063029615,260.8075584801833,9.551713732629205,290.5516949964941,0
ン,270.79972887596017,274.0111414580326,266.47261981662194,2.257160862858464,270.67200256505487,0
ガ,271.42462162284824,277.1414803300532,268.31439794278964,2.444163976037402,270.34566471698804,0
ハ,232.33604576815625,267.31790562006347,185.37159088934843,24.503144114215203,233.0952183318461,0
レ,238.05938682002784,273.9109304269483,217.3982977796961,14.671412002537389,234.45908614749,2
テ,268.18645550342734,299.2604108910155,210.97393504820445,31.892935464980827,285.8829739101834,0
イ,282.87276966610824,284.35041733772294,281.6435382319397,0.9757814466873975,282.89770152231324,0
ル,262.1034227642808,281.791385422274,221.44585082065632,22.06569150483147,273.97725443819814,0
キ,241.27385455635064,277.2151322328041,209.68470971614192,24.20530268893803,229.2368479487241,0
ガ,266.9968300924825,276.8161555850987,259.366598575502,5.760254748267773,266.3141997879014,2
ス,258.8687988641857,303.4032523318459,72.8500696767405,57.28484706028448,277.1430737591961,0
ル,251.002596462808,274.28428078477555,233.17146415082252,15.228465115428266,250.74511167915517,2
ノ,264.2599439314818,275.66283755808377,244.1909486701494,8.103711509680705,264.0230070682338,1
デ,198.05721554079798,236.06149994013478,184.78706992445703,12.026927877244713,196.89589104967408,0
ス,182.90617190431504,190.1783224362866,173.1581945431828,5.191415457106391,182.85956854362405,0
ガ,156.8832980637656,171.2217001253954,146.40458324333045,6.958839483494534,154.91570180132632,0
