Mora,Mean,Max,Min,Std,Median,Accent
シ,232.36873666850155,245.52203448314805,226.8460693158548,7.313958909461529,227.98630501803078,0
ボ,253.93231726674836,326.93950183434987,204.93225989356475,45.54003215798155,230.02323044574558,2
オ,332.70800844442374,336.94623435301554,327.16576440478053,3.3670352157668346,332.44897828171406,1
ブ,299.5994256401141,339.5951740046591,247.5730894904141,29.410540017408447,293.61536708171263,0
ン,221.31914506863316,242.46370833525336,207.5033954715687,10.50192571033661,218.36381207089067,0
ワ,189.572717167415,204.92870145212714,180.23477182678909,7.90172596005391,186.92870383137407,0
ヘ,168.85513326268693,195.9616397115643,147.70973413743263,12.969531480746674,168.3267764263474,0
ラ,192.84683096206146,221.80926472146345,177.9005778886082,14.974640185341276,186.91460097624184,2
シ,244.60426878272142,262.18963721872365,225.30153809644239,13.363043578575626,245.54779108658167,0
タ,314.6487206254673,373.6245874552664,284.30053895975925,29.209505629960063,307.6684048778351,0
ホ,280.3865748070445,314.943890747098,232.35063750108,24.872742426877526,285.45810127799746,0
オ,294.83473235197204,301.52104702585814,282.52310948901527,5.804387867695203,296.333136388282,1
ガ,207.0057686580246,274.7286747161955,158.60287948831365,42.47747089796262,197.77292229406902,0
イ,163.61617961884448,170.52324001618095,159.5389154788379,3.5770640556399425,163.02227447380164,0
イ,193.21241762617146,206.93675171575683,172.8101667992765,10.203266161217414,193.7428358198366,1
デ,174.66193624042927,181.01969509162078,168.4435135167231,3.9846456454676624,175.5260086172221,0
ス,160.6217504920028,192.34440029018054,136.7603046010075,15.210063085768118,164.92140960471176,0
ネ,177.49462725212715,218.95986849423954,151.4009162374089,23.147997061470576,168.99658525321658,2
