Mora,Mean,Max,Min,Std,Median,Accent
ギ,206.575584944058,211.09537380693527,203.73256009817345,2.196652875738045,206.57320753715325,0
コ,220.36473443200796,290.5697128518714,152.66238599954139,48.89837049036621,201.1582420708783,2
チ,269.45248773282805,301.735925097863,185.15671304590614,37.17642725609926,283.71653362859456,0
ナ,313.6112685764438,328.7552501022991,292.5742270174566,13.209961539719608,319.2943939669279,0
イ,310.5358508151646,317.31415783230284,300.16098940380925,5.797699144340888,311.45272444247877,1
ワ,208.89270103450278,295.30526757982994,170.3678308693612,38.513335224652906,193.65607966964865,0
ラ,172.48352470465124,184.2890841142187,155.2897213364377,6.362806193515319,173.17894487041463,2
イ,188.70969831304188,191.72056038225097,184.6050760154122,2.458106385695608,189.70735316083602,0
ヲ,187.97669901410262,190.81419509453514,185.90914976197092,1.5829857459185048,187.77143682296645,0
シ,186.13696269883133,194.11242034087894,160.2077267022221,10.344407941787445,190.67005135484214,0
タ,186.38212132985987,203.22474285230183,172.54601205119096,9.937922945344933,184.12772909202906,0
テ,189.44494718074364,203.28095209545228,156.80605423832012,14.122171903466992,195.0276098965769,0
ン,203.8760839864533,205.93450042262262,201.47732363329666,1.6811176331885864,204.14140743702606,2
イ,209.25694967822412,211.393901830838,207.1124826068168,0.879958647726664,209.34402008818506,0
ン,211.51643823254577,213.43239054794816,209.34411967230506,1.3639414597378632,211.51678013302282,0
ガ,213.29485386127303,218.69725856083244,204.5316699745596,3.1813081649753028,213.55059938547458,0
コ,200.71604888121004,233.36040418731025,184.19256245173554,11.217296163730207,199.9494867689535,0
タ,195.05852030759368,223.83098526838995,165.74754114921177,11.573954680297486,193.8443686367852,2
エ,179.89255934893814,187.18919145152276,168.49697856918158,5.3542039215680415,180.93975349233745,1
タ,149.31543263985918,179.3835445200895,135.9538577765769,10.663258560398862,147.49826501886218,0
