Mora,Mean,Max,Min,Std,Median,Accent
テ,270.9033607293706,281.87974465654673,245.58072782745754,12.65686281510747,276.16700133611806,0
エ,287.2730465128795,307.6877093358113,274.547024463827,11.362693917839824,285.3804377152657,2
エ,315.6357250301312,318.90352090306163,309.64863927532616,2.6329933969568593,316.5798942070869,0
ン,294.9636301706254,309.72514899979694,269.6603313134878,13.012743834662238,294.4902638116263,0
ノ,295.87544016963443,309.10550590160096,291.45654184325326,3.8572433946408897,294.80068485912545,0
マ,276.08048738901306,294.114247246441,265.82052858617715,8.061205978673753,275.2374531378391,0
ワ,262.45946086793515,266.61967382840857,254.26509051125237,2.7919148806925818,263.13709119890217,2
リ,249.66481122731116,255.33287314063531,242.43635851153775,4.741733803276298,250.93005762977742,0
ニ,231.068443662417,241.24701578587428,162.68500963117106,14.172660958318009,235.73961361064738,0
、,0.0,0,0,0.0,0.0,0
グ,207.0207056758139,217.07594413686957,204.075819719682,3.0380171989787637,206.22442890724682,0
ル,258.2564332340823,347.4341035762766,188.98693434127998,52.85225273085172,249.80030456668402,2
リ,327.6397431677543,368.3852213306254,210.14048237845358,46.1394077896255,351.10621837447286,1
ト,215.49258275385168,284.3220052550065,184.61473866910777,29.3358239044769,207.0392663345976,0
タ,191.9120970628568,210.6328382354052,180.03991811411268,7.8945647274279525,190.8172882238934,0
カ,225.99883835721022,248.03205670750845,159.61562663505418,24.55461186337938,237.07417460052125,2
イ,222.6967921242522,228.66606069082715,218.23218465616682,3.6819795672739195,222.1055543412794,1
ヘ,183.76873180087676,220.85538916246657,132.3774631118231,23.730899591345075,175.17023314889795,0
エ,234.51046205049116,258.28828140758304,210.71081967604098,14.758532083285276,236.53071597697877,2
ガ,255.75227932372874,267.926397739449,247.26344343762378,5.642007030466819,256.0947256920413,0
タ,242.25715727089005,286.6790976893225,207.18074755357105,18.162486374690705,236.1233309028541,0
ッ,233.11779680228028,260.76805311217385,204.90458978954342,17.917993411096024,233.29975920666286,1
テ,213.98429807769483,220.604559233868,203.7821886794022,6.819371948401116,215.7752221987546,0
イ,160.47025136149676,196.69774945886155,133.4603650366569,15.545935711985559,154.00950397932291,0
ル,141.87856163245797,157.4280993285485,121.16878229476907,8.142405927484676,142.78334134652283,0
