Mora,Mean,Max,Min,Std,Median,Accent
サ,254.80653238042407,275.4859372030433,208.89748935585112,19.95616921542293,256.7558010868546,0
ヨ,289.47257321922694,309.1154165751849,269.0451635800958,14.017007374766692,291.01168924214835,2
ナ,316.8074820508524,341.8083701669836,281.5158169159627,14.760952023019748,310.45271205589097,0
ラ,327.4939950633494,335.1786089419858,318.22597903092156,4.257181071466423,327.68782634973013,0
ヲ,236.1958392620633,319.87519327555265,178.06707610147922,47.144077144670554,224.91968061413132,1
イ,171.8451590950059,176.02977043062552,169.0250365567985,2.056033785975271,171.29958558453023,0
ワ,186.76814888676964,204.56739460218355,174.53354100051922,9.697062713863641,185.02944361466996,2
ナ,228.74401202685786,253.09049312748078,206.97916864802824,14.608643143001673,230.18908288056878,0
ケ,239.91879743450707,267.870051618734,208.34803702530007,17.057750909509906,245.22719360248115,1
レ,209.2853230263017,230.93712059837182,199.56248057223544,7.817964932665445,207.65445453135254,0
バ,175.80723218689246,202.40218445056024,161.56630674484023,12.463751692198164,169.95512040453355,0
ナ,153.81422613888856,164.08093936266513,146.28777599237924,4.002787974877539,153.36795956345745,0
リ,155.03874426602462,164.60373252834913,134.32618949708416,8.235223348316763,157.48402654728497,2
マ,171.13604456742564,186.5287926807296,159.00210119810768,6.984644538406643,171.85250874352266,0
セ,184.3780529672947,204.5253891132265,162.22304021498647,11.12775474401664,184.76667809656476,0
ン,161.2724629044709,184.95349645737667,142.07114665377003,13.50912747148207,162.21733653542265,1
