Mora,Mean,Max,Min,Std,Median,Accent
サ,238.96638455086418,258.4538538368281,221.97485477554133,8.456055212224538,236.02340895193888,0
イ,279.09324497394,288.94234478485106,262.8045645707582,8.965618358276917,281.8427227165646,2
ゼ,275.554955185051,307.9500702527301,222.2468698453921,29.59621134075581,288.4125759281215,0
ン,298.99992017061805,300.5713074747043,298.2256713923184,0.8515349474351652,298.6213547719484,0
ヲ,303.34532216957575,306.4858668136211,299.8851282237834,1.8706675658619307,303.68466542801104,0
ツ,0,0,0,0,0,0
ク,302.9117797616748,325.0027866931618,259.40817423687616,25.55823803396351,313.6180790583306,2
ス,302.90396220166724,318.58538799701915,282.71546621556394,14.209253384787216,306.79097731265495,1
コ,230.66243579100976,255.06866235025626,211.1101769488536,14.660157680998298,228.51735277891157,0
ト,185.82732333370566,201.66203157171262,176.0043314942301,8.640050542841522,183.4423190533849,0
ワ,161.03013598193155,175.18574698563953,132.36426866806946,11.35191556247751,163.19967111567868,0
、,0.0,0,0,0.0,0.0,0
ヨ,184.29467114598307,225.12140708305557,141.57642379146995,19.09887555429981,181.1850203219595,0
イ,249.88871182700905,263.8178174036949,233.1186751486577,10.008525114770986,250.6666641010862,1
コ,226.16756697355143,264.75066922926123,86.04227381678606,36.86428290860737,232.73936244569285,0
ト,183.5662688005141,191.36915611865385,169.08248010672142,9.787431341901462,189.75845886032178,0
デ,169.40543428783454,187.3395180485672,153.20306505452766,11.515224805153546,166.97358090359432,0
ア,168.21688750145256,178.19876481193842,162.90019625247945,3.8468458024409107,167.95777606664748,0
ル,159.82229443699572,223.93459880909185,134.4139317512842,22.799380524881066,150.9787238104493,1
