Mora,Mean,Max,Min,Std,Median,Accent
ゾ,217.8055260207048,257.3991363197417,200.29106319597247,17.20449890138999,210.72652967590307,0
オ,292.72013872204053,311.6048246990705,267.6846803447555,13.767835528623218,294.11137553039583,2
リ,306.76500571229514,320.316812551162,264.5364823779426,18.070053701424904,314.4250455259404,0
ヲ,322.45584390682365,329.37456594593436,317.0365848120498,4.100317557385181,320.5748680628134,0
ハ,302.9460823969165,329.3742272707232,269.2522067082571,19.508893626412245,300.47439046102977,0
ク,261.487495974073,270.9366105973891,252.7786036036546,7.431431052580726,260.7472737211753,1
ト,266.516637162253,274.0962972585485,259.22692479534,4.963519228169637,266.5044356117887,0
キ,213.85536950124109,255.36892313331634,170.42177134428448,23.689001404225646,209.26239832884247,0
ワ,162.96144944639062,196.5979195909025,130.0737547689182,14.632736627862158,158.8123430665882,0
、,0.0,0,0,0.0,0.0,0
タ,188.33502765549272,193.50065838789862,168.77507130768058,7.162866469329318,189.96319572006024,0
タ,250.21902230589237,274.4242739766697,170.5628457841736,25.700157391128393,256.2743222894366,2
ミ,298.7047952269284,313.28145821629283,274.34847476723866,12.705646617519669,303.9727078170606,0
オ,316.25021020593886,319.98026113553044,312.8332246075653,2.4187301965112735,316.8287260056519,0
モ,299.3507820519852,318.89475248245094,231.16765929383527,18.495399711997916,305.20323199047823,1
テ,223.0370168928677,245.78879511706862,188.3402899576957,14.261210473266804,224.384132887103,0
ノ,194.6813906936484,213.54103795197798,168.65987121267355,13.632579161253869,198.501284111356,0
モ,163.23998540896162,169.3497042222882,158.13860755024817,3.1643831585118445,162.19926046768992,0
ノ,166.23964376446818,176.9045817401869,155.24812978024752,5.5396991930634165,167.0890222320461,2
ヲ,152.38859451609991,154.10950667091348,150.30910544414454,1.2272337147034404,152.4641328959468,1
ハ,141.5605980072674,162.01926073974627,122.18790010224056,9.778315804513328,143.10099960343774,0
ク,141.9229517043404,156.44559420027826,94.29334083751381,14.905536331530831,147.93283226557685,2
