Mora,Mean,Max,Min,Std,Median,Accent
カ,303.05612947230844,322.1984478889779,278.7827425415857,16.173774002526308,310.54141790658025,0
セ,340.71071698313915,371.97122514112004,304.20614659929623,19.670138346681654,336.29184734205046,1
ン,316.16222636441836,328.19553502823993,303.6132512137456,9.290267951250595,316.7780594588394,0
ノ,253.22610488863936,301.0005162510466,205.5768116571179,29.661817331996165,251.54216984425906,0
ボ,177.89637549763003,208.93116501765343,150.57822341217644,13.31031996723158,179.56490650145395,0
ン,180.69731775228166,183.3567061738798,172.34118427283536,2.6065673785549976,180.97637344870958,2
チ,182.41630518824581,205.59412074755897,157.09868152914726,15.294748423264041,182.45647093247015,0
ニ,187.5499925413164,191.55985674143528,180.8383923236319,2.9448568228936387,188.77426620162606,0
ワ,169.47373388196195,188.28732379917247,157.99490695552026,7.907423463090812,167.3481021415955,1
、,0.0,0,0,0.0,0.0,0
フ,0,0,0,0,0,0
ツ,191.6954915833555,209.46668774163507,185.92311312833021,6.259363830921494,189.52899824938658,2
ウ,179.7124194513624,198.40455364494267,167.64160557111558,6.347397716000911,180.57127700007166,0
、,0.0,0,0,0.0,0.0,0
ヒ,203.76533684985938,210.19559924558456,199.23960909566938,3.6952458079305757,203.09632067192877,0
ヨ,236.13767665258638,264.7977303479938,203.33032041446162,19.443821320776102,234.76020889837048,2
ク,256.20459624619974,300.4705116120414,221.48919346762506,24.587264829541088,254.27801259358347,0
ナ,270.9209571387472,281.66833764767523,261.86212265133116,5.91088969612455,268.71185835298047,0
ノ,268.958821823249,296.89636624673267,250.18639577762448,12.973926069394013,263.5545086011335,0
オ,317.5271537314763,328.0394863855674,300.0542282987443,8.803867680731448,319.25418190029643,1
チ,256.53898332586016,319.42558245395077,180.74933620759845,42.7934450534948,272.99694750213064,0
ガ,186.3941386535207,217.20372464800073,165.98518565710143,15.386062059258721,183.01203028603268,0
ア,164.3141894022676,165.2341300892728,162.60526727557112,0.8081427761230482,164.4161882708108,0
ル,164.63231801979683,230.0297214846781,145.2816712580933,20.78274006297307,156.99557825632,1
