Mora,Mean,Max,Min,Std,Median,Accent
カ,324.22891335744356,343.39125888337674,292.82448737748587,16.807507144249122,326.64548830865687,0
レ,347.2465939180186,359.5248429432964,325.86499878410905,8.569896196279062,347.4354292741872,1
ワ,232.26947061645308,321.1602170575044,178.3717745695755,46.24848782968292,222.5979817775921,0
フ,174.8700968876839,176.70425902591026,173.03593474945754,1.834162138226361,174.8700968876839,0
ケ,334.5843565467146,341.23488715445546,306.0903217599318,9.893367941397978,338.48044609219437,1
テ,273.7739057886157,288.3391498524297,247.50323237709617,12.177671995109602,277.43167478557496,0
ミ,209.95857230689123,256.91497051127294,183.06367324000635,22.537838319309447,205.49538300019947,0
エ,188.7491760117224,193.87273215655622,180.76063304804578,4.346129501776423,190.66502461052232,2
ル,160.91615987171696,185.66598529541523,136.78021944309472,13.160930187215412,162.0875041800431,1
