Mora,Mean,Max,Min,Std,Median,Accent
ア,268.49428138011496,311.2909536941268,234.21078751711295,27.713381950646376,261.6685731038657,0
ク,267.6274832313165,293.30779859871683,254.82281719349152,14.962346042316923,258.7434357272887,1
シュ,272.49299254789946,289.4272849570513,265.6000036350715,8.625565961826275,269.9422578837091,0
ヲ,232.158784704678,261.53112351987863,207.7697939658856,18.81349801487192,227.82250351671638,0
ス,208.0885490155769,237.22437302748503,199.63501253733318,9.557596575527834,206.41553598570323,0
ル,198.9976420488894,209.18845796907374,180.73409542366105,8.771984316410594,201.0622583243067,0
ト,204.86439897902974,220.01226116421364,184.4583350678193,10.84483755084242,209.59405412159177,2
キ,198.0604732852244,219.39604879643267,169.25105917423133,15.04466118842612,199.16735647066997,0
ニ,176.63581442295134,197.33508905510098,164.4823388129552,9.686621626965334,176.21306202309597,0
ワ,159.24669183945193,163.9976018615555,135.85950479310875,6.098518841825823,161.16865726389872,1
、,0.0,0,0,0.0,0.0,0
シ,208.7375955438024,214.54738013714976,201.25470955493998,5.554171045952291,210.41069693931746,0
セ,225.75695445045852,258.9876816521871,167.1485891572443,28.159735409647002,238.96935880275493,0
ン,257.9136622533989,268.1193982304804,245.38713286889202,8.293728605219037,259.0319581826015,2
ヲ,249.62538313355412,267.2377021851326,187.80228328433273,20.696320046103583,258.3780116359925,0
ア,199.51437363331144,210.26591056569129,189.10137304265,6.035577247269834,199.0983806891051,0
ワ,245.22755448567648,281.75985492684555,211.97921155097595,21.838063349087644,242.49103493980238,0
ス,297.6846491837453,302.24357579920814,290.39696669108156,4.006031004101169,298.5261516245295,2
ベ,192.01583951491722,209.6153016943999,172.4391219016286,10.622765636621997,194.09134613481072,1
キ,167.93957852350613,199.50266971236726,135.99665045132818,17.971125280563836,169.45538343228145,0
ダ,156.3594979747065,199.38684332070864,138.59154464392773,13.045376073214861,155.2182025701967,0
