Mora,Mean,Max,Min,Std,Median,Accent
ム,203.52388600221883,212.9237890700563,182.95439882920002,8.660907075996246,205.45405469966602,0
シ,259.03076843526657,310.2176519408466,172.3680044072445,53.83602444469172,301.07186505172086,2
ン,320.3593199701887,332.2726272760184,307.37132298831585,6.511270959656413,320.1415084509335,0
ロ,352.6283271186853,369.252999004475,333.07718025283486,12.136055748148866,354.8382465025835,0
ン,328.41484336803535,354.87833478913603,294.9558664181324,20.095852801267426,324.2439775237233,1
ジャ,239.28446294661973,290.8942202350221,191.9086409329792,25.6815482747391,232.76119048667587,0
ガ,180.9317675732177,208.51069528826352,162.75184572758036,13.792855640386282,179.58358105113365,0
シ,159.68388991530915,162.49995580124153,156.31148962394212,2.367760821744831,159.06818091974995,0
キョ,284.40917514154387,294.74751100054465,274.43220445699916,6.8709750110453305,284.2428393283852,0
オ,288.05770835685786,294.92719989646804,279.1770065130766,5.00474079802733,288.89307768159745,2
ノ,281.81145049247334,292.4765845998468,271.4701558139971,6.369759203668515,279.18671231927215,0
セ,276.9861459588318,293.3807610822999,219.84814312340802,18.636097763838105,280.54484461755885,0
ツ,264.2825071506641,264.2825071506641,264.2825071506641,0.0,264.2825071506641,0
メ,254.85921027399152,267.5194840956704,245.2340370650513,3.5523267736150075,254.661895243108,0
エ,249.44601775408435,251.61373982818566,248.28004513267695,1.067110106889383,249.16423609444308,2
ヲ,240.97946737035969,252.38926372851967,184.2914705734343,16.382320654347293,249.06794870990765,0
ア,164.66827615871335,188.77738334564157,111.20799439316833,22.579725398305452,174.68725039915103,0
ザ,189.8020781514301,215.33931513372974,151.44036989480313,20.997099888068778,193.27443027429135,0
ケ,233.2125448211379,264.66666079413636,170.09088567324318,24.082635293732082,248.44155418705623,0
ッ,218.4492242732872,247.4424511620175,204.74124913751757,16.905132289323216,207.9685941057125,2
タ,133.1682177645958,173.55094101769004,92.07973929487328,20.61337981317321,129.79936693461218,0
