Mora,Mean,Max,Min,Std,Median,Accent
イ,208.09740624117043,218.51121561221305,184.97914480688848,10.020624363516584,211.2258748562085,0
タ,289.0046144695891,331.95485837467464,177.0223981608593,60.88194195340195,321.61131604403516,2
ミ,351.37998968240595,373.4666915910386,308.40476234721217,21.18229159207049,361.19524185593184,0
ガ,273.93573155275107,353.7968768970829,209.186943377445,46.22842396089598,270.87287144189054,1
ト,186.508522934582,195.9518040298636,164.4603609482323,7.717339962593497,188.4440917169642,0
テ,203.5257229917916,256.90259178376147,162.16208234959063,31.597340924431556,191.0217738483918,2
モ,247.9179502929187,264.7714167070378,223.9579826893863,13.589291662735878,254.15147526074588,0
ヒ,246.50866928190064,274.1026566216828,205.11408962063877,24.782566790807998,256.7145327880885,0
ド,261.4160973157372,289.46004390157003,220.2869385371988,24.25694882090291,276.67668766399436,2
カ,239.0536188122606,274.5477098843293,218.32719054232805,17.979370194472082,235.3351955503006,1
ッ,193.26835669837533,210.88617662604855,181.0894370586128,9.322863281483498,192.8443000109337,0
タ,189.5343515981657,217.54956568438794,178.77832352002196,16.258835649931196,180.90475859412646,0
ノ,173.08913578172223,179.97386870092166,164.97724607905923,3.7533821050825567,172.65767151148043,0
デ,132.64443074008864,176.89333448730497,67.74297629269711,30.750594907197666,139.41974560083918,0
、,0.0,0,0,0.0,0.0,0
ネ,162.3915623151598,168.44293598937008,157.72897155349796,3.172310098334825,161.59473195708617,0
ム,180.51427676499847,186.73179494864505,166.64300072663698,6.017115487396244,183.42363798763398,2
レ,194.37184189974533,206.49900368643458,184.09082281625015,8.646750677254964,192.81143214038065,0
ナ,218.42839521793974,238.16607752765992,197.51819221694083,9.18517567885019,220.2260524624752,0
カ,198.37440138319678,241.92514883977478,175.71419759360546,15.061371185640787,197.29658224519198,1
ッ,169.6619675314125,172.8620258529836,163.78133090142097,4.16364265609769,172.34254583983292,0
タ,141.85796517019142,160.94411331238973,117.02822209421946,9.521586715728413,144.20618702497939,0
