Mora,Mean,Max,Min,Std,Median,Accent
ス,291.3368884622086,310.48883915771756,285.25111086498833,7.528274623046272,287.96786901299566,0
イ,321.9572451058951,339.67438737677503,295.63586832299166,15.073785052441623,324.5992109468906,2
ス,321.1901218303861,328.02815169319337,313.4257988639309,5.997259997863851,322.1164149340341,0
チャ,333.32256429789004,385.39991667716123,321.9500905476037,16.465188939854656,323.68797133827616,0
ア,320.5425491245551,321.1645822476709,319.7236428158519,0.514107199646369,320.5591500918722,0
ド,268.5599773387748,324.5771669917876,222.96174804677648,32.92942150125422,253.5478327989298,1
ノ,206.28652976675886,237.9935886031366,177.44212080426783,19.603282370528483,209.29379123303374,0
ナ,162.2207530057822,175.42637949127231,154.66459262755265,6.0666212210497585,161.38368028565634,0
マ,176.75152232799593,191.90337795049612,146.9862879408825,12.942779516941785,182.28577582380044,0
エ,190.42657405294057,191.28571745981253,188.96789053542946,0.6738638371782524,190.3979440046037,2
デ,188.15001098135994,199.64196917629016,174.30723512906704,7.179537024402454,190.46107188415846,0
、,0.0,0,0,0.0,0.0,0
シュ,206.9741727746369,230.9387889603571,198.1823354988582,10.815967682757499,202.42387775322362,0
ビョ,224.6883629520036,266.1049695811139,181.77554318623982,32.733691609827055,227.77734354867357,0
オ,271.6290341221884,278.965150292749,267.12367542004336,3.54948671263872,270.8483366897568,0
テ,228.246676357937,234.48585292892892,217.21153464689468,5.935539808586636,228.21804915378794,2
ン,195.20316663819636,213.23773124595792,180.90828319350499,9.083604460097362,193.89893751682243,0
デ,158.54544241186548,179.52930614857812,142.28716125613172,11.811162398573686,156.70627601901086,1
ハ,160.6341996082461,175.20581171526274,145.79837473687945,8.108451818615409,164.0859922750144,0
ン,197.6433789104114,215.471851828467,169.3340185583077,14.282106956715408,201.86660452464196,0
バ,214.14080903539602,222.81135208302013,197.1711533602215,6.159132810063861,214.81389844608043,0
イ,214.9332116378504,218.27660008811884,213.5892950905872,1.5544115990955287,214.35680728036826,0
サ,224.25156369728404,236.91771282923284,209.6407440326594,8.382484767330563,223.54830375759403,2
レ,199.32346437263234,210.29227598376556,168.91085963755933,8.496694982589458,201.20300037356353,0
ル,196.55636912021413,203.44286110452444,173.5208352283925,6.556713952404191,197.77856681684975,0
