Mora,Mean,Max,Min,Std,Median,Accent
ニ,202.7983017080626,228.3847446536326,165.10893148344667,14.422895602914037,203.9754619223983,0
ジ,214.44180113456468,255.26831258166092,189.35519925621801,21.868135326220465,209.88334203041012,2
ノ,265.1469074640995,288.76267597792383,224.52323109373253,23.620351647650484,276.7017526125842,0
ナ,289.3918602311903,305.8970631008505,277.61187508679745,7.881002017553015,286.4074592839136,0
カ,235.77782803138396,270.07145783929974,198.5421730043986,25.491720977796014,224.67788210120645,1
ニ,164.97900112602122,194.95755166036582,141.39366933378315,15.023117351149468,163.54489152835433,0
、,0.0,0,0,0.0,0.0,0
ス,0,0,0,0,0,0
ペ,283.1125307780342,300.4411666482794,256.29069029405184,13.320968400987507,283.0022721049495,2
ク,257.9763911382738,262.4726492769441,249.72458870239447,5.842736050249125,261.73193543548285,1
ト,286.31240276344334,315.078629726303,267.1707945121754,14.794125872445921,285.6891865252994,0
ル,236.2832651684793,261.8298011291335,216.14855207942364,13.170002256110722,231.0252472078032,0
ノ,184.4239886386362,221.38972231334435,156.6873457311918,17.568242439265294,187.60774976376155,0
イ,149.5071435041372,155.568644633498,146.81097314385542,2.2388484381775062,149.21797691120526,0
ロ,182.9741162477604,203.7375359452572,132.28909209110034,21.925423833877893,188.6970674826219,2
ヲ,189.04797454508616,200.24091869859805,176.902347060397,7.925818761331496,189.37288516717047,1
ミ,172.8901863893842,230.84246011688782,147.09851461981114,22.598526927577534,163.2386099569828,0
ル,248.996866265382,279.4577975214844,215.81551818743418,26.251674303870818,246.14794816477152,1
コ,250.50368827166082,260.99648791202367,242.4904155500025,7.7558459187259245,248.02416135295624,0
ト,173.62498429342625,185.92285972516183,164.6926469854612,6.803815809494237,172.3122959327921,0
ガ,158.0658141545301,162.81016197686125,152.89362917080072,2.6168378513991004,157.99517306880995,0
デ,142.03519344219393,157.76137950242597,127.76553399541837,7.472788265399774,142.5817487854436,0
キ,153.976068227439,194.8817615290097,119.39968104348395,22.69132071092774,162.96448233452364,2
ル,154.70565990833154,210.58348482864838,121.3519382638479,21.43165771873379,148.24211847948402,1
