Mora,Mean,Max,Min,Std,Median,Accent
ム,191.7764798987002,204.23091846629572,174.29286274869486,5.341526133980696,191.2800182483169,0
テ,294.0132077193021,341.5226147203364,187.65718630127694,58.75633040609956,322.92689731633953,2
ッ,0,0,0,0,0,1
ポ,299.46790682773565,327.3474472585266,282.02997788638896,13.1412538060539,298.7347367807924,0
オ,250.23207925783026,278.30305118317665,224.62512880982277,16.279333238536292,248.21045316152833,0
ニ,198.62240029272456,224.39911033292955,169.3789649873951,15.962492802037133,204.67034939215915,0
ア,162.03748616153266,166.6211601497075,158.39280923820468,2.5892086365067994,161.7567609394788,0
タ,193.12646502840553,235.1081537035448,134.60247418986899,28.867439729239447,202.08581607748692,2
ル,211.97445434188177,224.6607069514376,190.34937391858685,8.605968033913282,210.12675163444464,0
モ,190.20047641544195,219.5731834862815,154.22450413762704,19.886417149643165,194.28912005517856,1
ア,149.74320755944936,153.06721853899032,146.10112411766258,2.18674427609663,149.46282803946872,0
タ,176.29979915208,189.97978925691754,155.75360820477027,9.519792455101033,178.32073603128316,2
ラ,192.2181002290997,202.21907323458558,177.11643700392816,8.044233666554454,193.79580573330844,0
ヌ,202.27457484267825,208.812082652242,189.95893392804314,5.293795992463588,203.3554416475776,1
モ,157.49060436790458,188.01150387163156,93.26156565978896,19.10842893332311,154.57180807246226,0
ミ,166.62232151163587,187.76213601136106,151.19505956344958,6.448177750326483,166.36742034033034,0
ナ,173.65167687447172,186.27882694356418,164.76618818628538,4.798037943785891,172.5402342253583,2
ウ,194.2884627218186,240.8030643287317,170.2027922849732,21.770447081883013,188.72374192212416,0
ン,255.24320745949873,259.6718500196775,244.68266317282917,4.378889720378801,257.02617337437675,1
メ,234.26130607307482,257.4969678213396,200.10518412842362,17.625069437598974,236.03490688228945,0
エ,177.63294298619329,196.97867059952972,162.12638762849193,10.87663654009348,177.19041412666422,0
ダ,138.20487830848816,181.047024858298,121.4031345879498,12.005651994199555,133.35421759003626,0
