Mora,Mean,Max,Min,Std,Median,Accent
ト,336.520791386512,354.446680957497,296.15495966234334,15.74876187731464,338.1499207173481,0
ッ,285.93235713258076,298.77547572737626,269.1211113075766,12.427251172910635,289.90048436278954,1
キ,294.41152693200667,306.88937524973284,266.3217063090666,13.610894397204632,300.40526451110003,0
ナ,252.80963784874785,280.9599879994689,227.1959077402008,15.246436966459516,255.65273761738422,0
キ,194.55010844949393,227.6967803467927,162.19095913615325,18.192113207245104,192.758244609264,0
ガ,169.3297006312814,182.09724638034595,140.1062872851485,10.09495595621172,173.92170896565597,0
ッ,137.08492956087392,167.3740297245515,96.01443994202184,28.408672353038888,147.7557899856567,2
キョ,223.0623254792284,249.85893486150678,189.1605303238483,15.310747992469276,227.23459952553145,0
ク,214.75168056674187,257.26563061273146,188.20652699223183,26.78528229379717,201.20793002454505,0
ノ,226.4586365455799,239.39190107624484,221.5589388213014,4.671804243589232,225.47810041563028,0
サ,211.61298503293284,229.32621804630472,198.1568885483819,11.592137932057748,211.16192278471794,0
ッ,174.76183024662447,198.9203499486803,155.34171441405354,15.52672433729498,169.6850201132293,0
キョ,190.0094548123361,197.42661156021984,179.70932736638107,4.9571980973271845,189.65250651006914,2
ク,175.57191764104053,234.33043710795081,140.3787854301833,16.864781479792686,175.13522453800852,0
