Mora,Mean,Max,Min,Std,Median,Accent
イ,222.36175577206723,247.54082657222588,166.98057350518144,27.16855593046014,235.92023421141738,0
ク,286.96726312388165,351.11595231521574,211.7404222313419,57.304801356402,317.42852384704196,1
ジ,285.258987248069,352.91654036221786,243.5923166066202,31.244099218307984,274.3042293601635,0
ガ,201.73524870417543,236.8666788612995,180.5416740013447,16.21840414068291,197.45914953489518,0
、,0.0,0,0,0.0,0.0,0
ナ,193.54237732510117,219.0749670748471,167.1999626195661,14.514508019004342,196.48430508011865,0
カ,254.16373821963452,292.6975334247188,202.45813883564963,32.12128803819509,268.27377423140183,1
ッ,207.9257184808146,246.0747514887476,162.1719970290141,20.841934597803437,209.61050252668133,0
タ,195.476193044651,232.37592354082312,180.8392565236869,13.41774371252079,191.70466742470722,0
ン,170.28829439254758,179.20472882568626,163.31464603561113,3.964327165510027,168.99350276373872,0
ダ,155.14511737785165,165.3077536405713,144.46486905378848,6.508861463364785,153.23778835509313,0
