Mora,Mean,Max,Min,Std,Median,Accent
カ,257.8332215002157,268.95307242765097,253.07764502726164,4.937052046209093,255.8478901852338,0
ノ,246.68013518724365,253.31127191328463,235.8129435529287,5.466555981628966,248.8021741931574,1
ジョ,199.26465749693625,234.45215958259308,178.5526662246797,17.658765564791445,192.22851644349538,0
ワ,161.91609751323043,178.44326264935037,135.09200477866963,12.807191878729371,162.58372694730622,0
、,0.0,0,0,0.0,0.0,0
オ,175.12413560931708,179.4722684563553,162.69320994287386,4.395684355187271,176.37757701169272,0
ッ,157.15772449255263,170.91981450800722,144.1947220527253,8.85299326315689,158.74298575638133,0
ト,254.00607155612178,257.3354074456204,251.45270743752866,2.3305195531430116,253.48024193701025,2
ノ,278.783608129685,293.4848677972955,250.77760319136064,13.852495510594565,281.87579579596127,0
ト,284.823107066736,300.60009866178683,229.07296195120026,21.306503854281132,291.7320143041838,0
オ,284.7382953980255,291.6388930801436,281.07629223000515,3.1929818952379567,283.4288274564723,0
チャ,259.7239448550665,305.49476541638677,227.57842093065642,21.65492904267887,263.31755765825926,2
ク,240.56505875121988,268.9307462598889,212.68811161874734,24.109707631294693,239.34293399814618,0
ヲ,261.42038168412734,270.85490171507854,246.22125636207667,7.026230469217746,262.53108930279734,0
マ,197.0079842554656,242.91292038892928,171.88307989651,23.19788938207887,186.16465659707416,0
チ,177.88902952985615,186.6833882888367,157.9076450118378,9.426641529814294,182.86574810791234,0
コ,265.52172260561235,274.54376694288146,261.4574332054019,4.000561267991085,263.8847101904789,0
ガ,292.07943594279925,311.20819200359,265.85238767088595,15.824763969203177,296.11034473595805,2
レ,310.9678629048261,321.5334655368335,289.1107389176175,8.050717753549488,312.7666909890568,0
テ,231.15134142460354,242.00844380337062,219.76638128917173,9.087952155824627,231.67919918126833,0
イ,193.03841049619302,217.60126955737087,176.82795110465983,12.808316747106648,190.12232072723376,1
マ,167.35348356372344,176.19404381655693,160.04748707338607,5.4438606389960125,165.96618481461718,0
ス,166.83047513718492,169.67167270507224,158.65438731370077,3.4024692232050864,168.41831039555132,0
