Mora,Mean,Max,Min,Std,Median,Accent
ソ,248.2211339943673,261.31308135211907,239.53293996843726,8.372408077117816,246.01925732845643,0
レ,280.42908548851375,341.1552896416775,225.90760580360578,36.80402688596415,279.7706909219676,2
ゾ,330.6696607497621,350.5879084871091,311.5623255753899,9.632876713816911,329.4613067913065,1
レ,258.8835521839934,320.97493671067997,215.52761469645185,33.129455189155394,248.11484098059077,0
ニ,188.09668311173994,212.0754950395621,166.99381255810073,14.226389545682965,189.62577901924058,0
ベ,159.59726800028014,183.49717946018924,138.87252205371828,10.315768382637707,163.35067849203136,0
ッ,154.26604996565862,165.74098274308784,145.15433574207174,7.637934842572763,150.5083540951729,2
コ,257.225920386148,277.3384755279686,250.4632167200697,9.209095389248295,253.75257432551774,0
ノ,266.12389100252085,275.98448502949213,257.91490113201576,4.471111464928937,266.83887271911556,0
ヒ,238.91471594814752,274.7045385044217,212.07586572258924,18.39853628565458,229.21758025369633,0
オ,274.65693774265134,308.08026220486994,232.71569576368216,24.734279432171828,274.23278078266503,2
オ,303.56553162957437,311.5408968209698,294.0888327447278,5.471312890599526,302.9776521057936,1
ギ,261.53726589288823,293.4617548216203,226.20775641438075,21.481524548459642,259.02784006801045,0
ガ,185.63847638438833,220.8608773708588,166.0846744335624,15.75770448397787,179.86034385126163,0
ソ,169.04011820642864,201.8015363403439,160.36114894252347,8.884171435918159,166.6787574054666,0
ン,183.36514824107834,199.29784119690777,170.50570684482489,8.825389231727142,182.45625553898725,2
ザ,199.40207626074107,213.64524543695572,178.57682581443555,8.792197090574462,200.6583588273992,0
イ,192.63599184902083,193.82625939556854,191.85630932479782,0.6729644649328779,192.5045528255381,0
ス,194.81522055725733,205.15045153499602,181.54473392965454,6.420555334355281,196.37914879787849,0
ル,176.33408476778618,187.47091948776512,162.82664565476693,5.316667172834281,176.62410847775863,0
