Mora,Mean,Max,Min,Std,Median,Accent
ゴ,247.2437318961863,256.2071215901536,243.98340230265404,3.498921414270636,246.25463401986966,0
ル,281.62360493016325,315.0429960379083,241.97905036692728,23.8040179210378,279.73220604964905,1
フ,261.97237110531523,288.86575034043784,247.46848106606856,13.077015904334791,257.3372546360387,0
デ,202.1930863928095,255.46453191588168,178.22694179615561,25.007896872716593,191.01632700178178,0
ワ,155.53886557441706,176.49886493529752,141.5957629370395,10.38535773094471,154.4325063325195,0
、,0.0,0,0,0.0,0.0,0
ス,0,0,0,0,0,0
コ,284.93846456607037,290.11744918682484,272.34145097381213,3.653982098757145,285.0481891489973,2
ア,266.6581423868955,281.2729652146991,244.7972647154793,11.431895809458835,269.00026634946636,1
ガ,184.76312136584323,240.33680459120333,156.15165789943975,22.920893858104183,178.5820071642015,0
ス,166.50780798342626,168.77616667268677,164.23944929416575,2.268358689260509,166.50780798342626,0
ク,259.4428775985467,276.6119634214558,250.4582288193564,7.750299909522819,257.6208257298436,2
ナ,277.94397160905555,303.30692963812464,232.5862712938324,22.451620376264714,288.29815213995016,0
イ,305.01810099580246,306.9807806250764,301.0075368399116,1.7786671374799625,305.67375675148213,1
ホ,231.8859809858095,297.4289844713613,184.55776696197825,38.17685545804013,218.5530838760439,0
ド,168.34288276776917,188.79186153632173,157.2709965626424,8.490810464944332,165.74845495112683,0
ヨ,163.1591373837716,172.47413469249258,152.9531742238153,7.025772965274695,165.23977861759178,0
イ,155.90310616520708,166.57837352914484,146.75841658083027,6.5698158869067225,154.07262304549977,1
