Mora,Mean,Max,Min,Std,Median,Accent
チョ,220.63557590898424,225.3379480312581,201.20600588844542,7.319350687001078,223.54337783828024,0
キ,255.62430356336668,327.1886422050853,178.5049373623434,52.95713649867514,269.23162757949683,0
ン,336.71930751003936,346.2771648467816,318.7339725217908,7.178682100788398,336.2260127094455,2
バ,278.77005986652756,322.13904411550584,210.61659206434763,33.19926355793917,288.0975244247699,0
コ,201.4859620839467,247.89235437790106,158.74377620098102,23.117189850600223,197.3751428524012,1
ニ,178.6968926867206,189.5790814248266,166.3055264696197,7.8234757812853495,179.99752663221662,0
ワ,148.3217447141833,165.49815315648345,121.9067329328874,12.85189347562035,149.63746471950944,0
、,0.0,0,0,0.0,0.0,0
オ,161.7302269868695,185.7731501162672,150.2625535793111,9.569642522040311,159.4221273376806,0
カ,199.9694156306771,228.41469308215602,150.20893574123284,17.477480841240503,201.92453920256006,0
ネ,208.9018977074142,216.66893485454105,198.55999854220548,4.384742523863175,209.27837693793683,2
ワ,199.56531960756558,202.86664208881638,190.23567252149536,2.8235526967505993,200.6969856092154,0
マ,162.27232405527747,187.7671931368589,147.41948255603216,11.974276379595736,161.01519937748623,0
ッ,152.50010582425853,156.20420037060566,148.20677284081412,3.291414409782065,153.08934426135582,0
タ,228.92441033832102,246.94500784057936,192.8594193638897,13.333707458283795,229.02925941552544,2
ク,234.09353399712873,294.41609482623346,203.9097688587388,37.37009708052993,211.5111524709484,0
ノ,264.3551810435335,281.3272370946893,237.7876997637625,8.254262165366205,265.3422439249126,0
コ,290.3383562136063,317.33982027832946,240.19103426490642,29.234769418314187,306.8461417757266,0
ッ,0,0,0,0,0,2
テ,224.21397851540303,236.02307537148988,218.25331516753073,7.068890164853547,221.28976176129578,1
イ,182.00577817562518,218.23081960825624,156.6319095183495,16.6870327407366,177.57643347296087,0
ナ,178.1833598044008,200.09121686097956,151.70118595151683,16.095163367677138,183.50506142736964,0
カ,190.4444236775031,229.18421268082145,167.05215248940803,16.316415179801353,189.01911505808857,2
ッ,149.40481511231746,171.6165757211414,133.4592964864595,16.19555146926023,143.13857312935147,1
タ,132.28929527989854,145.04621763031275,107.49366323299328,8.6653044212626,133.5927094077734,0
