Mora,Mean,Max,Min,Std,Median,Accent
カ,225.87467692470153,235.70687720186427,217.77595280610532,6.662784917402789,225.0079388454182,0
ベ,207.24384456119017,231.60314745207992,179.34434259856445,13.967394702060567,205.41569596690357,2
ワ,259.6009380303507,278.9588902709175,234.1064685953464,13.789313127864839,261.3821646187612,0
ヌ,217.50014454541966,253.14701798321676,193.48923577100297,18.327854130865408,211.48980242896943,0
リ,233.20167055910787,274.79279211474744,191.01711811537953,31.37493878731749,238.92454258902717,2
カ,290.1517229763425,330.8820545215238,227.70178495817063,37.42380721839787,316.796635206693,0
エ,316.9732463501815,318.31823724538407,316.0429121107569,0.6573818955065923,316.90083478857787,0
ナ,324.8272319024277,338.9077035734755,311.48368974695774,10.310038651605964,319.9426277928236,0
ケ,287.7901606417723,326.8898801688184,248.22840731419535,22.2950083612766,289.48860506937314,1
レ,213.76518055586988,226.72745657929812,200.1120035707957,7.923371997867581,212.75673547297026,0
バ,177.06358781748034,197.82860427542394,157.90218762593332,10.303282578955876,176.04075322801333,0
ナ,158.02004095944054,164.62742722164214,150.47031648694625,4.878231860400525,158.3247635046876,0
リ,164.86787179552366,179.179550534431,148.48748629945655,11.00627883237388,164.11922857721302,2
マ,186.2452724933873,196.2625445685644,174.66845190570908,4.974758881592126,188.05064557024087,0
セ,205.31563208606985,228.3133291478823,189.11265042979633,13.571591084273678,202.1318187234991,0
ン,193.5927178353533,207.38453043719548,180.38499879041757,7.280084464757147,192.69987055161198,1
カ,186.15775248199827,241.37651871791763,158.59031542636228,26.978102105983346,175.10241136862106,2
