Mora,Mean,Max,Min,Std,Median,Accent
キ,221.20520665551996,243.32006173943574,193.53997449540887,17.82184991601245,223.98039519361757,0
モ,223.4571204888754,244.69839902530663,196.93695078686574,12.445686711861876,222.6188153813451,2
ノ,251.8301565097474,263.3767831806098,239.34276060825493,4.998698956821488,252.2112495105499,0
ナ,243.31631415298318,257.96064455260614,236.22239966741117,5.980019038026995,244.35221905229264,0
ン,228.74372413984912,244.490394399948,199.7646277483675,15.90920029342113,237.49781585782836,1
テ,156.46074020507803,205.39465160761551,108.46431494118366,27.210584000397336,154.20452509793205,0
、,0.0,0,0,0.0,0.0,0
ネ,212.34832884698906,258.18266022793404,149.3395213816977,27.91765090099345,217.47224867763623,0
ン,305.62722160568114,317.23170179344277,267.9624212776431,13.400164983791804,310.4992081268298,1
ニ,209.4313279012157,316.17537301842736,150.41032489137118,58.84665955589953,176.07061399273107,0
イ,165.24941635064397,177.12241768116988,157.18490220532232,8.57339146496547,161.44092916543968,0
ッ,0,0,0,0,0,2
カ,280.54482903305967,302.0552194162139,270.13261617426474,11.06078685110079,275.6983318087333,0
イ,323.5444456165142,333.9717771399346,307.6528902947599,10.12381962291919,326.50869921121205,0
シ,305.69832675313927,329.4008337482665,279.0731372435318,18.714064328431053,308.2663282302458,1
カ,204.19415914548676,211.43416415494437,196.5727270217969,6.22922634678331,204.38487270260293,0
キ,177.18219931522722,192.29393824543118,156.38836446276042,11.26190069859633,178.37780966849056,0
マ,171.94667717524658,188.26583331392527,161.87435976995437,5.9157967350976595,169.90524010911818,2
セ,189.14172987137516,217.93744763674187,175.20696411267798,16.05203141338277,180.81499530290534,0
ン,166.46258002331427,203.55733345126052,142.8854274050609,18.075647527875006,164.54112174963055,1
