Mora,Mean,Max,Min,Std,Median,Accent
キ,217.6957884151669,235.58998726333377,186.69431112605318,11.709569424454079,220.44001333974904,0
ジュ,215.60896978619522,255.4678417703058,194.07008470179127,21.86857432265832,206.16577254783442,2
ツ,253.9054663977337,303.30096145734797,216.1475261657829,31.940883926010258,250.86258352930784,0
シ,247.41120128104023,281.6989762487695,192.05669332093026,30.290491503660768,255.33372042097432,0
ワ,172.383105552761,210.0261370278067,134.27508357528077,17.67628521050415,174.90220385978205,1
、,0.0,0,0,0.0,0.0,0
コ,170.7686168249818,196.4393803497952,122.48896385384174,19.853940656055986,178.37326947948065,0
ド,190.5457295167148,222.81098444587258,171.14434024059753,19.227118699725093,178.96877198756343,0
モ,277.3848500656097,315.9770142731276,228.58765467497642,31.212256471330107,281.97760021603295,2
タ,270.9191509150351,290.00629093051975,215.90200127515843,18.45199530796641,275.9086129111812,0
チ,211.07290494342632,261.0880494547494,135.66048209507596,39.01569022044794,208.5067678090864,1
ノ,174.2778022060537,192.51769526167357,159.1171699456021,11.299273657216784,174.71371357512407,0
チュ,164.62820685993202,180.27141815031302,140.88686692926441,12.70204689242468,165.79705116355575,0
ウ,187.99134490450467,194.32226132375885,181.967806778216,4.242128589695784,187.87521292048095,0
モ,213.28482102211825,223.65980228969053,198.0278797422335,6.209740829170178,214.49465872917017,0
ク,208.3401910419079,234.1548916021989,190.17654461821627,14.224561519989221,206.0976611003711,2
ヲ,207.29533701073635,225.11576526349782,196.04363854776742,5.249592043368524,207.96949815496956,0
ア,180.60403688373586,200.68477244314843,172.2156501234142,11.660182434940882,174.7578624841904,0
ツ,180.31469257216787,244.0434892361753,143.78415600835805,33.352179928275625,173.00711289520524,0
メ,250.45046913836833,263.30308590839553,222.72722393480467,9.71635448849743,251.36346475441655,0
テ,214.64507713977684,227.42077825765944,202.3430382506775,9.828443986512847,214.4082460253852,2
イ,177.85468555983522,199.67513498591393,160.33156183547104,10.943036329444888,176.13119230991964,1
タ,153.32649883428516,187.0642274714691,140.86746615360917,11.21302283391227,149.37673344393397,0
