Mora,Mean,Max,Min,Std,Median,Accent
シ,311.66834674328175,321.2949778292309,300.835654619709,8.353131497817719,314.32325245362074,0
ン,331.38008903564986,335.3088892911154,323.39093669065267,3.01399100724814,331.72407742347025,1
ガ,266.7361913043796,331.10147295175386,195.99759149239,44.82662196084232,271.83269913061963,0
ツ,179.41491258926575,193.61932376396499,158.51307907718308,11.98322793316654,181.9253549713523,0
ヨ,228.87980213515092,252.78490439354843,197.73567376501697,19.704631620402203,230.21462962366036,2
イ,238.3596394832915,251.6253824450973,218.59815571078732,10.906350198985475,240.46513487996685,1
ハ,167.75472240889184,206.7353432626003,149.69945408011557,13.432158431820561,165.03619942925553,0
ン,160.0052443193271,165.04421625760997,152.62417226464092,4.407299587757024,161.26299551993012,2
メ,159.15805050569756,166.28177706361507,154.57208947619344,2.2268505741566265,159.15886827612604,0
ン,154.67771649713492,158.37702049578786,142.4215175041356,3.961205067231141,156.3560684285809,0
、,0.0,0,0,0.0,0.0,0
ナ,166.34381973438647,180.23629195023102,155.8508741417889,7.763037873941527,164.81895599544507,0
ミ,196.26362072999655,225.17788252911265,172.02501053839973,14.539952274972396,194.7575009469425,2
ダ,236.6040360416829,251.16006130417452,218.62641748381233,13.165442924681669,244.71194794633624,0
モ,256.32363678227375,268.6821812452124,237.1512761319699,8.749982297093444,255.12786094728978,0
ロ,262.93002601067536,269.61799248317914,242.65099625953607,5.913977211085789,264.08385534950895,1
イ,204.7964968434967,237.2289331936704,177.33949698938505,19.167509080150452,202.4308078199287,0
イ,163.73162720098648,173.14397505618558,147.7358074736155,6.260644380598917,165.30747542879027,0
チ,162.09835048171618,204.27885036821556,136.70372067811368,21.517260494277586,158.8427427969358,2
メ,171.98609206867644,180.81790016067154,165.01437438323276,4.898454638256139,172.92121381686317,0
ン,165.8191503421987,166.38602091887697,165.03870812688967,0.4706415753527962,165.82893051310833,0
モ,164.7917070828395,188.93243768318624,150.41190778199473,6.061412261557192,163.57507179630784,0
