Mora,Mean,Max,Min,Std,Median,Accent
プ,254.23573170861636,258.0585565497024,248.00221812916996,3.3018908838306,255.07112709649752,0
ッ,246.24209803258688,248.78833702132204,242.38048398118767,1.9122517910203598,246.55186471310452,2
シュ,297.2303669917585,365.0698025624854,215.35638560697353,63.746843133280315,347.21828443001425,0
ホ,352.6717680248594,370.49080480321015,297.34020437781084,15.468280079936232,353.65184767680773,0
ン,297.82954296027833,336.7397471467301,265.62511273589735,21.773732635581002,295.26591629661743,1
ノ,225.0962309715105,261.15339089643527,193.71942805481922,21.644247246053645,226.19871589711693,0
デ,174.76458893780807,197.85708089640443,136.49480714391197,13.434864728019315,177.31519144753292,0
ン,204.29059679483052,218.13977376160577,191.88793044018274,8.410816479560447,203.3797700328077,0
ワ,247.50817912720686,266.4621490562484,221.14232899007916,13.782257936478343,248.47315637061575,2
キ,245.49661076873778,262.84775906539227,225.44743098714568,12.334600855436493,248.7635848419712,0
ヲ,210.04043179917096,242.51328411230816,184.50690119906403,18.907158123307617,206.69635501495162,1
モ,175.37995472375735,196.08052234494224,168.9257475615463,6.664726736742216,173.17641977592058,0
ッ,188.19312730607814,206.63793545786405,143.71642383198628,20.022997875846034,195.85169241288148,0
テ,231.3546861484466,236.006886190594,222.43947734596912,5.4591935114397465,233.4861905286116,1
イ,195.3497448806178,219.30674833157494,178.26580934090236,11.696815184995184,194.03830460195252,0
マ,159.91755063524627,175.74618594664216,151.2134713990361,6.852825073522765,156.1046881748279,0
ス,160.7862877045272,164.69774596378926,158.46149332109678,1.940723884471196,160.31751901366493,0
