Mora,Mean,Max,Min,Std,Median,Accent
ナ,180.48112597330243,194.31957567386084,171.462391095744,7.907635622206712,176.86616927017525,0
マ,239.99133408816814,291.67148006198664,177.9833899305758,38.35942490697396,245.68430625227597,2
ケ,271.3646561919461,322.35959055691586,216.5255256308542,37.43667166663052,268.4301698669684,0
モ,295.2065325847377,314.8601203490481,277.25117614249314,9.696930014693502,296.5469832227784,0
ノ,298.74412949386624,301.0937946037835,295.5676278109983,1.8956182262632177,298.7272762143814,0
ノ,288.3114556909599,295.73359078560935,284.1211294905335,2.939210586691766,288.2747340296379,0
ソ,278.55048415006803,295.9731478309788,232.85013737452152,16.273975110352563,284.8944692119129,0
ノ,276.4873979486675,279.1206762515364,272.8965356407188,2.00255073206656,277.3623515539797,2
オ,271.2755750057964,278.58271316060774,236.29735396360905,11.366489264058078,273.99927040099453,0
ト,254.595737397764,315.01761611932056,215.88794790656058,26.033835443763973,257.49699020877716,2
コ,250.4728884967769,270.6458432109627,174.13154785093212,26.409779973590318,263.1164466692792,0
ワ,180.67673760596307,245.87398379674232,129.66387141130423,36.312345541682966,174.5347039247027,1
、,0.0,0,0,0.0,0.0,0
シ,279.1149018877313,279.1149018877313,279.1149018877313,0.0,279.1149018877313,0
バ,280.17336061433326,341.7760895992347,236.51215589571072,40.80901662833459,266.5467415121027,1
シ,296.3020037442467,322.3476386927036,256.45271781364704,21.333881119378,304.62506801232337,0
バ,185.2443854149027,235.47299540290064,161.57741495832278,18.787639377156363,185.32393569619603,0
ショ,193.65136991387513,234.09915007067727,148.69294097470157,33.529330603110104,188.20593206983014,0
ク,221.5283834096127,264.73977528282046,197.6965183385806,26.360013803664796,208.51551689265278,0
ム,209.17086656739514,252.9010701097051,172.61374445420867,22.968319246772946,210.48378826086366,1
ヲ,161.0592987900335,198.7331015658278,141.1048518247912,15.465517696870274,158.74551812818697,0
オ,151.96558051169222,175.63566668798168,128.60797468909763,15.304767173595172,149.23722309262592,0
コ,194.74829019419667,221.39737825618664,149.380148591596,20.968795101262693,201.11575657491807,0
タ,216.20174986476107,224.5851303831382,208.2637306271116,4.606825449561231,216.33272051720076,2
ル,166.55694551296745,206.46495384026858,139.44229907430784,21.01782317664237,164.82237682377212,0
