Mora,Mean,Max,Min,Std,Median,Accent
ト,245.86792158414013,248.6971631304852,241.35577930160622,3.2247062188288584,247.55082232032905,0
リ,247.70823426084044,286.37576478897705,199.77077294997443,24.497695897779792,240.16332144477468,2
タ,270.80733043122916,318.35147512357565,221.3083356691651,37.88653574027866,286.4242021595547,1
チ,236.00286317764284,279.0675402985228,185.4782600705073,32.82827282123022,218.9938196792371,0
ワ,168.13701239924086,198.96596842303657,136.93684453268742,16.165031721008862,171.0481002371607,0
、,0.0,0,0,0.0,0.0,0
ソ,232.0222901899282,234.0467179005907,228.57756426730813,2.0617044766129085,232.732439295907,0
ノ,244.00814173336025,281.6623507293522,215.19495239405356,20.665896501086692,238.96825444084206,2
ネ,300.7551939388366,320.02908230318087,277.0370961056146,13.524616690339844,301.98026644280634,0
コ,290.4480328059129,313.8780813970587,265.47837295768744,15.036253518059052,287.61980098815985,1
ヲ,225.21357580668592,254.90360877913383,203.272695738229,15.583482068685008,223.5061165528307,0
ミ,183.9484747339969,200.91406791873982,174.93771049774426,6.865700707113645,183.33845357667093,0
ル,165.7800918248146,175.57351381011918,145.59993879261057,9.199887591128167,170.67842421056295,1
ト,151.14083136377158,170.13983251770694,135.51278350663142,8.864992539911151,150.18256274205515,0
ビ,150.04446005126408,185.0073737904423,124.26870639100754,18.88728463554408,144.5870340093171,0
ッ,132.67509301943736,146.19324800644776,115.55150958806128,13.373501762174367,141.35106197291577,2
ク,308.9477461844473,320.0564399216863,292.5019035485735,8.384869525984342,310.2300312130782,0
リ,311.892394629823,332.57606725411586,268.3234962209985,24.26947732510021,324.1265999947012,1
シ,276.20514947181016,314.53042841079264,241.81077072550676,25.654605860209255,277.25904763302754,0
テ,197.3484510254079,235.15022016701818,168.8858844320545,22.00489507060875,190.11060303994873,0
ト,164.17274031440823,186.2664245948236,141.65365707941686,11.619957669133163,164.12271008711414,0
ビ,169.60222459528086,190.65557380113546,150.2581786412658,11.871310289485688,172.21759182363235,2
サ,206.36767212521048,236.31939064513912,171.2265445111339,16.709290183312053,207.85304524850392,0
ッ,195.75620902571077,216.71677804559494,176.1623625906791,12.638130156127463,199.0604243583317,1
タ,154.97326116547526,190.41825241891448,133.26610209102276,14.291711103347001,153.45017502490512,0
