Mora,Mean,Max,Min,Std,Median,Accent
カ,357.659771698194,389.4116208825506,310.13273647899956,28.309399262234432,365.6756150308994,0
ク,309.2675034306558,341.6149236550129,258.45841199740295,36.59005404687902,334.2057748074566,1
ロ,235.99624542811566,320.338393965906,200.42332085286517,36.76743463593723,222.01093367335977,0
ボ,209.60690362752848,270.4724441057275,170.91231105878302,32.44269540444079,197.11998169897942,2
ッ,237.10057432692372,261.64043790465155,224.56336878101402,14.886864515263387,231.09924531101467,1
ト,215.80957242661873,229.7301961239599,185.96280255816754,13.07880050167809,217.35717847149635,0
ニ,193.1468482229183,209.0491182918474,176.88918083451475,8.35440267637086,194.17730676064764,0
ワ,159.58174270249637,175.86338100609598,138.33123441353263,8.860877227034795,160.4757369891772,0
、,0.0,0,0,0.0,0.0,0
ツ,232.02260330732526,239.87816126964435,226.82836365772258,4.180310549830405,231.8219830216219,0
ウ,261.6790268896748,279.06827778188256,243.9117384539228,11.039309889711163,261.75260575808215,1
ワ,300.03336461905644,306.915340727834,282.68160458129057,6.894823741040029,303.0342475547344,0
キ,270.1518702180444,296.7986573290077,241.54449524207337,17.174976206347328,270.5852468543854,0
ガ,196.43916641474192,238.00414784995746,168.57141797367495,20.789882583399372,195.14938502485762,0
ト,156.45117425212663,169.46152280687244,134.00765574279026,12.395135698388213,163.6182190205806,0
リ,166.52923096850293,198.19403059961638,143.77846105692336,12.569325461498751,163.90231906322563,2
ツ,189.39769580648834,200.24016711993266,179.39475773763363,7.771086876601778,185.37487950861507,0
ケ,247.6075851685702,260.8825062121809,233.67950198078114,10.131857176315343,249.71004116165165,0
ラ,223.56526156466853,231.45555046016008,209.58379684438756,3.935284003157305,223.88842402424712,0
レ,224.44525779695735,226.18866853344366,218.90159215200617,1.815483949880148,225.3729956476474,1
テ,225.2318592197893,253.26063007489142,210.95244226716457,19.820515271558893,211.48250531731196,0
イ,192.7462491460603,221.95384064361969,162.38626974245435,18.326671846317762,194.02983424457778,0
マ,157.13271222066294,164.84550947371258,143.473047185167,4.570756029594537,156.91385031553733,0
ス,153.634960801396,165.45021661048557,115.4913648318599,15.677264422726374,161.85438852929713,0
