Mora,Mean,Max,Min,Std,Median,Accent
ショ,295.2941053416556,312.94860683126416,258.2615863384762,13.467559534098859,297.9235555343573,0
オ,317.5384206551032,320.71028989604673,313.51450171696206,2.2153985531410734,317.38365553377906,0
キ,326.14946417343026,355.68655876195146,264.36229345783545,21.18666826863396,330.3879151504108,2
ギョ,262.774271601292,323.00330575637645,181.283343844881,49.701028003260845,265.2693217752312,0
オ,172.6704624184313,179.22409129552028,166.29486372490717,4.603464762284372,172.4507211304117,1
ワ,151.87143732887748,164.53242637805437,120.14076408568533,8.886655688529105,151.26646415269002,0
、,0.0,0,0,0.0,0.0,0
ダ,185.56902368608422,192.5781291079456,178.75098116493422,4.766541943929613,184.60643782348632,0
イ,197.36620024685158,204.78045685660499,193.28060658558712,3.711138882201742,196.8050534682058,0
キ,210.56191167287272,228.41601816456455,184.9662977708052,13.288653103703743,215.92890518647752,0
ギョ,201.2981118078238,214.87006158182405,184.4765507166439,7.942567209653172,201.7930273014324,2
オ,170.85299460319342,182.7463284243444,160.58453056431642,7.44771608024562,171.1311569699988,0
ニ,153.39461703634254,159.9259376924043,147.4387666399769,4.205154840225176,153.5521747917509,1
シ,167.08682882729732,237.341295122328,120.48476087269103,40.43017610119213,148.7008454371367,0
バ,239.9234604488791,280.13878617114915,213.49141898905737,22.932877710873683,229.80722567631767,0
シ,250.0032230808518,275.26891749344355,215.99211512185545,19.812091801816756,254.3018292230929,0
バ,162.8391472522988,202.71388298301972,107.19536339140976,21.829820716103615,166.7625199899125,0
、,0.0,0,0,0.0,0.0,1
キュ,168.45101175645357,171.97963973161512,166.61313750195725,1.8320510829269936,167.92763696748125,0
ウ,172.0047975529667,176.466351095592,168.78382961633156,2.817524926500811,171.45001710049732,0
シュ,207.6555858098802,246.16734272598387,175.36919175671957,24.522218150899402,211.94582588074297,0
ウ,219.5844139774495,223.11897060461573,217.60950080207218,1.956006474841954,219.139283200958,0
サ,208.80131071177888,220.20304048255622,184.4443506533469,9.23386569111547,210.7366501178218,0
レ,202.18557992801573,219.7269613962654,190.56290812000375,5.669186341688269,201.75722324877432,2
ル,196.61198358873642,210.7129341390181,167.07689018631146,8.04304888321351,198.96950230157154,0
