Mora,Mean,Max,Min,Std,Median,Accent
フ,0,0,0,0,0,0
ク,307.74821282071207,319.5917762639075,284.7136341035071,10.124820013489988,308.8262937004952,2
ロ,306.63557145543035,331.3940806012075,251.54126962268103,21.974930713052306,308.03204092175673,0
ワ,178.29455298626542,238.30310407790287,117.26630533195028,24.77217965116057,172.63975613799948,1
、,0.0,0,0,0.0,0.0,0
ト,227.83458564547067,233.64720241016238,207.18039235771553,6.534778472807027,229.9079401982564,0
オ,250.81893130871543,266.3084642656304,233.97277872521585,11.041957161730018,251.64368643783382,2
モ,277.6184376098018,307.1717960839936,265.97779616190144,13.34545972292888,272.33365560324273,0
ロ,299.79403034025836,311.5991663512287,262.4549614616766,11.067996979706905,304.87008912993804,1
コ,236.13599844814667,262.7953073925294,207.45224687959166,15.230994419628898,234.13299604175174,0
シ,206.1087814320965,233.0843610336737,157.47496724990708,21.26118780084347,213.54059999195857,0
デ,167.42277758460924,182.574405114282,147.10588847406487,9.737370593762172,168.64168953001672,0
ハ,164.35141518700684,184.13925514170498,147.9970020574489,12.09312449681757,161.45160714923992,0
チ,166.76104233752858,170.4594854316171,163.06259924344005,3.698443094088532,166.76104233752858,2
キ,258.586275730378,266.4407257616269,254.44009718032888,4.900524668386244,256.7321399897782,0
レ,252.3374761484459,275.5864324395425,227.10399960887077,17.106323900588507,255.44995454435477,0
ソ,285.8688049850455,298.2820651981608,257.08578482262226,12.876706820006067,291.19535814103176,0
オ,280.15453043910037,287.28303368717866,269.52829147458306,5.618252556738713,281.4583978193973,1
ダ,201.448130272223,267.77751268596234,177.92778089435595,24.22953806350171,196.9735749945642,0
ッ,164.0255939754198,177.02417626721478,145.5568919819222,13.62772479602151,171.24786411060498,0
タ,155.57696793109338,169.74035928039368,129.68185184154535,11.738632684198391,162.34977653544505,0
