Mora,Mean,Max,Min,Std,Median,Accent
ト,249.79713469236333,254.01650899631187,243.49605986193214,3.97514918567196,250.61273398860547,0
オ,261.53778867059344,285.7652355434065,241.35789578038822,15.680937547610863,258.9881758442564,2
ソ,282.5447217258461,297.81576864296096,259.45342137825594,9.233361289189759,283.5153566288513,0
オ,279.2963353272461,282.9092284620206,276.9507532773812,1.9953067308451258,278.2911453764513,0
シ,265.0556939374386,284.31259494023647,237.11071234233063,15.689272334142244,268.66732882279535,0
タ,291.4193206141943,315.8199706682319,276.80727917199937,17.365870135833163,281.63071200235174,0
シュ,250.74853476194275,267.6144658994259,225.85002059545698,9.635703709797825,252.29916614702597,0
ウ,241.2852757688934,243.00330562367077,239.88963074647376,0.8156063974958867,241.09182627302042,0
ジ,226.15148189022477,243.94027532843162,204.1617867713758,12.033184812415099,229.72179929409856,2
ン,221.35106137758075,225.73410403741605,218.85817587957638,1.7108842653131906,221.01723037494708,0
ワ,206.67820980969947,219.36949259706523,159.06280710568163,11.66255285566674,207.68433986827344,0
、,0.0,0,0,0.0,0.0,0
マ,200.91570491238735,244.43131279898665,170.6623080136534,20.44161796559098,195.27265917257398,0
ダ,226.89071482625704,274.9383487758936,179.77377769344238,29.6699109760681,232.71749225914184,0
ツ,165.38744852664385,177.91039146659196,143.9088077300853,11.563305952963994,166.15919743740568,1
カ,182.75743416723023,194.6151939216827,138.441111989438,17.640455654947026,190.52050954488482,0
マ,217.90853957911168,240.23041663675542,190.43610789123048,16.265969707166587,219.42345990246687,2
ッ,225.94017200845306,225.94017200845306,225.94017200845306,0.0,225.94017200845306,0
テ,220.14004047905306,234.32920191168705,202.1751199037408,11.62654388444548,222.02792005039223,0
イ,214.20382807244903,218.92320096616373,207.30247635349937,3.6670891445590064,215.67360656170666,0
ナ,198.94594029362264,214.5447630316765,192.30131022912454,5.511860995097261,198.1696335593311,0
イ,187.65148927396856,192.59955280992978,160.7122159369738,8.083593475757267,189.83654911542996,0
