Mora,Mean,Max,Min,Std,Median,Accent
ヒ,0,0,0,0,0,0
ト,313.8713445157736,326.8459246912849,310.18567503486685,4.31955848322856,312.7771103134584,1
ラ,293.07646487510596,313.92551144548236,263.92408363880276,14.056267422186089,294.90896088143836,0
ア,217.9226936040185,259.0401661692755,185.50609312768304,22.573077831904712,214.55121878340782,0
ワ,163.74441153863364,182.83613608906015,145.95129195836648,10.32513171369814,164.09489907739135,0
、,0.0,0,0,0.0,0.0,0
ド,234.8087192292941,264.26339470090534,199.77844921735294,16.41438475619891,235.35774729822614,0
イ,287.11972862307294,295.9016549419496,270.7713048406054,7.927932630151909,289.9070489629752,1
ツ,258.9904510869811,288.9571100572454,228.01641529122745,18.707145688153485,262.8134838948572,0
ヲ,192.52314436747437,222.36668932545697,173.55790845770338,14.412794706093816,189.35696401636088,0
セ,175.98134891924275,191.96287409813297,150.692386286891,10.621296000651867,178.334879106412,0
ン,199.35677091091165,206.03783731035202,193.38919306773982,4.375860890045548,198.81165056153284,2
ソ,228.4049431051294,267.65647042699055,190.48484229680628,20.026715732659966,234.41828368492628,0
オ,228.4369421297432,232.35813727223064,222.07050769405822,3.033396912016631,229.61024770128705,0
ニ,219.38985938706756,221.50174371095272,214.38741471994518,1.6781220144435638,219.76710145652265,0
ヒ,197.05935511853667,217.75525741596067,164.3619153110646,17.828683279750617,201.49165267106667,0
キ,232.47477803560326,237.19108319318588,224.09359063024272,3.7261228502033843,233.57267107889794,2
イ,235.53185953041256,236.44665057966634,233.68710262516032,0.8513241829723134,235.83107242010846,0
レ,209.593221793274,232.61886077912717,180.9756939619575,12.875316873399637,210.1935742969667,1
タ,144.88450982648135,173.34233733962878,128.64270678120883,10.71449664136154,143.20591843403125,0
