Mora,Mean,Max,Min,Std,Median,Accent
リョ,219.57076943535287,257.4999250971143,184.52098720267574,24.074011604231124,219.29887221449027,0
オ,276.3530404814519,286.89322999513024,254.0068020947721,9.562879718532479,279.44801924258365,0
ケ,286.9615476278298,319.7595517973621,212.5620655014968,38.26382034950492,309.11517787143833,2
ン,303.3268138512631,320.9990913698626,274.9023273242924,13.74953789747547,307.52257625160394,0
タ,0,0,0,0,0,0
チ,183.08079734134762,213.23610336602428,169.1961799854238,14.975336156811986,179.02282590701532,1
ワ,156.6036704125504,167.22611553829847,140.0875909493021,8.705257281612237,158.8855821139848,0
、,0.0,0,0,0.0,0.0,0
ソ,210.4011665335966,215.34973171360016,203.89982450647483,4.6779176712545585,212.97161557561844,0
ノ,220.16630527097246,232.9228821495718,202.08347098802963,10.085459458181631,220.4612068110967,0
キ,217.65643978368144,234.28478333991185,202.98400944778115,12.560112404447068,214.73451368119987,2
ツ,233.46397549813878,233.59923801350303,233.32871298277453,0.13526251536424638,233.46397549813878,0
ネ,236.3206960847321,241.4535919319436,233.54993231300276,2.0942558516784566,236.24160623117237,2
ヲ,226.9306760167125,233.12483683020997,205.41056945544557,7.039586910818101,230.01842213232817,0
オ,180.3585646946539,200.40989429362395,164.18457627946182,10.743902403954026,180.07035951461052,0
イ,210.01634595883897,220.49657329416175,199.83710614967964,6.973708204336419,210.05748553637875,0
カ,211.3054196179046,226.27405699755212,197.33836134066885,9.542360960681542,211.51856926303356,2
ケ,220.11697500136114,220.11697500136114,220.11697500136114,0.0,220.11697500136114,0
テ,209.60601515780795,232.7049890218411,197.87584611848027,16.334107285112914,198.2372103331024,1
イ,166.83993581786987,194.48252297297248,143.10508958904254,13.702729986444567,166.7596478142589,0
ル,140.70498216069248,157.91254295760905,118.61829994822155,7.454049654145332,140.53947248375752,0
