Mora,Mean,Max,Min,Std,Median,Accent
ゴ,188.3221649138551,206.3920893901299,156.25683170898367,13.746570919713326,194.65672692755788,0
カ,258.7574027698457,269.3592140011794,228.37292837347422,9.188954073022384,260.26269380164473,2
イ,289.669043256098,305.88446235711257,272.13013790731276,10.655330510216686,290.9958739129612,0
エ,306.0996561448139,307.96486880215497,303.55899410676193,1.2589516325370043,306.43142643448437,0
ワ,210.54773082662572,302.3061220819342,109.19874312797556,53.7988685358413,198.0555830271841,1
、,0.0,0,0,0.0,0.0,0
エ,163.8969191494428,172.31263834852803,145.34197997458182,9.454129771472754,167.47060672234386,0
レ,201.6168847588734,247.73876752643412,169.41329674746274,24.69323163658313,200.9168900562297,2
ベ,260.60262841877375,300.5625709363299,230.4063928082457,25.850467064771703,253.54610949001483,0
エ,314.8944116102701,321.79880362607605,302.8209903046999,5.799149063199489,317.16527491576034,1
タ,270.1390462468497,293.1013290866692,254.17761832645934,12.281754385813358,268.0270375545201,0
ア,240.54036938575268,250.59454866518175,233.07455977319913,5.589838745105977,239.91537530997425,0
ニ,205.1666871960434,231.8304883967349,180.112366872705,15.593632657117722,205.46992694366617,0
ノ,167.1363075768532,178.1395900810554,162.91384066687166,4.529037883379215,165.1180230284054,0
リ,161.26966629263748,170.5197433984407,137.68070882059487,7.502822150912011,162.62907362252832,2
ナ,168.48050745053592,172.24510836380696,162.32590815591274,2.0575746799388086,168.6752164281748,0
サ,172.56452288164627,196.62781635747646,141.56459390253207,11.74724413521452,170.35895192406255,0
イ,148.02419144428956,160.5077088563161,130.5288412562952,8.902836734586392,149.00122992522802,1
