Mora,Mean,Max,Min,Std,Median,Accent
サ,255.63608220795987,265.0522764271788,234.32731233715484,8.146151047691324,255.8374923781699,0
ン,275.8672945479858,297.82068574826627,253.328382817183,14.588777936561305,276.13542301981676,2
ガ,306.12893579310645,315.5684611563747,299.73585049710823,3.5768579439300434,305.4278616036587,0
ク,299.0027899128957,310.41077699061975,292.2665789337192,5.686325736305333,297.60749871072426,0
キュ,255.67414946044545,287.21223993474274,202.18659010445603,28.648443053171572,273.43715617153595,0
ウ,267.99566014776684,270.70208641738213,266.4500869916461,1.606194094114761,267.480508313526,0
ジョ,252.6355682686911,271.66452871320774,218.9861822978464,17.17670064772213,260.64151103984796,2
タ,243.50785922391182,295.0298079190036,211.29588691952088,18.393717968966747,245.11114480745528,0
イ,243.0494462632977,244.6374114804148,242.15240489869012,0.8050575654526935,242.97201239868517,0
ワ,231.39085245466086,248.01216294074388,193.39917447406668,10.585988366720457,229.3647420337019,0
、,0.0,0,0,0.0,0.0,0
ニ,246.49835117100497,319.07676970456384,192.96380403970844,38.7489655948535,240.87220692656783,0
ジュ,312.1910601783541,334.1580407136582,285.6673972698536,17.16291179181923,314.6922613437097,0
ウ,280.10470973693253,307.1270722085665,253.72971650767911,16.99791060746265,280.0757221018221,0
ヨ,188.7456390945938,246.17560687590534,166.43650451620414,21.809106911364637,184.92896364142482,1
ジ,213.714086983398,282.2081990908456,171.73250269818467,36.72871630599874,192.62115623894613,0
カ,207.8884858690835,273.5099780364485,149.29247549771628,37.33297020493885,204.83442749015094,0
ン,139.58487891429917,144.7685714575622,135.81038496478283,3.3459853059879583,138.88027961742583,0
、,0.0,0,0,0.0,0.0,2
タ,213.2268968543916,227.54311954966585,186.78173342212534,13.82117261627989,218.98424946753096,1
イ,247.77045626091947,272.31730407834044,221.87143730869278,15.922221609692208,244.00390810647605,0
キ,220.775959170655,236.88853819037666,207.39844615707807,8.429353099864821,220.37026089838318,0
シ,181.29632626912314,214.95236219819597,126.85632714913422,27.312841220479378,186.60222142544762,0
テ,178.60458842374518,194.12663168367834,165.7502199563326,9.136980856451638,179.46525947236714,1
イ,153.32309483599914,162.66901362392775,148.73389920621761,3.662949904756976,152.82169904303635,0
ル,147.799118830964,164.503593879385,125.78241462752653,8.455306524538905,148.23766990620842,0
