Mora,Mean,Max,Min,Std,Median,Accent
ト,218.587303478127,230.02053026652442,201.7818829975593,7.850353055536945,216.7542582012137,0
ツ,223.35466118988083,268.9902955904452,139.93221540096616,43.69303159658628,227.70666159000342,2
ゼ,284.82728215294395,316.55898962769646,249.32868761741545,23.986173475161362,294.27367432713027,0
ン,297.2824767145847,301.2360578787402,291.6363073029265,2.406095051698438,297.2625826962942,0
ノ,303.9091494958286,326.23289716340287,290.2136672108081,9.204463451352938,306.42345309107037,0
カ,294.8809801927877,330.3042419170707,216.0267135976825,30.98188544685092,301.3505994165349,0
レ,345.2908931221368,360.89965662470365,328.0542943931719,9.41569035549891,346.3922124650058,1
ノ,274.371861665531,304.2300142439971,243.67318609931652,18.640844080142784,274.2080746947888,0
フ,198.54883547059677,239.48224944150877,173.12103932596006,19.129193623072428,193.55074356305482,0
ホ,172.95914711986666,190.66674984709297,147.34872924916593,14.058715043161662,174.36196837658525,2
オ,183.07677862615498,186.3817609721211,179.607090992957,1.5907007108820166,183.12295710936223,0
ワ,183.5070729867122,210.43048949078104,171.02458012158024,6.974232476075313,182.95486171929306,0
、,0.0,0,0,0.0,0.0,0
ワ,169.8605986085682,179.6807987067139,160.28866176659173,6.905021212008009,169.19304961517014,0
タ,189.2482792158659,216.92842665827814,143.56992337035675,24.245510417916254,199.96700896409777,2
シ,220.84187879044933,266.2812810244454,191.85149099788222,19.59992670755565,213.91493688444785,0
ヲ,231.1979327465762,245.30241311286608,211.73825072585427,9.118422234286427,232.7985332922052,0
オ,204.9460609338063,210.00170372248382,202.3742749852137,2.4730580010743566,204.14471338494263,0
ド,205.2335352431358,225.18026897733782,188.46768279017016,14.484865132423202,198.15830412947628,2
ロ,249.9080405368117,263.81958335331086,227.04666844501304,12.71024479649265,252.90460422798827,0
カ,281.11343614552044,298.22133710351255,272.8972503741765,9.047381004592483,277.05108766901054,0
セ,247.66366171786393,279.5925577568286,202.24546168395935,24.134118829323292,249.18813568178172,1
タ,175.9192159920016,202.40415772619247,154.34369521667358,9.836005304262345,175.152037213167,0
