Mora,Mean,Max,Min,Std,Median,Accent
コ,210.65383788528993,216.61221388741015,206.24857461737196,3.515443308859037,210.10162408791481,0
レ,216.31501401744495,244.09049357337366,186.29262505156268,15.139647877566212,210.95556860089312,2
ワ,275.82799107739436,290.96836154755823,248.13627170274805,11.174477631207894,277.68751173885994,0
ク,298.83350385909745,316.2471394320435,252.60336356213188,22.499839763159468,310.34861124469126,0
モ,364.5112545449175,415.77181723739915,310.8910886019492,33.874895390243665,369.79999079973885,1
ツ,228.39103429634665,253.18813285574137,212.38458829397047,14.988043175553079,221.5709093145744,0
デ,186.00031407505702,210.90751692866692,171.94312095437715,10.027784758712802,182.41944914341659,0
ス,174.54095406406256,177.30592389795547,171.35129200570677,2.482662355666023,175.05179593196104,0
カ,206.6379650811692,290.7192721666544,166.4167286979086,41.0229386694458,188.54453716893863,2
