Mora,Mean,Max,Min,Std,Median,Accent
ト,245.09673901172835,259.0241487688307,236.20214020561167,6.532612702927633,243.72718867493296,0
オ,275.8969103751783,289.35907472020693,239.83512175765708,15.033962526343279,280.13192719727203,2
コ,270.8297445766917,282.4572067521678,227.0599750989625,19.837813480275244,281.66623364079464,0
オ,278.032646382467,280.7783535766219,274.32853357193835,2.1925936589481516,278.6568260420595,0
ノ,259.9365670196715,272.8192010565006,241.64085585102436,7.788824663677184,260.9156318390079,0
ト,243.21671477215025,260.62600793159453,210.66828954266725,20.198729502737443,258.15242848702866,0
チュ,229.317808312299,257.9655055234097,186.0121404674997,16.98745011093806,231.4946870409732,0
ウ,219.01210819368114,224.77855260147808,210.3661060627509,4.293606121668521,219.242551234811,0
、,0.0,0,0,0.0,0.0,0
ワ,175.79337563772782,186.15330189843598,170.83213786452532,4.599410349486603,173.83271464880244,0
ス,203.30286699984237,222.2353799440234,168.20750271393214,20.741025465558113,211.38429267070694,0
レ,198.57186568994084,209.70788583383813,182.61433068935176,7.375743958300433,201.0256585938294,2
ズ,184.93162953199825,206.7795985564578,162.97506558652358,13.466355642728626,181.01563190824587,0
ニ,196.29468330462745,203.56454263398155,187.11763832203658,4.799228825051412,197.89090923961987,0
コ,183.9072121939905,197.2427408656403,164.9164236419209,10.553251848211625,188.51130604316594,0
ノ,203.34056726279516,219.3626417336188,186.70737030807024,10.932868291432285,205.35166061823395,0
テ,250.04761375453742,262.9558665889047,202.87079092473698,20.51036428227254,258.22802260278905,2
ガ,250.26345513669872,257.49628831488025,244.56748030383537,3.598128002312975,250.11736021982676,0
ミ,247.55320029629843,252.09262399342097,230.33886683543128,4.265184108309904,248.08403038141662,2
ヲ,246.93220823156494,252.20934914572965,242.1130152684021,3.5393235992798773,246.11784253719426,0
ダ,226.76592741768323,258.5618664397231,186.21781854128744,18.82746522124959,236.1556557224789,0
シ,236.0886210886973,250.0714233314275,205.27622070192626,14.419225922214553,240.1197499190441,0
テ,182.8671315518398,205.4340354873931,162.626994812413,15.865892075950104,181.43805811113197,1
ネ,176.70178627864252,252.90286609202167,151.89035753709013,32.68708302486866,158.76415629440643,0
