Mora,Mean,Max,Min,Std,Median,Accent
ゴ,187.91512444130092,205.72100136895943,174.87699174412245,6.93235339977522,187.47057470976858,0
ジ,204.28147855855173,257.0587592285191,174.89106900148505,24.32584096025733,195.08546899268615,2
ユ,274.836965784572,280.3304259587366,260.3982578122128,5.815099198195714,277.10420958682215,0
ウ,271.1105600153727,275.0117076301927,269.2983569267245,1.874381434588191,270.0796329355622,0
ニ,269.81515273474764,274.3988704581619,263.41392768602026,3.173299424629361,270.0613889340451,0
デ,216.33062449561626,265.8028667198821,200.45223744579346,15.502047119004942,211.79933510654868,0
ザ,228.27916242667501,277.4030628488889,185.91039950171546,36.03188493558365,204.99829373985963,2
ア,313.64227927606066,329.8568162411501,282.26010758811674,15.350516154728345,318.5312991509585,1
ト,229.9043704858005,258.4782571422955,201.31498778984746,20.278687841992607,227.64094065679862,0
ヲ,188.0880376755165,198.2868121604788,180.34452633184165,6.268471731209044,187.0386530199899,0
オ,162.15361859750382,177.51415219908412,149.80162124227056,9.653137197951088,161.75610849273568,0
ト,172.6265760799288,175.37117372084236,170.7633070063083,1.733934270017801,172.18591179628226,2
リ,169.88293955201428,181.77052676372355,157.74416640633424,5.952015164809361,168.91920427796836,0
ク,184.68506306043642,199.2577174630861,164.6070248652909,13.705700218390131,187.43775495668433,0
ダ,184.5769209990819,193.57517629671455,172.5837653075354,6.105653091132848,183.7821765278096,0
サ,186.87564713750857,223.81823172426144,172.9209117956101,10.14055786321884,184.68814576721422,0
イ,155.5482612195138,171.84892090997027,145.51145833770514,8.819787422077265,152.7572056920584,1
