Mora,Mean,Max,Min,Std,Median,Accent
コ,288.6927797496157,304.94950506832663,249.69845648244282,12.913281203576927,289.6509906526214,0
オ,317.0033928652894,322.0546105301702,307.09687515130247,4.5250125664690755,319.13926041821765,2
ヒ,305.8947944066318,333.1051195545201,288.77734702106017,12.73534565041053,302.1632362814251,0
イ,333.28978962252046,335.95601160961655,330.37134295921817,1.6809057255173692,332.9600396236717,1
マ,282.9280332661178,329.0876218702427,234.7936568183339,28.153248701463077,283.18697457585677,0
メ,217.62980871481355,231.21325355448758,200.22197383489194,8.65665889886293,219.8804694168095,0
ワ,171.0937181111936,199.80171990502257,142.80134316438927,15.686484888313814,168.89467631681978,0
、,0.0,0,0,0.0,0.0,0
イ,258.3544089659091,286.26392613777216,229.45231656884545,17.18967198502175,259.2904831375915,0
ル,304.9761832628371,336.3062850256182,242.1561918908479,25.971559994905878,311.9362694299545,1
コ,247.3304678840499,282.81675500460284,232.45470410947962,14.648741907077149,241.78609432481312,0
ト,212.2794045374735,231.5364548890841,200.6210929315418,10.412516310450785,209.1519053512115,0
デ,171.61694223865558,202.15228158519483,138.207383512963,13.604414323675538,171.93228421362454,0
、,0.0,0,0,0.0,0.0,0
ニ,159.43286119521946,166.01567180443095,141.67276374588516,6.773800138026027,161.23110298764823,0
ガ,184.9138429394052,207.63612734202,165.80235971672693,13.558609436045957,185.18870125988104,2
ミ,230.42584585516352,246.06336454724172,200.4020168255086,11.879876748153075,234.43053410433265,0
ヤ,236.26612357296958,244.88287860663195,216.35890122702125,8.752073923271652,239.759959983544,0
コ,209.604925505284,223.2789984733446,188.65130918442532,10.841561319123246,213.83597109160505,0
ク,248.01049019086793,288.23805881436607,189.30838089597236,41.93544832335007,279.2531462536087,2
ガ,256.14971746256674,280.7420745898314,206.81509112276868,23.909372422209806,265.1927335972236,1
マ,166.47694486413647,199.46145316194503,149.9763535839246,11.354488411243924,166.68062023758984,0
ス,171.75556394141407,183.49340946155803,159.47545051702994,6.02205837900776,171.0492297068633,2
