Mora,Mean,Max,Min,Std,Median,Accent
サ,208.49269408949112,224.7578308914705,199.86511254235785,7.4482332536349745,205.81870562352304,0
ン,254.51737303871417,277.084926265227,222.89908394049817,17.573961606691903,258.1455202337309,2
ジュ,260.2232483120569,277.84592281623753,233.94684963750692,11.621119742603966,262.3684034325952,0
ッ,207.757436082186,235.26257825057337,163.94560901991233,23.828106588000022,208.57452239191582,0
プ,259.8119272453552,264.8975529945796,257.86287850538014,2.607307788979733,259.0722820703611,0
ン,255.67203102620599,259.86106009829524,238.08800450043802,5.45859797665717,257.99475705428176,0
ホ,229.60372675925248,254.09110409885446,198.57513961023275,16.13112003164695,234.14344203351192,0
ド,226.76373589856198,252.77966104997617,203.06454891144313,14.939595723061228,229.9367420303625,0
、,0.0,0,0,0.0,0.0,0
オ,164.14883272696915,176.74495253919972,144.16867584886634,10.418862650205112,164.62545880551357,0
ジ,192.1364180022237,267.1489275818429,159.39450553825526,32.4256902481848,177.6025244706506,0
カ,280.54136082219475,326.9052300314396,215.20943181669816,26.7132718711962,286.6716133911084,2
ン,223.3897256333042,264.3466996029373,186.15209821286868,25.23680969416371,222.36581526073965,1
ヲ,156.87479103075066,181.80368126411747,141.37253819552691,12.991323773990198,154.3667736874516,0
イ,140.35347829476885,140.9778505707949,139.3606688094949,0.48189730933471014,140.42203915621855,0
タ,163.651334541566,182.79611713996732,133.17319241156002,16.433625146762303,167.76422566362632,0
ダ,169.52512393218743,198.05477493069662,143.01501266720737,18.04738937000287,162.6862213712699,2
ケ,186.89658794720918,221.7895569102912,136.57848430302482,19.49475847152714,188.97867671814282,0
マ,204.6781307987831,217.53034464598687,189.25558973763398,5.18018934334675,204.5236067035455,0
セ,204.88221976943785,235.11121468553222,166.2106742373895,24.022955226920644,205.66397226523648,0
ン,211.88035089255933,223.92901159049495,198.2179733937852,7.923446632792195,212.28250406060994,0
カ,173.80419760159128,203.8393368137147,144.52886977710574,18.111841387646386,175.57450472917236,1
