Mora,Mean,Max,Min,Std,Median,Accent
カ,260.1128903766914,276.61516400034924,244.68567494561427,11.027434187779395,259.05951142667953,0
ア,306.73047145664725,335.52942411073775,278.5633189981609,18.903674195389005,305.9930827195072,1
サ,290.2413460031049,334.9307134989835,242.61892780243645,29.568097052983706,290.71402742843736,0
ン,218.25537475107814,238.5283924818397,201.44257350822917,11.560835668374855,218.91524961935983,0
ワ,180.20824095969385,200.41815527209852,160.53288481308653,13.115014540229108,179.20028800102176,0
ロ,177.0269240191848,222.9870728583666,140.52164520655427,21.534394977365018,175.28144152387375,0
ッ,193.8028746370054,193.8028746370054,193.8028746370054,0.0,193.8028746370054,1
ク,246.56426894845387,258.5315720827197,234.59696581418802,11.967303134265848,246.56426894845387,0
ワ,189.38000203156506,236.6274424875468,160.62827886787144,27.360475187821308,178.27869237063885,0
ピ,204.14624121564938,207.85857375447398,199.81539096562918,2.5269724346155336,204.0624927808945,0
ン,217.2406594903823,223.1600326741757,209.82720341050756,4.154344591920365,216.71706732615598,2
ト,246.8190209548363,282.40593657693773,177.24204229994555,37.79844215888666,268.0470216134835,0
コ,316.5597466405301,337.22938550234903,218.5244898354493,31.576358377232363,325.3479135827182,0
ナ,325.56448929344765,365.18704449716165,285.5076681925445,17.402885517413562,329.73682132946607,1
イ,258.22233510380096,279.32626330154596,242.3916661755397,11.506564240540634,254.5243420441766,0
ト,200.43264275774285,215.88385128287743,182.74439531298924,14.632294382679536,201.55116221755236,0
ユ,156.46531069480338,176.03105937310977,148.71562788849812,6.704285286981855,154.85656361908144,0
ウ,153.07575950705998,182.60435201732986,146.4247642256816,10.081935578483021,148.32486008381824,2
