Mora,Mean,Max,Min,Std,Median,Accent
オ,196.69791198874344,230.0440355818617,177.8967064957727,17.36198751851473,188.07709875527027,0
レ,210.03840537247973,263.23044077064014,172.07857004604645,27.97253952293867,207.0650516594161,2
ガ,271.0474584972481,276.6941822024499,262.9964454962279,3.9013123309889237,272.06231980949235,0
キ,259.566630387765,281.0940510899277,203.7223896376068,27.558482321236283,275.7484142384264,0
ズ,253.69168683691694,287.8623731056599,234.5664914756773,16.215217024930563,249.68785888582326,2
イ,293.09686331114034,305.8664633593308,234.5011164801464,19.68382130129277,301.5476655480247,1
タ,248.52051935506225,270.8163857484433,227.3754651492749,12.626101856257076,248.10359333228962,0
ト,187.9875709028452,190.32199461487664,185.65314719081374,2.3344237120314517,187.9875709028452,0
キ,156.35202448144994,186.16829755229708,117.50902956743583,15.576002027619372,154.5668590679943,0
、,0.0,0,0,0.0,0.0,0
オ,159.77431602446802,163.36577197068536,153.85860281410208,4.214909664151201,162.09857328861665,0
レ,163.87708480590376,170.7513264181364,153.00298012112216,4.414046106188372,163.60086636747462,2
ワ,161.8340760780373,166.50443310091697,156.39411348896027,3.043874075627274,161.65090779349973,0
ク,144.4035235622967,185.43154862937632,95.23931243058863,29.21269894835751,152.16319643409716,0
ル,157.70843293028918,180.95995244492227,139.2808181750802,11.896237654218728,154.13106282044956,2
マ,186.76243114755556,208.86208596392567,169.69756189216687,11.233138490319494,188.67515477712533,0
ノ,226.63091512576767,242.78638010674112,200.50358395933938,12.07078835440071,230.63646080028832,0
ナ,250.8238100325137,266.08565926177056,226.22956813424128,12.654419277747456,255.80485696029055,0
カ,247.92516839946467,265.48755615355043,235.2547878137577,9.058914588134426,246.27720691763142,1
ニ,182.74261081633364,229.9186798553464,156.0380093793338,21.975082672660736,178.19239303291184,0
イ,150.26875725754297,155.72354446505759,143.54537197424352,3.6334684038077967,150.4735694937516,0
タ,143.76662340237246,175.85594047899457,125.04867952169378,8.784987052035447,143.51023772362953,2
