Mora,Mean,Max,Min,Std,Median,Accent
セ,287.9436609690676,297.2573567120191,274.51576137378623,8.03849623746976,290.460324088897,0
ン,311.4471847546981,324.7913553123403,297.70324461913873,9.106460305947698,311.0297996729791,2
ク,267.9055337448276,282.65301597124954,257.80771619713164,8.970731512207038,266.51241444844845,0
シャ,308.9107574784068,344.16313444644265,284.5402796385597,16.077806440392497,307.2504372332703,1
タ,218.54873524994255,228.09875183500105,211.6852821292363,6.135196481161843,217.20545351776641,0
チ,183.50693685393824,208.1319974844884,154.01494127644588,17.312816735568227,184.10295526888362,0
ワ,158.67912963521798,178.2214016619529,139.0190264379781,14.40456248928449,161.21879075346945,0
、,0.0,0,0,0.0,0.0,0
イ,0,0,0,0,0,0
チ,219.97397019195915,240.35775575892472,149.77081197350458,24.62175257680629,226.65788659034763,0
レ,252.48591329861537,260.36427912184035,241.68563080101094,6.1322893728507415,255.08486355832088,2
ン,257.5128644316022,259.92000604300836,245.9386505955253,3.354400410669812,258.17769521193804,0
ノ,258.7022164429549,264.2561959509371,255.32979912412046,2.529034820733805,257.7945028117354,0
ショ,232.03272135427346,259.6289654669302,203.9879722925512,19.303664791697624,223.41514107354055,0
オ,229.26761866112454,240.0105905653841,217.22140936293528,7.192863413761714,229.53494500870215,0
ガ,245.13363358666348,252.8844878495589,237.56051864405177,4.097777363611321,246.64038882011988,0
イ,237.86593100655423,238.55045784946094,236.97019786896237,0.5643818583468383,238.01996998493235,2
ヲ,234.94552099935996,237.50735765748394,213.1314904061146,5.477226442437924,236.71839688641995,0
コ,205.67716996008858,221.28262862309228,193.10883574126208,9.838274086845816,202.59544773535873,0
ク,205.89746081741055,227.88873271665884,180.06517395556924,15.99811859773865,215.50364030179128,0
フ,212.7638641847253,219.6766345568772,205.64744481798795,5.131292801064451,213.02615199802517,0
ク,226.4804660889211,255.01442543960385,216.44813168034747,14.393730933444829,221.28344882860097,2
シ,198.2160718664725,220.99227139528855,158.47950224587348,20.92258866322684,204.35221147362677,0
テ,217.454736668897,219.82374745179848,214.34757446156536,2.2543429570024243,217.82381238111208,0
キ,194.6615505369574,213.9776738527977,169.15653351225816,14.31000480490619,192.36113432903292,0
タ,142.2907602035677,163.1076348005738,130.42648819340317,7.624584721904354,140.78066535503817,0
