Mora,Mean,Max,Min,Std,Median,Accent
イ,177.33807458618952,203.39822863566832,149.90963323892078,15.475322412605854,181.0420137269404,0
カ,252.2964881208578,272.23093545512324,134.45730970703968,35.75462662359693,261.242768416967,2
ナ,312.4852069180452,336.50968907774035,260.35116020082813,22.91708613169925,324.5494953678218,0
イ,336.91143411668247,340.91990232538035,334.3813285787378,2.5391669007686417,335.47760014914013,1
ト,240.43195450154002,259.1602577359791,221.84372823613222,12.717402555174015,238.18776004303783,0
イ,197.7033838242709,217.04108796487483,155.61384226723797,16.71034229718015,202.7349542634292,0
ッ,165.81978694632875,169.02559176125848,162.61398213139904,3.2058048149297207,165.81978694632875,2
タ,173.36559193214282,188.89547120428995,169.46692449428417,5.110151382571186,171.66598144237716,0
ラ,155.41404549101287,174.55079207791465,140.55688640477194,9.08159941981299,153.74807364450794,1
イ,143.43901012296647,148.16950025791058,133.18367949996463,5.423643350047842,145.98482756523174,0
カ,183.21640748508534,218.3831795488713,130.931563122079,28.871299855723674,197.1616895262732,2
ナ,233.6051943007474,258.65329523627514,202.486185756879,19.564674778551744,235.57111481832334,0
イ,255.80483613621558,260.6667971668653,244.64827853140707,5.238352699217032,258.24845275805427,1
ン,229.20409403822606,241.9800976895612,215.6137438299336,8.752945945039132,228.38055865805387,0
ダ,189.7684493078441,213.7203814961998,170.0399670678461,14.3063067164136,187.56567244670944,0
ヨ,154.2378407704882,173.90943500320358,133.49524396283215,8.563318977723519,151.83301564329503,0
