Mora,Mean,Max,Min,Std,Median,Accent
ユ,217.4084850918227,260.1561209923273,191.79979146693813,21.919419575717118,209.95557103243766,0
ウ,289.6847044307264,301.6943998903474,264.7867198276382,11.749925051306562,293.33033035706836,2
ベ,292.9334896838434,319.6749980086036,256.48558221739705,22.185430855116298,301.04833258639803,0
ワ,251.06852036997287,316.8521901410796,159.76032634906568,50.73945995022428,252.0222710820337,1
、,0.0,0,0,0.0,0.0,0
オ,187.2072466520399,231.49522708455677,156.61769576561434,22.317670652410186,183.26469602393706,0
イ,242.65985413354028,248.93886652447532,232.67047686055133,5.669406399260355,244.65937933023088,2
デ,254.7592956627202,291.41655645501845,216.69538042182725,30.196335093098767,278.3901987225915,0
ニ,280.959909328579,292.405417455576,270.1203665583227,6.459438248984799,279.53781617302445,0
ナ,297.627772295956,319.05775599094943,280.32884271410364,13.68949981653442,290.7832558162271,0
ル,309.3505727682584,337.30841486618306,278.1074235733994,14.643028827417108,311.9547388772481,1
カ,223.68302911354272,265.6964271145667,206.33758583022558,19.415027063183157,213.87398933299727,0
ト,161.5898787022987,207.9911399554486,151.42143904536317,12.950510120011893,157.17097033839482,0
オ,149.85215387495273,151.59151451756725,148.524100639585,1.1360862940008454,149.51995719379258,0
マ,162.91038600408902,183.02914146696375,150.50743877550926,8.134886402711173,159.98846724685217,2
チ,212.99321830009112,240.7989148269153,184.9337190925259,22.253347954145365,200.30331788861463,0
シ,227.6859518996351,236.5211792697822,210.04550420990452,8.156095861806449,228.31827103647578,0
テ,263.3941813371296,282.11800920298776,257.9556838975067,7.364210853497839,261.17198611083023,0
イ,257.05143928848264,258.3097604238307,254.88144658101845,0.9012702815387009,257.14400702405624,0
マ,255.5994728492491,267.3829677706611,245.54201364059412,5.360363604770433,254.72281275721303,0
シ,252.02738753186523,264.87118912260553,232.0883021645166,10.465853296774588,253.65653494374556,1
タ,167.72643341741406,199.67632933237928,131.0863675683157,17.40026173153188,165.89223511812952,0
