Mora,Mean,Max,Min,Std,Median,Accent
ウ,214.60117757380945,240.6982641255019,198.371102274478,13.20063295683783,209.34771553979874,0
ワ,196.19032435344886,201.6217562702161,192.26893331491266,2.6339710015998246,196.30091132359715,2
サ,215.3829417165862,258.4988474119692,200.08089327218266,15.624465479101136,209.41568936173195,0
ワ,191.87218765051136,202.22655204980896,170.1164456232839,6.841775264240109,193.56067673166518,0
、,0.0,0,0,0.0,0.0,0
マ,174.8782963609981,189.5308366663751,161.43055203261306,5.362094077690295,174.1038853705225,0
ッ,171.556985237475,182.39314313242974,154.7754659629905,10.4984083321236,174.94596935498646,2
タ,292.39963624423865,324.08221743143565,256.30926098066516,15.873257918689202,292.29790474999146,0
ク,257.3987796777899,266.8977521232096,228.7048634411072,12.994600863604134,262.2429788875462,0
ノ,256.04547632121273,330.831567514502,199.2569741593012,33.14503082609425,259.41231427965954,1
ウ,194.49442655644341,222.70148802415696,164.3155807513694,19.023149735406747,198.22007055160316,0
ソ,281.95498695364233,334.24206135364284,215.21104493611054,41.48553928724993,303.14817672893577,1
デ,264.2307015260182,286.0845870302593,251.4372932316516,10.35615620924227,262.6166069651849,0
ア,216.19140503872651,249.58830939929692,201.72166136232218,15.01607341672312,210.3653324136809,0
ル,190.4966900722957,202.04969588045174,173.34446155394667,7.847839832701524,190.22227651500674,0
コ,182.670500962179,186.040582894043,179.30041903031497,3.3700819318640214,182.670500962179,0
ト,188.3425186138808,204.7684833460628,177.33015356146757,11.837673799122458,182.9289189341121,0
ガ,161.21137559941153,174.0521057453513,150.16609853145795,6.621399089357695,161.4394999162268,0
ワ,149.47453317871884,152.33510992290798,138.52502178192537,3.3198286361696265,150.35858048687186,0
カ,177.37711022598776,187.30783901703848,159.96546009693236,6.100045793979452,177.45345166333524,2
ッ,174.42688945594085,199.73504843789448,161.29814626947856,13.81435180451721,169.53580919157667,1
タ,149.0467702140042,173.7185871654621,132.4027910346701,9.351391505262619,145.08112086092322,0
