Mora,Mean,Max,Min,Std,Median,Accent
ジ,185.75667589016177,198.6016461564795,168.70544680766105,9.898741396407443,189.11741890794247,0
コ,226.85228575756136,271.1721036664427,137.8305859942682,34.89942475874604,233.5593078362628,2
ク,202.90048728753962,250.28014970605318,178.6589657457379,26.970894490333524,186.35356506712967,0
ヒョ,301.413286848967,338.01815748560375,288.83410078004755,14.16075184103262,296.61578756423165,0
オ,283.9444333470141,287.04474525804096,282.30382057668385,1.7118486498976535,283.262267497341,0
ヲ,283.38951723972855,284.75821024554523,282.3696319202081,0.7821604814438257,283.14407465394083,0
ミ,286.7133795197984,297.49694242682153,272.22987647938504,5.573293505076276,285.17349810178524,0
レ,248.67879706560132,280.9683900795223,228.5286170966667,13.523446359291148,245.323735570792,0
バ,164.10966396310752,222.3346507913544,107.23250652408842,29.56365036196631,167.29257620472129,1
、,0.0,0,0,0.0,0.0,0
ハ,162.72903462352522,189.61881041550674,148.0167444894243,11.111448625904693,160.1995334942543,0
ッ,158.3992768368772,160.86672530124127,154.69164973683266,1.9870448224382897,158.75119560484336,0
シャ,180.1194343240387,235.51030838784388,132.91024903656037,39.08165442130054,152.5584978473815,2
ノ,232.2869759779529,250.85989948030883,208.9326195705444,13.159404350806877,237.84496613742976,0
ジ,248.91632308897226,294.66399612375886,224.0695266045561,20.055914020211624,245.53964478344386,0
コ,292.1939959123921,341.73796921488344,242.15785447899466,27.379412728618,294.40886291320277,0
ク,237.63676028780023,248.1599412115456,225.57953889833928,7.3198475479500775,239.05274908137918,0
ガ,179.8501075551025,220.6406739252655,154.93454619077752,19.231249608470872,172.48808500088882,1
ワ,143.75662523458246,154.3336049802111,138.2972351271824,4.801842024460026,142.07470325960585,0
カ,153.90203055947745,163.2276268639532,133.52030180639744,9.799993151858196,155.73330858469828,0
リ,157.43642362397117,167.2733859677146,135.82576491863668,6.8756785447149396,155.91746994091784,0
マ,157.0899518987036,165.26608868573885,150.31981242983022,4.396830622439427,157.8958700670247,2
ス,159.51507059206074,167.69252601408348,146.26103398549978,8.313451871341464,162.05336118432984,0
