Mora,Mean,Max,Min,Std,Median,Accent
キ,0,0,0,0,0,0
カ,376.1313290286223,418.15640082990217,344.8915864151226,21.50242225255389,370.73828452581756,1
イ,326.54985657125485,340.9561517116599,309.660537112552,10.157214671043253,327.7289412563598,0
ガ,248.47300881600478,302.0488816640954,213.5409666179902,23.91775999450199,246.8318071090034,0
ア,206.40055131739624,212.3990618244612,199.190206251139,4.072464249936054,208.16104097092517,0
レ,193.47533878558548,205.0834525526709,185.3011923513837,5.764624229869133,194.25207359763593,1
バ,162.48620276144857,184.3778912703862,144.1206582888762,9.692287339020973,159.72945709453612,0
、,0.0,0,0,0.0,0.0,0
コ,176.99966903228218,184.46124078822496,172.98082017949366,4.050456368727775,175.70323217497798,0
ノ,202.89072593172403,234.13511857075665,171.49110094582716,19.093552607359907,204.15402529542564,2
エ,244.47214791970464,252.48157177961633,236.14171929518943,5.638946925523503,243.93479968874726,0
エ,266.90932920277265,272.8576431513795,255.27850773178892,5.517159709268823,268.84020377382956,1
ガ,247.7614013132568,272.7998223142123,210.8814835555142,20.18921177433702,251.34619559471116,0
ヲ,173.56997035797798,205.00244881015217,156.13617697552476,12.668424929596931,169.5274596868245,0
ミ,170.22535029871443,223.15736889674142,132.39939654870346,22.039619338559625,166.12353560210622,0
ル,258.714210519975,296.632149389954,227.13690724051017,22.10280845501674,251.09618836183503,1
ベ,227.49264228679556,297.9118803299215,196.5937494654063,35.5975170059483,209.7235621308629,0
キ,191.87521780375172,229.93382851929178,164.0190740947205,16.298291984741873,192.98263064604475,0
デ,161.09394463584164,191.67141187813058,144.81598812381472,9.542261112844184,158.4688179965321,0
ス,157.4369401435518,159.3421462373951,150.81189062415208,2.8350130466865244,158.9467331460915,0
