Mora,Mean,Max,Min,Std,Median,Accent
ゴ,193.79293330796372,203.56174115366295,185.27848628423925,4.779233111502111,192.66870114454596,0
エ,242.03932925641166,290.9348845188968,204.58018810284779,27.02411456050893,237.95026770732736,2
ン,294.39402028896876,299.3619200331829,281.4537978224036,4.165974668551679,294.8524257071181,0
リョ,302.87736495313027,314.7892640167635,281.2816246671657,11.304997990106038,308.69116144600935,0
ナ,312.39446407221976,326.3172914670959,278.44088334328075,11.068481549847492,315.1814487220597,0
ク,165.78162332376172,237.27062444682133,81.83090010203092,44.43699567084264,172.67228685535684,0
、,0.0,0,0,0.0,0.0,1
ケ,299.12434192080383,318.1636023727627,275.3242102323061,14.511067656229548,300.9376340007168,0
エ,324.35903172901936,341.89842038702943,271.92293446902863,19.892036253699175,331.47823461481767,0
キ,264.1895094873416,281.39841915695746,250.15177606210764,12.029035314420758,260.78685364763555,1
ヲ,216.42585273463985,273.1790594880369,182.20609005407778,32.67257409123469,200.7769231224937,0
オ,169.40138669703276,180.47716892470518,159.62893474753437,6.4889349489633625,169.25797026350435,0
ト,180.8703265110712,186.79117210668406,177.39723794902105,4.207543670689873,178.42256947750855,0
リ,181.58368448125532,192.8239733712455,165.89326614036446,6.136727467619319,181.3551089410479,2
ク,196.46358064173742,238.47943341689754,173.9905749854039,18.518105510136035,195.27244079748078,0
ダ,190.44680334024676,206.73588439796137,177.5194200964765,7.774985058357099,189.42149544937874,0
サ,190.76128489537155,232.6370272303231,162.88233660465687,14.758915621885885,189.7490830476296,0
イ,157.0898800130751,186.41775838977034,147.7250546474418,12.632075339150965,153.06858424519598,0
