Mora,Mean,Max,Min,Std,Median,Accent
タ,243.51083571076745,247.38926850362353,237.48899781995405,3.0958235615966982,244.17064204280774,0
オ,276.4335558623738,309.407387817717,242.99039008990673,19.737555408904246,276.30932766668093,2
シ,318.0762411892667,324.73297976208977,310.3774335423745,4.066162036204104,317.904520844961,1
タ,238.38850718547735,274.9918121719629,220.38212286590087,16.401024605593022,235.68174433846153,0
ザ,188.93357246965223,218.78189674278633,170.590841169864,13.9972297514036,185.14408727505085,0
セ,177.41222586670216,211.08832474286604,102.84143372305743,29.9579100483257,172.13783867497034,2
キ,209.65008506274697,255.84044524711234,185.34096259284865,27.777982909590875,189.41518438094786,0
ノ,229.80385337133404,242.60086717495906,204.41661048980998,11.565821154050063,235.4616639331117,0
セ,231.83576036953667,254.72685822751941,187.6386379855548,17.29106821665909,238.16009571064734,0
ヲ,186.8493067196786,235.689232837342,132.6652661708956,30.49675912976396,183.14391106686153,1
、,0.0,0,0,0.0,0.0,0
ス,0,0,0,0,0,0
コ,278.108321634656,286.77838289595763,269.41671883907424,5.894440984806374,279.5102594376551,2
シ,242.87751125533708,281.136474056634,185.71685522637034,36.38141660854816,255.38674811520488,1
モ,169.32838070362132,181.1795947983121,163.7594229096041,4.575129287768368,167.13843819871076,0
ド,198.2837531618218,259.71656725866734,165.44366739470166,32.209622532571345,184.3741515666169,2
シ,264.3070644093134,271.6671727674344,258.86883868639205,4.608481763920738,261.368331271638,1
テ,285.26623227196916,300.64662721657106,267.3334547522086,11.616581408953827,286.09793299339367,0
イ,237.333363348264,260.4317659450683,220.09097693420586,13.020873238398769,235.92221923231978,0
タ,183.98666066071627,216.9867514901494,171.51388168921386,12.54292260749786,180.63930404315667,2
ダ,159.69286880963804,169.39553085534496,152.72055823354836,4.9759500960375735,160.473772624849,0
ケ,156.21467913515932,166.61459985993417,137.6412246297302,10.210344267527253,160.30090231281883,0
マ,160.26037984929582,177.18902886814843,147.17613285362512,5.8735267775793005,159.18070983688887,0
ス,151.3412319031134,163.5318900236902,127.48109888943947,13.315427574248574,158.59828609432338,1
カ,173.87283075762863,222.6594183756556,147.33772414055403,25.17987897903998,163.14700252308526,2
