Mora,Mean,Max,Min,Std,Median,Accent
シュ,236.86235639817028,239.87489835175762,232.50808013159818,3.1535895840770403,238.20409071115503,0
リョ,247.2245978659567,300.3390872054825,200.58494860087944,33.6688315545894,242.83611810608187,0
オ,308.47727102481355,313.6083297725526,303.6748676823829,3.2043252631755634,308.4280228654378,2
シャ,308.49349621745785,352.13699706895505,269.1614405827656,19.20101247232274,308.78279060248525,0
タ,196.30942367887147,203.1447982633335,189.47404909440942,6.835374584462045,196.30942367887147,1
チ,173.72214138013166,204.65842565460716,139.84307579786298,16.619365688923736,174.3278657018641,0
ワ,156.41074647263625,180.2025375837822,123.24658646652149,15.733874190545407,157.1822419464916,0
、,0.0,0,0,0.0,0.0,0
ヤ,166.4817489050314,187.39980051132562,150.95926962454388,8.132969775035221,165.46675915137976,0
マ,198.1608088856953,232.60726077530188,164.2807519083451,21.39087850540168,198.44075490782797,0
ヲ,232.0444028490466,240.6412795982205,211.18019474348642,8.731108812180716,235.46260325089676,0
コ,172.32717442237984,210.25841506666154,153.7740727466672,15.643234178047603,169.1274886978432,0
エ,151.9974645564697,153.35804285469314,148.8057229719119,1.0681601998290184,152.21004046959632,2
テ,152.29228631750604,165.5004084734185,144.50206537198784,6.115759175420083,151.3300469022734,1
、,0.0,0,0,0.0,0.0,0
シ,0,0,0,0,0,2
カ,223.79874689688083,258.9279452833173,215.56407266843263,13.76676874278563,217.81954645524957,0
ノ,238.3155318104338,254.304216477105,209.62230930512138,9.652764874689426,241.5438888338307,0
ア,241.4592437304059,248.9775535230185,198.6313120404096,11.571071788940236,243.85481510681234,0
ト,215.86345004113176,245.46872709837152,194.8920156647136,13.917485308282071,212.95864883612128,2
ヲ,158.54040025261358,189.64710883169036,142.52116434962366,14.381308102792273,154.70501066160682,0
オ,143.19015375345768,144.34255252307784,142.02714680818093,0.7174764396996547,142.92176987475477,0
ッ,143.3799610826728,144.49094986236378,140.964180422694,1.4225668852551019,144.0323570228167,1
タ,153.36412279321112,171.85573634666065,141.46699306302528,8.11853313124561,151.57204325505268,0
