Mora,Mean,Max,Min,Std,Median,Accent
キ,0,0,0,0,0,0
タ,342.52917202021246,355.7805766480665,322.9927492886954,7.811924787593037,343.71453273388124,2
イ,353.2666868356818,361.0627149335217,334.09711126374435,8.03534258013853,356.8690744908305,1
ヒ,311.4664758072114,330.8339157616546,297.1996579253846,12.475623130985257,306.6055791686826,0
ト,218.42334322395192,230.51408046642402,205.73375090647548,8.422836773209553,216.6794912079394,2
ワ,174.02899642130106,201.8516328762524,162.12252885077993,10.599532412029914,172.46024613636098,1
ダ,193.88754062240002,252.83581612398413,147.887074210386,32.55249833000278,192.9521843790014,0
レ,287.0540713003604,306.99219961360245,257.35448104981083,18.501665496506117,295.7009399154206,1
デ,235.1293274613874,291.63942900393965,209.75863469672535,24.07954192664113,228.91567575219125,0
モ,174.52063573006336,213.59648816055503,145.67953810256546,19.124688266484192,174.88275261821425,0
、,0.0,0,0,0.0,0.0,0
ツ,197.1701335360568,205.96389250758548,184.41158324925408,9.234543346296505,201.1349248513308,0
レ,207.2951707260796,238.0694663829348,175.43114240504485,16.94636900781688,210.9955236704023,2
テ,272.6141101917179,298.143186249298,245.08599961436843,16.02514486046758,279.267992013868,0
キ,220.2850658476415,246.2305444999571,200.53847073769103,17.501749423676102,217.65464307352332,0
テ,219.02829113860102,242.02530285336275,209.0203050775229,11.915871198418976,214.37234339784072,1
ヨ,169.23339660632047,206.9762513524209,146.41836905153014,18.438974385223567,163.75516299059626,0
ロ,154.40376910683707,173.85077538925773,140.08830403882857,8.900728559773299,157.15215002906962,2
シ,191.78881711872208,231.3264919662397,145.24309074383342,17.00451666748499,191.12281157194377,0
イ,157.12328721545293,172.9462230968545,145.37737442913507,9.4969297156524,156.70539059403012,1
