Mora,Mean,Max,Min,Std,Median,Accent
ニ,194.802276324375,203.4206384062155,191.2903533714277,2.949910504138677,194.57706660006775,0
ホ,209.96808616163614,248.84134011743058,181.88118485975173,23.834336788890425,198.05747442611948,2
ン,213.99759232439058,237.01571958509422,193.253589463924,11.602987716483232,215.9263562934151,1
ワ,164.1686798937543,191.01561622227567,111.26798235924143,20.861540490204067,166.66204181432255,0
、,0.0,0,0,0.0,0.0,0
ヨ,208.8903619756689,247.35973908217954,187.72445400786296,26.026050166479564,190.37513768629356,0
ッ,165.99441956590402,186.9866724089955,157.74121545500498,9.180088996529342,163.53269277949136,2
ツ,315.3106403670565,320.16943971579803,308.927076974203,4.093891172350633,316.07302238911245,0
ノ,291.712801678804,337.25991769093906,185.46973125777052,45.97598200396161,324.36919731257007,1
オ,226.59308156579917,253.91380798798482,184.54634838490517,23.515174435145617,233.51061705861326,0
モ,321.92458777331115,377.5052974013914,263.42815890644783,32.34265234134821,321.05792537770816,1
ナ,318.2058651697683,353.19007746613227,284.0292137511047,19.61115714463878,318.6281750342091,0
シ,239.8817500815974,279.3946353223898,176.53589321895876,28.88653299921607,240.87911181440634,0
マ,211.52613846984082,229.1688694900589,199.97927927846396,7.583053266651359,209.692293213636,2
カ,185.8663684499233,227.58183819617253,166.97313564090527,12.539453582222707,184.94008748053056,1
ラ,166.55860100446412,179.83022461011072,159.32289693583175,4.624753799142658,166.10921340764483,0
ナ,156.80593871126865,162.4774272119311,145.28708868839684,4.013373267756175,156.76660005334875,0
リ,181.50910740884726,203.68423654434662,145.19949470924587,17.65670187385923,187.06100431937847,2
タ,244.6910822947455,263.31817837694354,190.24583709752804,21.424730149236954,252.18094941543495,0
ッ,0,0,0,0,0,1
テ,214.70633953528625,245.3912818102233,198.15338432726426,13.700367901546855,212.83101785752322,0
イ,172.91913543129306,195.9684622988951,154.14809107731887,13.333811522419039,171.47898083404976,0
ル,149.926246518992,155.00358418070823,140.14470168033122,3.1054369810605356,150.14757211207694,0
