Mora,Mean,Max,Min,Std,Median,Accent
サ,291.37313122111834,306.518107129184,276.79043598284875,8.002538960511082,289.6659931866734,0
ン,314.1135922548368,318.3469760196244,309.83251434524817,2.5660507813167297,313.79006084828154,2
カ,319.15640734962204,384.4767286589479,231.44003022738858,39.53922138460291,338.8442551500662,0
ン,329.9950365760016,346.6848824350365,308.43111794758767,10.5757954887689,333.34598878400635,1
ブ,280.8289758931921,302.28135754739367,266.64791351638144,10.073658856289361,277.6193855490442,0
デ,215.0910451852055,266.15011357411277,194.24885456161914,22.227385345330262,209.07738704681773,0
ワ,174.60419620565287,195.49858390894352,146.45016945743552,14.2488529204848,179.57273018746213,0
、,0.0,0,0,0.0,0.0,0
ソ,239.21495087639676,272.74516509108145,218.43422067607233,15.582423649975418,235.23830420764816,0
オ,291.5237476911181,299.94721926051716,278.2521594507866,7.297592886632834,292.59821322817635,2
ガ,279.9212731757038,301.40853649756093,259.9525547706544,12.776499878369483,282.3421868440582,0
イ,279.2173281776006,279.88096941095756,278.17778152800423,0.5926404932082935,279.3900383106469,0
ニ,271.64971136007625,277.3732197450072,268.48225420568446,1.6522905773435097,271.72226607943276,0
ナ,242.51843708652868,267.08789035661613,219.7604595232419,13.44604480651276,246.98036376485913,0
ヤ,228.59071460887353,251.28380638406162,217.02531077543392,10.167153696881632,226.10149103484767,2
マ,270.8346998415997,296.94463251998405,253.95437468661638,13.20546717085671,267.0636608070321,0
サ,295.81700487063733,311.2796673175755,269.6230206654526,12.997879119893996,300.9113363564582,0
レ,290.96257154865737,302.4834526104494,267.95895629824156,8.134144424892733,293.55001738878406,1
テ,219.08857059246876,239.61258242234837,206.9085168698769,14.596922131902032,210.74461248518105,0
イ,183.74244635865801,208.93174036676055,162.42910911586188,13.431743700419268,181.50106755163705,0
ル,156.251457733271,179.62903837377422,130.6989508677534,7.945987384094188,155.14747274962755,0
