Mora,Mean,Max,Min,Std,Median,Accent
ケ,249.8976082967638,268.05268156028166,214.4374861846744,11.979394091382664,251.89922196771306,0
エ,268.6796089484143,277.8493543769595,259.42294832450114,6.201929312597693,268.00006415533016,2
サ,259.35472470569624,293.1355731295748,196.46156319271017,22.31141979611579,262.9658718934367,0
ン,243.3914947472457,248.21752948682192,236.21454769764958,3.6149840232983497,243.47039097502068,0
ニ,230.7316970407391,242.67529003277892,193.25144502649533,14.001544206351074,238.54785817283332,0
、,0.0,0,0,0.0,0.0,0
イ,237.17831764844604,252.70923000168477,195.48217335870743,16.039274489074806,242.36533630047853,0
ク,231.16747660704834,231.16747660704834,231.16747660704834,0.0,231.16747660704834,1
ラ,284.8861971749226,357.65619968205624,239.80444523559774,26.67417860266436,286.74227111769454,0
カ,207.01932416613,247.8198908712208,193.7436048828583,16.367946713458583,201.943197120177,0
ノ,167.37107191336432,190.33124535438262,138.62549875317464,12.57514244427443,168.07289457182952,0
ゴ,175.15103247907825,204.40508234569091,129.436493295214,24.456774276692773,180.70999611166397,0
サ,195.81184832323697,234.42478960339497,167.39550986169093,17.63225223839141,193.98975250701352,1
ヲ,144.19020608662538,163.25900540837983,131.181054301735,10.26132578530483,142.2047996024449,0
コ,260.8410294701946,270.5005468436438,254.87476591632986,5.401591772325409,259.487011095757,0
オ,289.93818355685676,304.89161057347087,275.5959578535513,9.725727445872797,289.69387992001606,1
リョ,268.93248714003863,318.77889951767594,211.6599568159974,36.69588819666682,254.11438750270224,0
ニ,160.93578323887357,205.7860077995797,136.10163236660125,20.515897321545257,159.71193661496153,0
イ,139.77606751579165,141.45911643418677,138.6683549106727,0.909300605795261,139.442881398132,0
レ,147.8198504083056,158.19287038902178,139.64402463900905,6.743656111740491,145.89445920156697,0
マ,188.75475765639467,221.06395703334516,160.00496206962768,20.70754861852729,190.09760866594416,2
シ,232.59884613492542,245.0479452572985,212.8283525320248,11.029500489527537,236.10252734367378,0
タ,168.18133277480194,189.36165230160327,148.18546609162,12.923727429771576,167.89346396568556,1
カ,179.55813617810105,226.36168434258983,134.27333453453738,31.509644898884105,173.35808605648288,0
