Mora,Mean,Max,Min,Std,Median,Accent
イ,0,0,0,0,0,0
カ,251.10534997997897,263.4596619953505,240.31911498262468,6.385310796279629,251.12786860758845,2
リ,279.8780177756064,317.67028275642264,246.540756141599,26.27410569091324,269.4514744252084,0
ヲ,280.64949821607064,304.5322139037684,237.1483412384389,17.016199502061635,281.9850533007426,1
コ,213.65675426213446,239.463860397592,199.89079389068718,12.997355957454237,211.28866224512709,0
メ,182.24686667683528,209.33790272356163,146.61589747249695,12.65166053643103,183.91947810953695,1
テ,147.08027777383023,179.09021145728016,137.01235263758696,10.066356592950328,143.1689124895035,0
、,0.0,0,0,0.0,0.0,0
コ,190.35641835520676,195.2296481957034,186.0292745050439,3.2891572391764012,190.08337536003984,0
ク,173.3570506188389,188.58706842214147,152.74989470769648,11.287424453426791,174.12037383022374,2
ハ,226.8653336899285,235.13300514042805,194.15235386877683,11.94677129679588,231.96668704936948,0
ツ,229.748328735129,295.1746798889256,201.34196903213135,28.65853769873474,218.62842207009976,0
ニ,268.1558533980456,273.49095267948394,262.28069633798304,3.630442826594067,268.86249337687275,0
ン,271.41544906720804,274.4594815225521,263.16014359566594,3.652651165003812,273.6838360695983,0
ノ,271.5897720283718,280.09460516815494,268.49989625990327,3.67572516533285,269.57468440605214,0
ホ,273.5345442427968,293.5645738818363,250.66240396407164,14.680348243461165,273.87426378644847,0
オ,274.4523707999056,290.25024041146673,263.54011443232525,8.546009844718741,272.3467366929127,1
ニ,210.57820277502893,261.8455377582989,162.76928536829385,32.80455533240678,209.394129271241,0
ム,154.94165053151872,160.56344792009793,148.4476180935008,2.4945880847335102,154.57347735467513,0
キ,137.5443454857435,208.30596368990538,92.8090808225333,34.9119380575335,139.4936073311506,2
ナ,197.07936707600285,213.80942844022064,176.15901632129115,10.139281618036575,200.56392476609574,0
オ,213.73609195325957,217.59063138322432,208.5078885412328,3.1253266123540273,214.63808915770477,0
ッ,213.57682012085712,213.57682012085712,213.57682012085712,0.0,213.57682012085712,1
タ,146.49501588074546,179.85222462508614,127.58898764793756,13.00574176623658,145.10779214664535,0
