Mora,Mean,Max,Min,Std,Median,Accent
サ,264.7960140408132,281.4968093313057,248.8600340431899,8.398869352903976,263.4709589106661,0
ン,312.62852959802905,323.4297278059511,286.66354945422256,10.356382868376464,314.87732382048483,2
ネ,330.32243609729926,343.5434097719823,322.2032753387432,6.682459162559704,331.7341956306009,0
ン,314.77172898585025,330.5349456415082,289.83382828036946,11.715741897563968,315.35128065626736,0
ト,277.7355788273903,336.404528787433,232.93048438155387,32.61047490499999,279.7412448286889,0
ユ,293.3457082406313,312.2202841503419,255.76204121130212,13.281975445293122,295.9254022412889,0
ウ,227.40463493211877,249.8487761115479,202.27142306756875,14.7597546023498,228.24662095343336,1
ワ,165.9517862499181,195.48109957569292,140.73824409948787,14.722109524975016,163.88719313326985,0
、,0.0,0,0,0.0,0.0,0
ナ,178.0978746023496,195.25020510176833,152.34358374979553,9.87906194328348,179.38585886449044,0
ガ,273.66962545241057,325.8784824432859,197.8593917911646,47.28997072535372,285.66502663663056,2
イ,308.5489316987354,319.5936587585198,291.47820892827076,9.417084110596273,310.7486325909526,1
ジ,212.0264741542096,285.2265036233543,172.83516106100024,27.905848122167857,200.49574627232585,0
カ,189.5459503645416,199.8310371152423,183.05234661690557,4.8206916885053,188.79798552769998,2
ン,184.36989407314456,188.32349962974703,169.53706964510764,5.060619783028508,185.50593845595665,0
ダ,182.53931917168927,193.02944149336687,172.38375121728782,5.424930285183757,183.10040374903372,0
ト,172.87519135114417,206.46558431744955,149.61534894476603,15.194505251659324,169.99300634434542,1
ワ,146.0343428671726,157.16067519813316,139.11470310976367,5.201455484390478,145.8392314587502,0
タ,184.30120369412128,184.86865568340414,183.73375170483845,0.5674519892828442,184.30120369412128,2
シ,180.6198807293023,209.38279861469948,161.6746152806034,13.023860589744206,177.5488811405587,0
ワ,183.2082095654263,199.7310203251301,169.50073333246047,9.442428604376863,185.50078579792842,0
オ,169.6032055326205,171.98193651149393,167.7006539022793,1.2950283667127696,169.61379696807512,0
モ,165.9593278424031,178.52848358638508,150.8135169851836,7.436620846470889,167.90133704128306,2
ウ,140.55104005265122,149.76674878565052,132.75827327244036,6.318168880735761,140.45798749953346,1
