Mora,Mean,Max,Min,Std,Median,Accent
リ,183.1669741477774,226.02986073588144,126.65857067407867,26.341614298978392,191.67695535474732,0
ン,245.13498231960025,259.43515577844084,230.08530025744307,8.917996926714983,246.06783222728197,2
ゴ,277.9056414373377,291.04975833105385,239.8195071928602,11.733340759546664,278.74553995639286,0
ト,280.55010128527795,323.36015750675364,241.17505277985293,19.848262047341194,284.776160620399,0
オ,279.34670265821376,280.0827284576041,278.48409832797597,0.49734053552675006,279.25464984349037,0
レ,279.38851037278425,286.1958851202067,269.2376407726443,4.970677008118772,279.65357097662223,0
ン,252.07817741265006,279.9773291942564,214.88241712430525,21.352892164021593,255.4555763393922,1
ジ,154.92313701855048,205.2489715520249,95.19503273554014,20.2122583697032,150.89641004318855,0
、,0.0,0,0,0.0,0.0,0
ド,191.65144386236528,205.762928865375,174.17283394685168,10.099835723066295,194.92652792282172,0
チ,216.54738949162856,335.0434374274133,190.38620216598372,35.997595270943854,204.5123260282237,1
ラ,268.63284595568683,307.26631394015067,223.431813344545,25.133531731539346,268.88310752548284,0
ガ,183.60566134093327,218.496820617126,157.222138601033,17.572346119410778,180.82413398088121,0
ス,159.83683766014633,160.76794964097624,158.20774845174756,1.1558652430064371,160.53481488771516,0
キ,195.22060808295436,210.58439991251032,187.6227420424574,8.832551247475484,189.2163958734303,2
デ,161.50681173738957,184.9607427866698,140.4165488524198,9.838318146192288,161.2610038709195,1
ス,152.67054900392844,158.8669499816838,144.02645538618765,5.119793237380939,152.49687689863683,0
カ,176.47177359282944,236.03013289334265,142.8087780111073,32.520278900124694,162.4194683759836,2
