Mora,Mean,Max,Min,Std,Median,Accent
チ,229.38694464598046,239.64635624814417,216.78106281582848,7.158401302243777,228.74767154165693,0
ン,253.48308515339,264.4449515975535,241.6876878883563,8.11243464862295,254.82656195199223,2
ツ,249.01541906660916,283.525392526531,212.8975771432925,20.395988304005144,256.61551631684887,0
ウ,260.6607779551812,261.85243134229125,258.69683725210217,1.0108982046424686,260.81019976805896,0
ザ,237.22993893090165,282.7048835840759,215.9334025235206,13.320801420259452,235.419848182931,0
イ,229.77620891348147,230.14708778525045,229.26406891298797,0.3446243141360053,229.8999589124946,0
ワ,219.13560136159916,228.59659440694577,164.21680252604864,11.715487991450582,223.2548930634939,0
、,0.0,0,0,0.0,0.0,0
イ,176.42326867580408,186.01092979443155,158.16595169056424,9.723163019333505,180.13761788099117,0
タ,237.30014192820826,264.8942391574168,162.49251252420575,36.495645985349405,253.53540967159898,2
イ,298.2131064730751,322.7969096511401,247.05796238451074,20.727070392526322,299.9056602787667,1
ト,289.24493103872857,311.08947715575994,276.53901161003836,13.124612317939574,284.675617694558,0
キ,219.78851447035174,271.2497567645247,199.97191601509226,22.55371983978325,208.27425206092866,1
ダ,181.02695201909353,196.61299619668665,167.75700933638234,7.759295017660788,180.72934185008765,0
ケ,164.40739191674933,183.4627024881051,148.4012116992545,10.287369275428706,162.35064674857085,0
ノ,162.163496049822,186.9829617534245,132.1781851310282,11.449449785064955,161.97765588614618,0
ン,206.1199317325391,218.23456805332995,191.38685825085545,9.54092662681245,205.24024248792855,1
デ,206.5188365616517,218.50864721277796,183.64055647203108,9.797526348699071,210.21950132453844,0
ク,178.25785930649732,208.96821127768771,168.09252318792775,12.202042136981838,173.27016869586438,0
ダ,158.6472124548135,177.9451960184997,133.77009863621998,10.057546619153527,159.2245269287757,0
サ,163.31797607835838,193.55712355257998,146.81023759574688,9.884285365194703,162.0736770794016,0
イ,145.0539791264604,158.4105770073175,124.864867215066,10.735294761930382,144.85953048367622,0
