Mora,Mean,Max,Min,Std,Median,Accent
ゴ,188.44233579832172,198.49431120047785,183.98738965094148,4.21896789060818,186.84785400969946,0
メ,191.5026390086421,214.09940664334005,170.1821158803378,7.579290032368962,192.88524159028321,2
ン,189.36874358655317,197.51785157901298,180.91974910843507,5.773883807520674,189.13746230207522,0
、,0.0,0,0,0.0,0.0,0
キ,187.82493990991915,198.5399213098198,163.83699382385296,11.068957045242335,191.13867067233122,0
ミ,215.69100279488245,243.9430456464499,177.56866943618695,20.209132467557485,217.1729336810323,2
ノ,267.9147825591576,278.18291312187677,247.20633214262747,10.687576804688877,273.9711850462012,0
イ,265.91168358675776,269.2517885699876,259.42812790288264,2.6305863890368877,266.51107551904033,0
ッ,243.56260556592426,243.56260556592426,243.56260556592426,0.0,243.56260556592426,0
タ,384.3398032910865,483.0356600062407,285.6439465759324,98.69585671515415,384.3398032910865,0
コ,399.36658807627424,487.9709633108865,272.1199260738446,92.25991297799706,438.0088748440917,0
ト,255.37661579347213,292.9124749397197,226.5354056855189,14.820780371223025,259.017977687647,0
、,0.0,0,0,0.0,0.0,0
ヨ,247.60315461115312,265.291838329195,221.99637485749486,14.863302305203225,250.59318865606662,0
ク,230.39166118305204,250.92922561980865,208.98117863481662,12.276122969269002,233.17647348831886,1
キ,169.5788540145826,202.60704576050594,126.74528143178367,26.79127264628359,174.67610810249082,0
コ,210.0804772096509,230.55550166119878,203.63754669403568,7.086641178918113,209.02528028261287,2
エ,221.07302943070079,229.44986997388727,214.00059540105414,5.362166745628931,220.37404238889388,0
ナ,263.847131888144,289.5682100322723,225.86007604196539,21.153900800126433,262.37223276760415,0
カ,226.22336910524382,270.133447735763,206.29236261640295,18.16492960334507,222.4524009765819,1
ッ,200.67527647712998,200.67527647712998,200.67527647712998,0.0,200.67527647712998,0
タ,150.53481989352616,177.28164643255099,117.06777644483962,15.697899290955108,152.32857615013447,0
