Mora,Mean,Max,Min,Std,Median,Accent
ゴ,189.63542330306132,198.78005703945476,173.31262203748318,6.488173521644152,189.83992001401822,0
オ,236.3585898314976,277.29318111030955,203.8048088297586,24.215191062678837,232.9086143178887,2
セ,277.2718938148819,284.2758666443635,262.7477446262543,6.568277952802509,278.8429755183457,0
ツ,260.1089131005527,278.86735103737965,244.3484204962055,13.522238451313205,264.9881480773511,0
ノ,251.39060120225486,264.6439861464504,234.30897450004872,10.407366374433286,251.84697071012832,0
オ,231.77488630187713,244.10976603875355,218.32623848074326,5.962537544052278,231.05901796006745,0
カ,218.8894701574886,245.1811196427103,209.02993312886431,8.563050596804574,216.5373314281671,2
ゲ,207.48432874719046,213.07850798800746,201.4542662357869,3.3114992684964473,207.83534551532514,0
デ,200.59380791329437,214.4901337898566,184.19123437959396,7.7101072908901935,201.77972282347568,0
、,0.0,0,0,0.0,0.0,0
ソ,199.51536547807208,212.19777984213133,184.87491075060333,10.608707069557136,196.60863304736446,0
ノ,193.64421198197854,201.11621343945504,183.58283104901489,4.434578066686197,193.33122240002353,2
レ,182.71003262171536,190.19731682219492,177.16694331328316,3.639100729793959,180.80904530452275,0
ッ,177.55105658810066,182.455423084145,168.47895037731288,4.507203212376712,178.48915787670188,2
シャ,184.842730871908,227.9766821726238,165.65489851807558,15.317742547701167,179.8842128713968,0
ワ,171.63262612645156,176.14624314334404,153.39777006269742,6.280167903840801,174.1175914091274,0
、,0.0,0,0,0.0,0.0,0
サ,180.0074112865678,193.03602523894753,171.5874427216067,6.769968453353905,179.023822594049,0
ン,195.3760486397426,225.3349411112444,173.24635716376343,16.837586538370648,191.25302745395652,0
ジ,255.88547994234278,304.52355573323337,218.4819465001423,29.544609624962128,253.5864428534358,2
カ,261.7289868974841,329.9119571418418,219.16374186831192,28.426308713593887,259.2962162019711,0
ン,187.30552691950172,212.08134588183108,169.46411692536267,13.67617174575008,184.70434778509627,1
オ,160.23045475583922,167.99046725696263,153.05031172778644,3.945839532617523,159.67040798228612,0
ク,151.2077464780674,184.22965511756195,134.75021421347233,16.906860695385003,144.10117299099818,0
レ,151.69432853589817,164.60558366651637,140.47823161468915,5.848232557170592,150.6126049831555,2
タ,141.6707860676484,150.3419850023048,101.56024340111703,10.734546112738455,145.07672537545105,0
