Mora,Mean,Max,Min,Std,Median,Accent
オ,176.9514916522839,176.9514916522839,176.9514916522839,0.0,176.9514916522839,0
ヨ,188.93991288423604,196.1701848723042,170.188813536322,5.619653807853979,188.6721758826273,2
ソ,188.45849720840536,236.54810358939778,172.34735483095432,11.66012370353395,187.30611081285838,0
、,0.0,0,0,0.0,0.0,0
ド,174.4069574923944,183.60553396178065,171.88261156983367,3.342412894614618,173.12115582754046,0
レ,202.33626501361158,245.73958512197515,176.249323063137,23.57313380914377,198.99893453657353,2
ク,246.73747189235527,329.91905935177226,190.8966827657568,47.77875507330699,225.91827306420606,0
ラ,306.9975309951434,316.3957683226173,285.6169206233569,7.4449921346608186,308.7051098426925,0
イ,317.12342357451024,318.0890527205563,316.2098091245655,0.5981420615545195,316.99979202800534,0
ノ,304.22230228595936,317.80382597435977,266.35827671462516,9.462870195393664,304.75681484940947,0
カ,303.57290063612913,325.81740061793164,227.44963827150968,28.58281069038217,314.1385247259776,0
チ,330.74426018833213,353.9314926686866,294.80572494149044,18.99860491888743,327.77463819848487,1
ガ,242.39903666085775,297.27781137486164,197.48379751281206,32.90648970492506,237.30413625993614,0
ア,189.1186222350551,196.19139912110762,180.97624642777953,5.177028868617752,189.36575696670508,0
リ,169.13981276717917,179.7557036607018,150.7717562486643,7.606064054250871,171.23283472067644,2
マ,165.86019331122085,175.9997302339429,159.00338645933192,3.2522473205064273,165.36659999732052,0
ス,175.34803925461262,179.42387372419185,169.34181587955013,2.9164840114398647,175.91590958368946,1
カ,181.32167696468065,250.46989278656918,157.13272810658503,29.438566056652213,165.00091960193112,2
