Mora,Mean,Max,Min,Std,Median,Accent
カ,273.0768484570227,313.3724665632093,229.9139841802608,25.056004674200395,268.22053368170634,0
ン,317.46734675699156,319.85857333392977,314.2303530522925,1.7345288832614993,317.42556180575787,2
イ,323.12244814076496,325.3383558695796,320.6306647414533,1.3319313066657075,323.13807443819854,0
ベ,309.73274489190317,335.08499534629243,266.20296400261526,23.34321132198391,325.8745442329943,0
ッ,0,0,0,0,0,1
ド,276.6909326287936,281.74419354367114,269.5075804992565,4.546819945639393,276.5292939992776,0
ノ,207.324307702806,263.3385835641144,171.5268265506613,25.644633993034898,206.264777101496,0
ク,179.68443261715802,198.2033362751079,160.8222269128347,15.48089589701213,180.32653187529135,0
ミ,188.59820386534076,201.69061442854436,174.93548512727563,6.944199590863908,188.3177333341444,2
タ,205.68558176100126,230.31919668303922,170.05246274759423,12.887541608697484,206.0120886139713,0
テ,206.19450474048466,241.94800801031326,186.0886881473091,15.934149942149473,205.69755174223195,0
カ,203.26468954507598,241.75442068011589,174.99515692767383,12.103577977513915,202.76086276518015,0
タ,202.29405523872907,226.6846193163059,183.96508969112836,11.208283580945485,199.625370523484,0
ヲ,149.87517936568986,180.31655591147563,103.65706222772812,19.835446975932513,154.6378556748055,1
、,0.0,0,0,0.0,0.0,0
オ,114.9896809245935,118.6727234333957,111.3066384157913,3.6830425088022025,114.9896809245935,0
シ,173.3054486173279,224.09146110553135,146.27240875800388,26.691274502239466,159.51979171451183,2
エ,196.39484366526125,203.36893368954858,170.37117514916545,7.167919324030041,198.6288324874014,0
テ,205.17518100168093,224.5957707538762,188.62603424152428,14.016223373591703,198.75001243189865,0
モ,204.46601390358822,213.17418087495992,197.61142673997153,3.434229364284915,203.68302941735504,0
ラ,198.70164533964908,208.78524604497053,188.5057416476219,4.681602992062273,198.92744902926887,0
エ,196.23278031500513,196.980871541795,195.42883639858925,0.560329766328881,196.2263469685857,0
マ,202.23554296966162,218.31730072836461,188.49489237894204,6.161480853770053,200.74161501917942,0
ス,198.76385838465305,205.44373276138856,195.43024079990096,3.8789052127172035,196.97760352637104,1
カ,178.38286917030945,227.10453771257656,153.54310034102193,23.931099051671765,168.2501398586851,2
