Mora,Mean,Max,Min,Std,Median,Accent
タ,243.54197221635806,265.0598342864264,213.5013961778618,13.38808672238136,245.07536145357886,0
イ,292.54088285079183,320.4144503021886,263.65890489388465,19.487160219933077,289.7926371749114,2
ク,254.72494610275444,256.98949343061383,252.38062416680975,1.8841583095413719,254.54988646277312,0
ツ,310.80636356794406,325.3526294068935,291.7764469131936,11.791127227681674,310.59645534397686,0
ス,302.4860325855069,320.45855482590525,272.0851350428421,14.121516713042192,308.050512475237,0
ル,291.3586570294484,311.4306700034949,259.07896769179047,18.109977581184236,300.60168227418524,0
ド,286.42062483192774,307.26067270864667,251.14739072897171,21.108421530496912,297.3314803502719,0
コ,254.86022828905075,276.8966510062207,206.78039079263053,20.858146683904128,264.11091742900936,1
ロ,218.34015590205408,274.65828113573184,166.09425337984152,29.482025488907148,214.8267258391399,0
カ,151.01737164616114,184.25489266873012,126.925218473633,16.235104889416593,147.3333258888814,0
、,0.0,0,0,0.0,0.0,0
ト,0,0,0,0,0,0
テ,235.1800851981794,243.8036501220329,225.88264672139448,7.331719666191501,235.8539587511108,2
モ,246.36573514993748,269.24182254670365,220.49311860858472,15.098348109458616,244.25078609542828,0
タ,256.73342106568566,267.7156184048042,211.90853963746505,17.009950055352412,266.06634408828126,0
ノ,260.63701630089923,268.2800389643258,230.98936850818376,7.533963984639156,258.74261421209803,2
シ,265.3884668829408,270.76459431446256,248.19412712793311,7.188452655724195,268.8526704466244,0
カ,191.51460500625498,209.85064250874478,170.50900182802147,12.730528376174176,190.96721854977264,1
ッ,152.1340400403505,163.90957074643737,140.35850933426366,11.775530706086855,152.1340400403505,0
タ,135.7445481258525,182.38694736241968,110.82636431592884,13.537292205931006,134.3706090486616,0
