Mora,Mean,Max,Min,Std,Median,Accent
オ,204.903490264593,231.8811996882081,182.30634219798725,15.1149546738111,203.2416977832601,0
オ,249.88332298631684,258.1522155163328,234.98575481406687,7.461121951033131,252.66520087198998,2
ム,257.55431735879773,262.9645508819114,250.62773300280574,3.2533897875683015,257.8903505840621,0
ワ,238.71978547737638,256.62458550317695,222.5465890544828,10.576612955067548,233.41539277174877,0
、,0.0,0,0,0.0,0.0,0
ヒ,0,0,0,0,0,0
ト,287.80371201461617,290.4455814155807,286.39322909592124,1.431440261695086,287.1366523635416,2
ノ,297.8888836092707,306.03597946402124,282.9745976109621,7.702137510126466,301.7922213203518,0
コ,299.51667017489547,324.66763900972177,267.96357338704007,15.307557153639078,306.8308960967782,0
エ,294.8521904906924,301.2310157245728,287.9916244961494,4.166355976862797,294.8453963979601,1
ヲ,246.02113216075506,288.9545310917948,193.94700636859963,29.744389172211793,252.07413127992498,0
マ,162.16022167470967,186.0456485126538,146.98188779490295,12.049852312116263,160.7865677926635,0
ネ,178.3640649000822,227.90346479655437,147.40038226125276,25.532656005636888,173.20830698201095,2
ル,249.5470331023853,271.2735846479495,220.38812818536016,18.687245414493656,251.4034016892291,0
コ,261.6451804483077,281.4855186619594,220.95583606919584,21.34554079324233,277.39227783192166,0
ト,289.25911237515515,321.25273149466733,226.33335907395298,22.84560541224441,293.0139564351865,0
ガ,261.91133950517906,280.53725033399655,227.7512178445457,15.883245813012342,266.9080728611466,1
デ,170.01505574335616,222.95384284339409,134.44135916156273,24.22256589004797,161.84127508879098,0
キ,158.00055914975783,195.18482347051292,142.35456667681498,12.788389615113346,156.51812417808,2
ル,145.26509748050537,164.52385207122262,137.19913553261176,6.350817429541922,143.37297132321757,1
