Mora,Mean,Max,Min,Std,Median,Accent
マ,186.42593229853873,200.55099378478047,170.70315454627274,8.939715541717701,184.9978657754129,0
ジ,211.1170394561615,256.79631998320235,192.51500766555296,16.875269864207848,207.26827213372275,2
メ,273.8521862334066,284.1979384090887,257.728754192663,7.960533208847815,272.4652633503882,0
ナ,284.1729082796101,291.55834068710703,272.85033777121504,3.874099101532756,283.57231570213366,0
ヘ,269.73561763711854,290.39099703277503,238.9910048126684,16.210941674951407,276.46333208372295,0
ン,274.60932071987514,277.443790553262,271.78494593716715,1.941706189316534,274.82997255198256,2
ジ,262.79171931907564,284.54939087751455,241.15264461564217,13.728551066504322,264.4347815927416,0
ヲ,278.81453106213223,285.7016173700565,247.7987641530668,7.845341451185771,280.9121422888477,0
ク,242.54474902757784,280.58908900962433,198.707178412553,32.2517148786959,231.81676460792974,0
ダ,253.55312048934508,276.8869013568544,219.5861730576442,21.204953550398763,267.18058619702344,2
サ,310.2503135183623,341.1534964913473,252.88683093163655,30.495843878214664,332.33499257199634,0
ル,272.6337113483514,329.4536577229742,212.19989263228948,28.121674012984393,266.3737087040818,1
カ,191.85167675511198,208.12882887533866,160.56821123630172,11.47859511479434,189.56864560012056,0
タ,186.01663245043576,195.09465677591217,177.78628235181986,4.540562553248009,186.45559989363176,2
ダ,172.80096055414666,188.50926148398005,158.6217961532294,8.021363503918677,171.9490615041317,0
ケ,198.10372715479602,243.51164153647815,157.95799044822658,32.89883149132987,177.65932046636703,0
ニ,230.8097448678882,246.60532366004844,205.8941230069303,12.593062401376951,234.29768705312097,1
シ,180.15791490980715,203.19786216527444,137.05244206946747,20.9651698209961,188.17408225379978,0
テ,174.91678650865163,174.91678650865163,174.91678650865163,0.0,174.91678650865163,2
ク,185.70564840590055,188.8234256946055,179.99944922446392,3.0951967389774113,186.31820754105948,0
ダ,169.59054404919556,188.51081619656995,155.11824735107075,9.262078264335697,166.8717530692541,0
サ,175.14917151291607,204.07788066172816,164.14742856674775,10.03362245817857,170.29504693611636,0
イ,155.12111203727903,177.5101791463849,140.54284571683436,9.947038349927427,154.4894968874391,1
