Mora,Mean,Max,Min,Std,Median,Accent
ダ,207.64959369185377,247.3712000160926,201.64287638136068,11.083597623617484,203.75604893947084,0
キョ,257.0368076141689,309.7675264890222,184.38691370996705,54.987937630822394,297.75767990858697,2
オ,309.3654242224331,310.0009639145041,308.47769148200723,0.48609420066518066,309.39799902745995,0
ス,293.68621692249303,320.7006768929138,252.560456990935,20.1149922706882,303.8743265644995,0
ル,292.51465517033733,312.1920037415164,268.8615625691667,15.354390087553892,290.2670673007072,0
ノ,250.48392383369875,301.26381516987675,196.07573812206272,33.96158594495416,251.2907573781879,0
ワ,171.92233576486208,193.52282509016146,150.31768519592438,12.401537434252448,171.80762419686198,1
、,0.0,0,0,0.0,0.0,0
ワ,169.55167720217935,177.8690227774761,149.00661838303012,8.059147280167453,170.5072008902274,0
タ,208.0767237443626,222.88431795609182,164.99411133423445,16.82900274079522,211.62230562869684,0
シ,236.8322695785008,285.041678564606,214.39157856752755,17.47572015589053,232.94800222900125,2
ノ,270.5216205784134,277.0710083558676,266.7705904630373,2.476418997223298,270.11417879854787,0
シュ,275.59795733470116,325.25137164278004,239.87093762544202,19.233443251346042,275.05632407075444,0
ギ,256.31972355448005,276.72556322651104,218.6670538760885,16.544980894832854,262.2427761040948,0
ニ,184.64427823888775,213.94739169451472,166.16900041217662,15.99313189479766,181.02599813285806,0
ハ,190.87087775846268,237.48462819155543,159.0469660429442,29.886966418150248,172.96924362455695,1
ン,251.07401008949074,258.9783992234879,240.7951404732383,6.250109366798506,250.9902946387678,0
シ,247.3818275616781,262.795782166367,227.2306449607066,13.884438609723452,254.15771471349035,0
テ,181.65812145536822,209.9273058202334,165.79790800379084,15.008715569322966,175.55591195427854,1
イ,153.54174290731856,164.4952184809377,146.83074007688268,4.742883980576483,151.96746575285636,0
ル,154.22657612460566,193.01444932403854,138.62509579215862,12.21121620414442,149.05384202691124,0
