Mora,Mean,Max,Min,Std,Median,Accent
ビ,193.90831482047685,203.45791760580576,190.43455935070395,3.999850361693091,192.6275098536841,0
ジュ,210.11591251474857,282.6121069898856,173.42350425319526,36.04814439274577,192.04368298661146,2
ツ,266.99342356286434,285.4837323636493,249.45322384381333,12.034466357089832,263.4597534662804,0
カ,277.37351768100683,330.54175147658736,251.92399004328541,21.917774238318938,271.7041100791618,0
ン,224.38341857522093,247.88935430869978,201.93229903405867,14.616851898986734,223.52581984250247,1
ニ,181.70609771180403,198.39655650959492,168.17494382231015,9.162647200333138,181.2638105138755,0
ワ,155.9711086092704,183.74507203977777,144.16192350741161,9.120465996601125,154.26556066242367,0
、,0.0,0,0,0.0,0.0,0
エ,234.7176551295175,255.23232967727844,208.89367874860037,15.404507908631146,235.7632780063105,0
ガ,247.63421206205223,265.8479913361955,207.32894285582964,18.59444045076099,258.4269311233853,0
タ,160.86122713159267,207.68308328812478,146.49749956783663,13.399605488210955,156.78574585352544,1
ク,130.1965413787836,140.55353978816524,122.33900308638898,5.5407946704363615,130.17494861811397,0
サ,232.38942145481116,238.25642225594575,228.55849578494295,3.0113278288964342,232.23235588630362,2
ン,242.6689967424126,247.09369932356083,236.77573097727677,3.384512675384357,243.8023648923156,0
カ,252.03844366525465,262.4588035306719,232.428077596475,8.737788197777048,256.4187780554416,0
カ,257.25273304280904,273.2612212725886,198.64040581487976,21.141466024723773,265.7652792988423,0
ッ,0,0,0,0,0,2
テ,237.62818561045103,258.2063948796635,226.81433798576285,14.55729777468485,227.8638239659267,1
イ,170.52382882276945,221.9735689658618,147.6085731337054,20.817602720834838,164.09946973605685,0
ル,154.15857206523847,189.77313804072904,143.52220855163898,14.894855492921632,145.7557775558629,0
