Mora,Mean,Max,Min,Std,Median,Accent
カ,235.44263172108677,255.08898110273995,199.40469593718694,19.556409752987534,242.29975226703374,0
ミ,286.49883938841793,344.89339713259466,219.99336560684355,39.047606982589784,278.0384735835551,2
ヲ,300.40045570750556,339.9611963498247,258.68100478852074,26.549161183642564,300.5305811302548,1
ト,227.5887229869479,267.6918203560725,206.9166142370407,17.773235240109464,219.62594588213344,0
ジ,203.54595159759705,230.80542924924387,174.34089756377065,19.00660139494861,204.93849553600893,2
ル,223.19417864133897,231.80406696366978,210.48697581989347,6.490551431129671,222.87104393446037,1
ノ,184.49993284837294,207.5365548305496,162.74944440882624,15.727279871456151,182.58841225716833,0
ニ,160.991011125093,223.80734897482571,140.314779197988,20.14428501738222,155.3252686297656,0
、,0.0,0,0,0.0,0.0,0
ホ,0,0,0,0,0,0
チ,328.3092364798703,328.3092364798703,328.3092364798703,0.0,328.3092364798703,1
キ,276.55526261108514,281.7912212158445,271.31930400632586,5.235958604759304,276.55526261108514,0
ス,231.07265932491555,274.48537615690185,199.1669164787843,26.525351363400436,214.23232675058028,0
ワ,172.0926237200658,195.7538794061444,162.51678017930104,10.334788730806626,168.01530691111788,0
ト,166.6297857156281,166.6297857156281,166.6297857156281,0.0,166.6297857156281,0
テ,215.30498501845295,232.36372889217648,208.77587853577822,9.86301516749703,210.04016632292857,2
モ,233.36696777680493,249.83906428305997,210.30158916991672,12.88149621047894,235.10333803472344,0
ベ,250.65455521927996,267.7344899468847,216.64068072495687,18.75841757584364,262.99702745566196,0
ン,252.54970479863363,264.54101037752247,246.8312506740809,6.624376614045697,249.31940101042386,1
リ,224.09259659872242,244.4340181726211,200.39037681822072,12.803100367869444,225.36898254037442,0
ダ,155.89223143359104,195.40279270141093,131.77775204561974,17.456650743818734,155.30261445504755,0
