Mora,Mean,Max,Min,Std,Median,Accent
ワ,214.53968697118836,253.75819048408067,196.16657621759623,17.797216361755684,208.40589765455934,0
ザ,275.87627660145074,312.17940919356465,237.65705925282688,25.341138553534975,271.7710133136902,1
ワ,263.3048371756526,295.02973001031063,225.71880020924445,25.09924524534837,267.23802669407917,0
ザ,194.3790619528893,223.69131472680868,178.29495109229507,13.316771042187716,189.97040210083537,0
デ,171.20060328219188,191.2540202712314,138.190801722348,10.698474239744854,171.50883517815842,0
ン,202.75458636256172,212.09480640607228,193.30148128632788,5.99810358826926,202.71282069542613,2
ワ,225.2395625061867,229.92735364645335,213.4756808014105,4.314154149916753,226.62381123884128,0
ヲ,232.9401454013067,238.19298624455175,230.04178643411632,2.5881895582188528,232.45946094264355,0
カ,227.91646325804152,238.4842910036572,211.40206855531576,10.708013367882785,233.9012041371838,0
ケ,260.8541882001224,294.2655056119438,212.8106061811492,34.65642790281422,287.514848416256,1
テ,232.29569924184767,250.2819906145596,204.0616871168789,15.000019659620055,233.48950472113978,0
ク,196.97129977518506,205.92741748612357,191.6050121614078,5.660082868102798,194.6233274662042,0
ダ,177.80955004721477,196.72566083354886,157.31455031058107,9.33203980281622,177.66057461095906,2
サ,190.74198992116195,224.08431923009508,168.84062605776222,16.2221618084926,182.62855950955424,0
ラ,195.20611186731435,202.10732498474928,176.81077356423205,6.551952396468418,198.35587479897032,0
ナ,189.66670578824142,201.92433695994634,170.40625245300225,10.628725037957759,193.1214195507055,1
ク,162.44123446421597,169.3541174596698,153.56043924324914,6.596189647387486,164.40914668972897,0
テ,149.39227129431342,169.59270019673824,142.3723859680017,8.647798825850165,145.0470417971792,0
ケ,181.82970855436616,215.4739551784096,120.62042674728418,34.80315981057008,196.537832983459,0
ッ,218.77186682520724,223.877396231497,211.10287631376164,4.7775690997459375,220.61350655062535,1
コ,224.66697957107397,242.82792383070878,208.1765826025945,11.316936338980867,222.79013636126575,0
オ,192.03798859537534,214.95379171600072,178.25109410227537,11.216452157499004,189.11872483521643,0
デ,161.44760377266263,176.01021842789405,152.73107563261976,5.5098339253266895,159.97301522224603,0
ス,149.7659665943779,156.31218325682684,133.2887630476727,8.10147227976462,153.41191294571718,0
