Mora,Mean,Max,Min,Std,Median,Accent
ハ,266.79321637789855,272.4464429893138,263.1606466017546,3.590779688279804,265.149115316263,0
ハ,224.41075613700752,276.11043886370163,141.38264950968016,38.803745061752586,233.97102426726573,1
、,0.0,0,0,0.0,0.0,0
オ,166.2628291455947,173.39149594587565,161.2742773862763,2.4651551458966736,165.9772980824748,0
ト,208.05375277771586,209.5078494347768,206.18591123677322,0.9817028074136515,208.23736761132352,2
オ,203.9751247747891,210.71506079346793,179.62863382546672,8.950047412945075,207.38492466361475,0
ト,193.110234912292,243.91750824368523,131.9052804712009,16.13893980033587,193.52332082014368,0
、,0.0,0,0,0.0,0.0,0
ソ,218.22519734052696,220.67608038985597,215.77431429119795,2.4508830493290077,218.22519734052696,0
フ,224.4639058692452,302.282830214585,146.93813461609568,47.6023779597921,211.21968092272186,2
ボ,276.40150212211387,304.0044305725677,249.45200072919644,18.42412740820563,277.25192938108046,1
ト,188.2004507561777,228.31184086932814,164.97837466979698,18.016918690447024,184.73024297039595,0
イ,158.57448370484866,163.20165148721188,156.65701061725707,2.0874432462890304,157.5359558330992,0
ッ,153.60603288515185,160.0568666172305,142.42392799173223,5.866224165078706,155.13373821488744,2
ショ,149.0708193195831,210.55777016772566,91.86002429255255,46.81073711418336,129.84510798540882,0
ニ,204.94104544813413,214.05541401524692,188.21544550937043,7.593740489469928,207.08761613709348,0
ス,216.57973095262335,256.4176833511077,157.25392021724136,27.17135785684322,230.73518226219062,0
ン,229.71573973099828,233.64586667860857,221.23471256807363,3.1917131647006425,230.38932932532654,0
デ,199.0726836998674,217.48069026319132,185.68496218592338,9.52590239799227,199.77566234415372,1
イ,170.5596079598862,183.88573714078817,163.18776599439164,5.639744049117028,168.33196822544588,0
マ,152.9956680189722,162.2026389390946,148.49058479524672,3.478482297866026,153.12146263984255,0
ス,151.19539965011955,153.95777466893287,149.22949776310048,1.9577125398369828,150.29583802104258,0
