Mora,Mean,Max,Min,Std,Median,Accent
コ,247.52928669038783,263.3505905458543,233.1228599876548,12.065287851488868,248.75844642416715,0
オ,244.69619551162953,257.62973979350755,232.8463006075913,7.403167210138702,245.1716761266294,2
チョ,233.6518809851466,288.61438359912927,208.4400802568446,17.16783402726644,226.71643469185733,0
オ,217.50141481121463,218.804285438593,216.52154807500818,0.7213965054212492,217.41931681522996,0
ワ,211.87522621715755,216.49897143243678,186.7917422591408,6.657943498846079,214.4777172974769,0
、,0.0,0,0,0.0,0.0,0
ソ,228.29983280339303,239.94130577924037,193.54019074542126,13.486971529615564,233.65787435099062,0
ツ,250.69791910762848,302.82393136370473,199.74754474215024,42.68157517107917,240.27820337398097,0
ギョ,326.2170083881443,356.8859666282033,281.11818818990764,27.036059845350596,326.88767060216503,2
オ,352.6910711999248,354.90650748567566,351.0862709463333,1.49540076665007,351.9591545187649,0
セ,250.99551225312095,355.0716364259424,185.02612064667997,58.37848187037639,235.66132840336724,0
エ,180.27651239137325,183.5244260951043,177.08120277891322,2.2203234397035287,180.32965347508684,1
ヒ,172.62576462300288,178.3358667019314,153.3115509256012,7.429674872785159,175.4350430572843,0
ト,267.20255317933515,271.2262490117132,265.60456621180055,1.8615095278488007,266.7357958148181,0
リ,259.5859096729463,272.56601143517,228.19694881971512,12.889759357159178,262.7599699972744,0
ヒ,246.61813804230326,265.30893729336015,224.0364197923113,14.57764979029,247.4368865226973,2
ト,290.06766922266866,296.8819338295744,286.0138598978173,4.847256459049874,287.3072139406142,0
リ,242.45235155685663,283.4126448491203,180.01124339192606,26.895059336599285,237.8003431474964,0
ト,174.44621642349605,182.27417830041625,162.36863399447,6.678871733081343,177.2439097007028,0
ア,180.13276557429816,259.11090881989475,146.90311179380964,36.95351935355956,160.71973340842737,1
ク,240.92045017118951,240.92045017118951,240.92045017118951,0.0,240.92045017118951,0
シュ,253.60337265868878,289.385874529075,216.2149408453494,24.709697798375473,255.6469564074714,0
ヲ,187.59673689511456,208.4698691943,176.0218024831095,10.374015120389284,185.0375915469458,1
シ,172.1370989688525,177.51729881357866,155.02130718884197,7.0733546509250855,175.76853555137765,0
タ,155.57908640343794,181.54394361088436,134.96641105942268,12.9927642224279,153.3652437137811,0
