Mora,Mean,Max,Min,Std,Median,Accent
ド,235.4560903024807,263.13782226415987,221.71555562499327,12.89561818821176,230.18166707562034,0
オ,280.73763918911084,294.69103565215585,241.4132072261008,13.165086099698327,283.49875745203906,2
キ,263.9775486798339,299.6783688364845,228.36889248847535,28.678705008222952,257.5350430779003,0
ガ,291.5510557821005,295.8976025759942,286.5558226739993,2.643125593261663,290.84881342546805,0
ハ,247.5079622945896,285.83457090903875,193.16591758707781,23.941889910131753,243.13890371057332,0
ゲ,272.02115788374476,298.8267867489638,250.65112091102947,15.776937474151174,270.31584094868793,2
シ,287.65720033940266,299.65676049712613,254.25945301798404,14.99465446150538,295.2582570972007,1
ク,304.20973001814195,317.3252064428738,291.0942535934101,13.115476424731867,304.20973001814195,0
ナ,233.0878503879876,289.106721504758,198.62211776883535,25.74217284733774,233.0293977438276,0
ル,182.2683855359608,199.21668005800285,156.84941152749138,11.693800348843196,182.98621378432466,1
コ,176.8007646199979,202.98767006237577,157.15394875438872,11.466147689607231,174.2755441100315,0
ト,162.68521056531148,183.6769248667047,139.8111189599387,10.466943580122837,161.04072458945492,0
ガ,146.22231958083034,158.97838156497428,128.13207209487075,9.078027465336971,147.0335579331791,0
、,0.0,0,0,0.0,0.0,0
ヨ,203.41612050760213,244.40948905260743,81.23743333711562,33.88764809252531,203.00530386719424,0
ク,237.8260936067994,258.01538709853924,216.08392412420977,13.92370531795736,233.99501998404855,1
ア,179.24583990283526,222.7465478133178,162.19166511969868,18.583999592715955,170.67193050321666,0
リ,161.32973513683933,176.58925912305847,149.58473808547504,5.320995580784788,161.29928145751796,2
マ,155.67967230754172,166.0640476568733,148.8660329181401,4.6079358797914844,155.7740781198068,0
ス,166.5843165101407,170.00649830932002,164.85826774197176,2.4198787762762177,164.8881834791303,1
