Mora,Mean,Max,Min,Std,Median,Accent
ミ,252.66356357220033,283.85498352658624,185.24743730448043,26.360536565955986,260.3572917514977,0
ン,252.6987094262462,263.35402611418505,242.16494132718674,7.3526173857189585,253.024394255931,1
ワ,181.6007822370524,237.29563577649927,134.26695289337,24.741257623671913,175.62747916302277,0
、,0.0,0,0,0.0,0.0,0
サ,205.9213399216126,223.11747539521548,174.98343353699613,11.959471117674779,208.45384661258797,0
ク,211.59623039659166,256.96488726096277,164.3933938831295,33.061429671521296,221.69646268184698,2
ヤ,176.95048089658277,217.76053766261418,152.2671461367031,21.791951523328784,173.1021556443539,1
、,0.0,0,0,0.0,0.0,0
ト,188.67377440822887,199.52659084783068,175.05720846926272,7.4258122901260535,189.5613393057712,0
モ,206.55788176084135,241.67106711704258,184.27970077081056,18.143394706279814,202.6137110683515,2
ダ,240.1507977015575,256.5079593192983,215.57004236623084,13.325684436102987,248.1298138454632,0
チ,241.830765303338,257.0871782642072,227.37144342687972,11.12175163755072,243.35134194529704,0
ニ,231.02979715147345,239.05504240756127,223.00842037435507,5.877999710782775,231.287117330677,0
デ,186.760192277654,231.07003370787564,171.7911514366512,13.100527030948406,182.8381908758057,0
ン,211.25272756527346,234.85638134068557,194.40249566134082,11.893053498306937,208.83313252148616,2
ワ,261.29229170551685,276.0801934836041,240.00205968215943,9.322067058552227,261.3172126059261,0
ヲ,245.6446851878088,252.12170366638938,222.20772590197754,9.286726101545987,249.85182858032118,0
カ,241.64866305138094,245.09445105752744,235.26233149697669,3.3972931556913513,243.11347065047326,0
ケ,227.40665214044932,250.36159667742498,203.04953071458254,18.837574397147048,223.8309202317045,2
マ,230.47278557455235,243.52403659696586,222.91103225158162,5.029918779944012,229.6038526864868,0
シ,222.57071355264816,236.74971786768086,198.6941186455342,14.337408028786452,231.3762404287021,0
タ,159.67663326595016,213.3948701413447,133.14669468436662,18.227900399240507,156.447288113222,1
