Mora,Mean,Max,Min,Std,Median,Accent
シ,325.86514903651823,337.4547424173771,299.0944331193882,12.09529387645724,331.4737210725424,0
イ,335.1567347681077,337.1121577945548,331.4978837498905,1.8913742352029457,335.5267805898375,1
ル,287.5916178874811,329.60279317813627,253.6016335588163,20.496685660575487,283.1346365871524,0
ヲ,218.28418683598923,248.35622868887023,189.8368547607177,18.17803231352994,218.34589617825839,0
ハ,174.0623110010756,197.4475314576723,158.0606675588587,11.394104090523534,176.64132010506484,0
ガ,199.45917416061323,225.98632706773327,181.22030310613653,13.547924657350737,196.33234486601776,2
ス,243.12811731643208,248.2023364502871,232.92160369264474,5.07829239963021,244.1555916332213,1
コ,222.2809305131537,261.29078886290426,209.903231781747,14.387498062950257,217.78940794199144,0
ト,184.1337052943459,191.28023159314762,178.4412378196452,3.962008139186398,184.25393117832607,0
ニ,167.24730233924586,177.96784190688493,159.3728514788369,4.9518269527590455,166.88486895605615,0
シ,172.26494321811728,243.91040745571502,143.9043816750757,35.45422709921438,158.64117257894446,0
ッ,0,0,0,0,0,2
パ,220.02217497099682,254.7615347574045,199.14977358066324,15.849218079951354,215.5456272136176,0
イ,270.79864093370685,275.29684820727164,262.02989397164913,4.572676592360824,272.84223700177597,0
シ,251.65380824956696,269.48019517588085,232.82132716019228,13.819010370886145,254.24547724785873,0
テ,279.2222939967947,283.1080443881063,276.8578975699853,2.7691120389030774,277.70094003229246,0
シ,253.69751282698087,276.8615337902517,209.42100851995352,19.221193890515664,258.33160264570546,0
マ,252.2242967623117,261.4563993987465,245.3051264538001,4.59798249564313,251.84201348576377,2
ッ,230.52879894094954,251.58207122539858,213.91418160884186,13.940128194014886,227.58229539550737,0
タ,228.4477263644322,240.8265717249094,219.52119720194483,5.117922979559058,226.7363846721542,0
