Mora,Mean,Max,Min,Std,Median,Accent
ク,248.48336483032008,255.17700067955224,241.57457361629335,5.1427015708996775,247.87832610345654,0
チ,234.80584719940225,279.29335820581724,188.99710337463543,36.590167824639515,235.55051896950593,2
サ,282.47905622586904,307.96531227331093,214.89761615552416,25.776713147107873,296.766092266736,0
キ,237.61109130929808,276.9733782294788,214.96605592133508,23.441439220709995,228.29321787000762,0
ダ,295.56279559801624,329.799801099733,271.2186953007914,14.680911426163735,293.0525010836915,0
ケ,263.6313243253973,322.4703411747687,214.66791371244904,33.094021823212294,263.2073548687647,0
デ,234.36202688378407,285.70917375526057,213.6900909450231,20.23520610632067,227.06732382434018,1
ナ,192.0682976355626,200.50108653116013,180.63032454379203,3.8570448729490505,192.6789833048104,0
ク,156.7997889921622,186.50843053465692,138.33640265973264,10.77002393818684,155.58862071023358,1
、,0.0,0,0,0.0,0.0,0
モ,216.11781674115747,281.83348661070323,173.32692956336902,35.10631231282915,206.06276495642126,0
ッ,0,0,0,0,0,1
ト,215.70813275730174,238.1934153118943,195.0234055652459,15.375671391840564,214.80785507603335,0
ジ,169.93638383059883,216.34193819715796,152.6564038909,18.318678888862674,161.96799958076167,0
ッ,145.45934357776846,147.09291249296822,143.63532174577242,1.6036336311959662,145.55457003616664,2
コ,201.12782141511235,231.7141536065502,196.8143883406793,7.701785902210867,199.05999947707207,0
オ,198.4984118002045,198.82822135960322,198.07416491933654,0.29748849898004687,198.61428617049486,0
ガ,199.53437752761172,203.35092619599655,194.3675582442822,3.0827859079738733,200.44598685371096,0
ヒ,186.02745903162426,198.92317605732111,131.66289868331046,17.109776902503114,194.52746078584966,0
ツ,205.79798501554464,219.25720110412817,198.1460872301297,7.081645291506992,202.9975998095183,2
ヨ,185.3393069495465,195.56495712424177,181.00948864471096,4.60767194238569,182.16486980505212,0
オ,180.7549947254986,181.88156557420314,177.3137092128778,1.2528147543406345,181.23594545347402,0
ダ,173.34855459799212,182.61805050827246,158.857092407591,5.225777028590035,173.2281691325731,0
