Mora,Mean,Max,Min,Std,Median,Accent
キ,211.94517677222944,238.26157613036366,205.64022099165086,10.188271014562469,208.4911775646503,0
ミ,207.05990193779078,209.0274552015291,204.05832630507612,1.355073164458482,207.3256405283089,2
ミ,206.22432345742482,224.19109609671722,199.3402955975342,7.2123217779402715,203.8855820651221,0
ズ,236.7726907826535,300.36285543511065,167.04258519066104,37.7004779676003,226.58197384529268,0
カ,226.19943349594752,281.80467622399993,160.47279527977386,38.456393209761444,240.55918268330785,1
ラ,206.4555111983421,233.29834880335474,183.32639885414736,14.75398201035225,207.82087118049344,0
ガ,164.4301835419493,180.93642541219256,154.59383051589637,5.973914731683753,164.99013876260756,0
カ,190.0135795413301,239.13672963316515,122.16842981266177,32.09065961279901,189.07029452112633,0
イ,242.38429338336107,249.39826153467752,229.87892793439502,5.960716864859619,244.160226552341,1
ギ,211.667195388031,226.5364199539786,193.9887446208906,8.938536011417455,211.82488455977773,0
ニ,172.71109533137053,190.4197637715434,159.31125508412265,9.561616206279796,171.56595324598155,0
シュ,155.6870979458617,181.63342502176786,112.87832858634772,18.217705953321722,156.12382831235507,0
ッ,163.25085126029268,168.8060476566008,156.6366129725744,3.9454402303058993,163.83519822077676,0
セ,190.74871964202077,225.23684285064274,132.8984615599521,34.02623956707624,210.1680683670017,2
キ,188.5836273767235,210.71058375983176,151.64250443042016,22.364988043597187,201.38813954802876,0
ス,240.69658149429014,260.59834240483497,217.5715160787718,13.782897758611172,240.65378972535967,0
ベ,252.8492474650375,278.5364341688064,225.3307434737811,20.985407558323434,258.6408082128281,0
キ,242.51573398361595,246.65380228824736,238.37766567898453,4.1380683046314175,242.51573398361595,2
デ,209.36781775547104,231.04451374063848,194.96786615854643,9.37364987742938,210.90700513168832,1
ア,180.7827894784665,197.71655100461723,174.50419181095754,7.070654710268103,176.7765477147264,0
ッ,154.19300793405435,174.74113549474563,126.78505923331466,17.992700071115884,159.28718727188846,0
タ,168.69406810108177,179.88238329194033,162.90679597609503,6.261508092121582,166.05170128031665,1
ノ,158.00314606126136,163.3517761053478,145.3772440127268,4.136062398080148,159.34800613483196,0
ダ,142.15588090708997,155.76934366110802,121.71005181979476,7.823208293973281,141.79794730723427,0
