Mora,Mean,Max,Min,Std,Median,Accent
ツ,226.93040340397192,234.14676742389946,221.85707789723514,4.021587201911006,226.47029532379437,0
ウ,252.52372337697074,270.5845334916125,230.1817464297848,13.403737350460021,253.32901731473052,2
ワ,279.29681729528545,288.39382528085963,271.15776473199696,4.394560424623705,278.79489660954073,0
ノ,275.5302195957062,286.0331578942673,267.397630686043,4.9117143851173335,275.2259592403709,0
モ,245.88971696761465,275.0537623646111,229.14830422733053,15.352862143167483,240.7943090354707,0
オ,245.7490807122076,260.39890818883987,233.19850923126492,8.638027837403415,246.07466831962046,2
シ,267.5592091925048,270.623562975128,257.59351225754546,3.5924999801557456,268.5820032853998,0
コ,264.4633957264991,278.50235792747606,250.51428115311532,11.426261121615587,264.37354809890576,0
ミ,248.07183361259584,253.934137820673,241.96640351717102,2.8808469463660717,247.78380043367235,0
ヲ,239.33459659370118,248.7301266663228,218.5793380891493,8.731790317698163,241.71076796682408,0
、,0.0,0,0,0.0,0.0,0
ト,186.55005450029802,188.63943427135192,184.4606747292441,2.0893797710539133,186.55005450029802,0
リ,185.78056349832733,211.4315400868515,154.06133891316802,15.34204856496225,178.36936269899516,2
ケ,239.69669009371276,292.8323925083947,189.65112826733588,33.97384980095862,238.79800433086191,0
シ,253.40392865250584,273.5468215959409,224.8781761925689,14.542876366056891,260.2508033046354,0
マ,259.2958051995228,264.47348322161287,255.02772459298194,2.6774361827712645,259.06334210827856,0
ショ,258.98698084287463,271.36780345399853,235.64271771461114,8.956647135599066,260.74598256828097,0
オ,241.64263835399166,254.84312963630717,205.65831585486518,13.165067574608612,244.7259329149942,0
カ,166.32142132529577,190.764588653672,145.3766868555669,13.018392869654043,166.01439149020226,1
