Mora,Mean,Max,Min,Std,Median,Accent
シ,0,0,0,0,0,0
セ,335.0705176008618,351.1461671396391,300.5443471275817,11.415119998258984,337.49923463679363,1
ツ,255.33002522115257,277.73106148032275,239.9262421919797,10.885669751229507,250.9105425940019,0
ワ,196.9581537614955,236.07401551465296,162.32870741778854,22.14299554148806,194.15084002940424,0
、,0.0,0,0,0.0,0.0,0
ワ,173.77719079959007,178.37038449256372,161.36038315108073,4.060827792818989,175.54620888636916,0
ク,174.66954448031106,249.85930822321603,135.6690153882393,43.075777795942145,151.2529325283457,2
ナ,280.1442226500591,305.0792137008796,237.52268087860867,21.312106532328922,285.4889393852127,0
ガ,313.97265619444744,318.47163836082456,306.0795095318659,3.9382091154721888,315.5420764340445,0
セ,326.1374331157989,336.12368491298287,282.39835566777043,14.172279156260506,332.7352927692744,0
エ,317.0791631526992,323.25515516973496,310.4104504379764,4.141350787852658,317.6048624716625,1
ヤ,261.80461410382054,306.9156236895498,210.1692783779172,29.230942732427074,265.4453533091097,0
ク,195.0587167221497,209.74836129931862,182.080669740044,9.504365531101879,191.68942657646534,0
ガ,173.99198361904746,187.37217899780754,160.42488168456484,9.022798576329857,174.61922496317607,0
ショ,158.60843272458408,180.7403436844438,130.84911840986922,11.921913162943586,157.43576567800685,0
ユ,183.49688321408934,221.05461174167039,165.1410711368936,17.911376973786414,177.72346735407461,0
ウ,240.27894834484303,252.06882057081123,224.33698155487485,8.538657123260993,241.98008869509545,2
カ,266.5890581475237,289.2266160070744,211.35204478564523,24.333146993130146,279.2190525358616,0
ン,276.2660115766742,280.30082567989837,266.81536075614997,4.093671988233247,278.0433085301415,0
リ,239.0479720394869,264.2065670539793,215.0795926803936,14.79992848393047,239.57625614533003,1
シ,188.41877835459755,211.99978842184888,158.72684389334594,18.45926251490098,193.20060195917665,0
テ,191.46174320032193,206.5065774701514,181.86418762030146,9.017198875758803,188.6949709644417,0
イ,164.56620607127692,178.20686368294773,152.8908138857562,5.658038462586349,162.92916974738418,2
ル,157.53350564502568,174.67318493932407,144.9210745602735,5.826450984602011,158.03541183447066,0
