Mora,Mean,Max,Min,Std,Median,Accent
テ,253.5984218859703,268.8818190019113,230.24475340400522,12.518575423669478,256.3635527562098,0
キ,204.2527990431209,222.86205954181955,174.3978541112022,14.685531953587487,206.85434444286722,2
サ,328.81303230844435,340.1849332093317,281.97148159033725,19.278864714472817,335.8090025966859,0
ス,315.83838812718295,335.28760503359865,280.4082342229387,20.405874280623923,326.08242065312885,0
シュ,243.78427242354115,260.50182871321357,232.9203068803932,7.730218814738635,244.32619494112382,1
ウ,212.77450622062597,231.05154478505705,194.45736223698194,12.148871023854413,212.99370824096837,0
ワ,176.87261905376528,192.907211624758,139.9028113220043,10.23147892175193,179.5358980898789,0
、,0.0,0,0,0.0,0.0,0
メ,174.00425298590707,179.82108652355197,169.70122042694217,2.8365173330252467,173.51581921838746,0
キ,191.95393774881367,271.3510704202131,141.08681511346887,42.86471941758332,170.00972877707022,0
シ,243.93650140793645,256.28257582317485,209.91750126978548,15.547084579826564,251.84463355197954,2
コ,229.6324986440167,463.95362176808015,143.59277199593464,113.23528008895939,176.81608851344367,0
ト,256.5707600174796,258.55080745711547,254.51586467515966,1.6481085056950306,256.64560792016357,0
セ,244.56057561895526,254.79674297109466,216.87912566163232,9.966026605920122,246.57170699759536,0
ッ,209.21693728576898,229.9986133525657,185.148454004633,16.2909788310374,211.8630605481027,0
シ,0,0,0,0,0,2
テ,217.82027990055522,269.85221706381213,200.60138452730925,17.48992923496116,211.02937874717657,0
イ,198.6886349303824,200.4623481965822,197.03607882416233,1.1570813940397646,199.0142882534705,0
ル,187.57415385781087,198.9540154404851,169.80342067665208,6.627900929732379,186.74378721740334,0
