Mora,Mean,Max,Min,Std,Median,Accent
ミ,180.11176773544244,191.88082676823151,145.29701561207813,11.502343562873449,184.62535133841703,0
ッ,163.81025678876523,179.52854116344017,123.53643941802173,19.572562819497367,174.55858475016564,2
カ,286.1635307033988,297.06748037876554,281.54641592364874,5.0521472046523135,283.3528794463217,0
レ,285.9778189579727,304.01469997406844,260.94700824834865,14.103122423506973,287.83709809155175,0
ン,291.02903407311084,305.8128248361739,278.6425868424532,10.026998225671633,290.21517408686077,2
ゾ,279.85875145523534,309.321963310692,229.43603300734273,22.62792390620163,288.725668496646,0
ク,266.2598363008916,311.02910205708577,221.39731488981823,28.9219770045083,255.0665738510663,0
デ,267.6565180314645,301.21154575164314,238.26812953186013,18.624210587586465,269.4265107817138,0
テ,349.1927653090472,438.1129214786565,260.272609139438,88.92015616960927,349.1927653090472,0
ツ,315.9432874423818,448.7300592957201,263.3345175247659,76.8582580053893,275.85428647452056,2
ヤ,273.7053086336749,276.72794458407327,269.0015514375009,2.745912944653165,275.25437901872874,0
シ,258.05454098218894,270.88602669775554,235.44605684424945,12.011630855124894,260.3794149015155,0
テ,286.2350301096302,295.33771270645417,282.3081741256893,3.8405854879268335,286.2141064184477,0
ル,271.52858916104987,285.62251671126234,249.5534384058385,13.139423177312032,277.8952939627329,0
カ,213.04846926450745,242.78231928712938,189.04175153998162,20.055787743533934,202.61325565767805,1
ラ,159.67895700838545,185.23866058520505,142.02895950390683,11.668981991094475,158.88410055418595,0
、,0.0,0,0,0.0,0.0,0
モ,193.80626661101417,210.10862334854681,188.12957216732738,5.084226846962324,192.36474403242738,0
オ,174.94506028465258,186.8698590409354,153.06256091709017,9.77577272177646,176.28388414498596,2
ア,121.12221678861397,160.70233991388997,65.4319104507384,30.49776588128118,119.81798450737503,0
ッ,158.78016467050406,159.91605591578394,157.6442734252242,1.1358912452798648,158.78016467050406,2
プ,233.38292733072637,252.03910878370021,222.77323974981007,9.753785823228522,230.53571751962386,0
ア,305.85759262204056,337.35324665039417,258.1541239951983,24.1344562215927,308.45188763366264,0
ッ,0,0,0,0,0,1
プ,0,0,0,0,0,0
ダ,212.1085049579679,470.34649443312736,171.87433967692613,67.34719264289068,189.19552428064986,0
ヨ,153.52053627325984,171.84393411115715,106.03157042789333,12.6065187727209,151.83447667442192,0
