Mora,Mean,Max,Min,Std,Median,Accent
タ,229.56497096851263,234.75005048775182,224.52453500352482,2.742960489862858,229.5778778790428,0
カ,240.15029090260163,278.8661812881253,168.92930030625845,39.49449598308672,262.03827415271576,2
ト,266.24719642401135,294.13529865198166,238.83852351233443,19.200652760001955,268.6895861749698,0
ビ,261.13876617564944,276.9599195014992,243.8010544703242,12.920054854459458,264.4515085602328,0
デ,246.18965721094773,271.2095439095921,222.23707318131622,19.197719054054236,248.83882832602112,0
ワ,195.3169582767836,260.45525373654436,141.27765638759917,39.65064553405222,186.14924805079562,1
、,0.0,0,0,0.0,0.0,0
カ,260.6660162513144,275.2177837686203,246.41500329813886,9.294037730802525,258.95861390041784,0
レ,280.58171610391014,295.2459011420755,246.6606388111887,11.55938343164414,281.9863464173063,1
ワ,199.885790977417,262.79488257777393,158.259115567456,32.36785936620248,195.38306072603808,0
ワ,152.11132803423888,156.9490246625265,147.87786868697648,2.3154851226442474,152.04659583866538,0
タ,168.2525260031281,208.7635902423936,129.11433206917283,33.232557202822164,167.56609085047296,2
シ,206.03076715873507,258.38080518087133,178.22697474591374,21.612566609404087,201.8574495711891,0
ヨ,239.88903929871796,249.90050070953578,228.3309470206047,8.453248559480546,241.09737072168974,0
リ,191.45048737988716,227.06287630517878,158.24625933074273,21.2813475461462,184.0064768474943,1
ズ,149.8753803533197,164.24257194704714,132.82443370535034,9.179083503837898,151.28905905159934,0
ッ,131.32566924695863,139.27593140953059,127.32573652879888,4.841072107646468,129.35050452475255,2
ト,183.84251509249228,205.14400304665457,169.9717498587896,11.57721963529948,180.72218682933624,0
ウ,187.68707791149612,194.3195595615292,180.2968478940008,4.6391002550342035,186.94834778243478,0
エ,194.69055819114274,195.24307147789074,193.68024854626105,0.46235071901713376,194.8809476540992,2
ダ,209.40848063767447,344.6500050114373,173.67356690195717,36.7733887320034,195.25067811946067,0
