Mora,Mean,Max,Min,Std,Median,Accent
コ,239.25292065599172,252.2113889480665,201.418221865524,18.02187563896523,249.01151554087875,0
ヤ,265.43569490580296,279.2950018594061,245.80603952809133,12.502026201659259,270.6194605550513,2
ワ,205.85881812643723,273.80138120421714,142.52778243447875,44.47839234368656,205.47355534823436,1
、,0.0,0,0,0.0,0.0,0
ゴ,174.1257778345108,190.42827738162623,164.45745309700214,6.701187405511799,172.1366853016308,0
ジュ,214.59260962928346,277.13336217728306,176.71964458947542,34.442556130614676,200.70117560893456,2
ウ,286.0074635006345,291.43892199278554,280.11645138235565,3.8495356635675977,286.3118355214202,0
メ,304.0154670032133,331.108147227046,281.0179250356558,15.96120501824934,295.246575760175,0
エ,330.5810561641179,336.3858176867723,325.038107551105,3.2877089068040735,329.58869157539647,0
ト,265.62432274343223,326.0270446856207,242.82418437460277,27.800754175936763,250.96276886298222,1
ル,213.59602065599051,238.7203408783532,193.19987870692637,12.82417114261043,210.83682572575012,0
ノ,172.10974293087054,190.77654762680743,136.00731605954996,12.586569280709583,172.47819278215442,0
カ,169.3159437746571,176.3630415867234,150.99247666575528,8.81929462052588,174.89342436569555,0
ン,172.73132285678923,175.3502470713471,169.20427455663474,2.080619443105979,172.84984319785985,0
カ,177.33168302430653,199.91366891980655,161.02949406982174,10.453704277286784,181.8815002729878,2
ク,173.90769313997518,194.34056736908505,148.8744469323209,13.67120990176474,174.59645746710507,0
デ,167.26002141318784,183.17111001440273,157.04771181222713,7.663196545089002,166.40307359655247,0
タ,158.459974380751,176.05809858026578,142.80861914826025,9.803759132488077,157.75757594336815,0
テ,180.03324207996818,187.59480134306065,148.45332338474574,11.304625064181936,184.34406833782344,0
ラ,185.53481299544066,190.08836859169946,172.23450510750408,4.522888174930503,186.63725738228484,2
レ,180.72753976418304,188.37656111818208,156.10516291455284,8.047654584849893,183.542063380806,0
タ,145.17971179446073,171.88534946723667,132.16447966733546,10.222625010014674,142.64133397912678,1
