Mora,Mean,Max,Min,Std,Median,Accent
ザ,245.7730276554638,265.860993633652,235.5530270250841,9.930438054707395,241.6355077794494,0
ン,274.8539371204794,278.6702022108864,265.14743795531734,3.5592540785648006,276.0329407308837,2
コ,262.44729996243757,291.90951655876177,228.51201633613064,18.154493563074016,267.5638249368237,0
ク,0,0,0,0,0,0
ト,281.04777961781747,299.64290477368746,265.8694498070866,11.92468381922034,279.27335898271025,0
ユ,261.86760704298183,265.04726750507496,259.2286949333175,1.9161567911936859,262.1334169219083,0
ウ,254.02436280886332,259.04660797618965,230.2072090561143,8.492787618858515,257.4585557722753,0
コ,249.6040472855948,268.00933203984135,223.04343856595565,12.814256908533078,249.25495536496175,0
ト,216.8880597783782,276.19609105527024,168.85514890271673,25.24803550368122,212.9062787986759,1
ワ,169.83666323372086,192.88850773346508,153.535152037848,10.438834813677957,167.46877962106663,0
、,0.0,0,0,0.0,0.0,0
カ,274.1504820620293,277.6996248584874,271.59248783161894,1.8638227767371225,273.20868524243906,0
レ,316.52789037051355,348.3702742384136,281.76028164936923,24.351932782257865,319.6713111818508,1
ノ,299.6746550449372,350.77992653699886,258.4301843056366,34.3288593092731,280.8195487893501,0
セ,215.01167851507148,250.8213085621216,180.02043342713353,19.762510354971017,212.40802102134367,0
エ,196.71411639447496,199.25618518092205,195.31791774929803,1.4142694527909896,196.4185200706615,2
シ,192.79824687990236,208.41064110161741,163.84173126456938,15.24201311234644,200.78987009195885,0
ツ,206.25177069966367,221.4857414067623,198.77637295594417,8.130938740968475,201.56325788055963,0
ニ,187.3746431568344,197.57495063425569,181.2500730265819,4.064717509468171,187.62405702453788,0
ワ,165.26663030178747,179.86658734186523,156.01963280500868,7.587043299280292,164.47435102967773,1
ナ,183.48203681238044,233.1425300674087,147.5170789017803,26.741958908428,178.7718610207971,0
イ,238.70109290642134,260.2245075721475,217.5262943810127,12.222911020974793,239.75911810957274,1
コ,198.18024871440704,218.29664510087318,180.00203781918066,11.981828238777132,199.29012432270625,0
ト,174.51427298445498,185.22537376177561,167.43051342775578,6.127182308770476,172.35342980688452,0
ダ,144.18408866916502,163.99862769442157,133.4736392568091,9.227372718871768,140.8436285029467,0
