Mora,Mean,Max,Min,Std,Median,Accent
ム,192.36961933216497,204.40546381665365,179.69371733675808,6.693867802446861,191.33352321973143,0
ス,215.79674998164768,274.71731923941473,169.63946502780058,37.47371732122942,195.13988715329646,2
メ,305.1748618506528,326.8689787397832,259.31408154946934,21.714085741525206,317.1697695879212,0
タ,292.6946305475609,312.53297976057775,272.8634853162638,12.973334705797928,290.7914587742701,1
チ,228.68757582435947,266.51199832532797,205.5999396442785,20.33656602200085,223.9993180637485,0
ノ,181.18391690814568,215.00213773372698,162.8018930412313,15.175560244448905,177.09345210766352,0
オ,164.48513767173907,166.5240835644114,162.1958188538733,1.4985595638944977,164.59042978586996,0
シャ,181.35218757848432,215.13661731611865,152.82976829790653,22.496330586173666,167.72205110221108,2
ベ,191.1119813690354,211.27703585436163,170.18881199477167,8.593624852439712,188.82534966118826,0
リ,166.54465968136725,177.70842508385147,159.21128426736632,6.092315803601857,164.4529581044631,1
ワ,150.79259902548847,184.9152711725178,132.262132922178,9.858426655150677,150.12098019616184,0
、,0.0,0,0,0.0,0.0,0
イ,176.2366105338331,186.4751312336482,150.81819840041112,10.854436579870958,178.59021238683943,0
ツ,211.77580910464394,271.6249508878703,135.04627675435188,57.19108826307403,253.44198748404784,0
マ,229.06654091664387,264.253956716158,195.47606032154508,18.356225013272038,233.4720453594539,1
デ,180.7196990673407,193.64000375799313,168.08874624818245,7.537581947784731,180.99688545710262,0
モ,162.26461014000955,177.10811742432344,149.6510244465775,9.306342037978897,163.82505558116637,0
ツ,159.86512387323017,187.87989370830363,138.83494324146048,16.367808993758196,160.11222386118544,0
ズ,158.02857290869318,177.198588938535,145.75480627932833,7.147482286024693,158.4284325383502,0
イ,155.98686921644108,158.95849616452665,148.36186138578807,2.6300703222217696,156.31362420799735,2
タ,153.1259678952721,165.12424189274125,144.66099620323746,5.174576790983138,151.12063131363865,0
