Mora,Mean,Max,Min,Std,Median,Accent
コ,210.6112802484412,234.39639470306494,186.77013227294495,13.316987043923202,213.86523323887232,0
ッ,187.33547119533532,189.41052974537968,183.75341669680822,1.9215305656243313,187.7326826685716,2
プ,265.7884180599822,277.3581196994655,258.42534200151744,8.281879493775934,261.5817924789636,0
ヲ,284.85917159789557,294.1368739670182,264.66492003310907,7.949145121403553,286.6311282070948,0
イ,282.9902841964104,292.1721256103039,267.8665106011841,7.251580620876157,283.8167529134264,0
ク,0,0,0,0,0,1
ツ,0,0,0,0,0,0
カ,193.1480236425686,199.1530272457615,185.28021078023562,6.086411182012742,194.07942827213867,0
モ,158.3744765477214,181.40954150705087,150.6796706552799,7.801589476091215,155.49804561194784,0
ッ,145.0090157043383,156.30237038462764,139.85831080138203,6.048786738064036,141.61667849162725,2
テ,237.80255461659317,255.09180496535242,141.37648208527537,34.263082810323986,247.94783139066556,0
キ,229.23795038145764,233.17494862126878,221.73345649721324,5.308622193249633,232.80544602589086,0
テ,259.1474393675445,287.0790625933843,236.3617706726676,15.425988815316355,257.50316586550343,1
ク,204.19905621899713,232.55225328449453,176.629552611681,16.130415964644016,199.67170326164518,0
ダ,174.65596324731968,197.81273374609873,163.31774750186577,8.860399725505049,172.93787839390217,0
サ,171.36956015778446,212.50328810274422,160.75752682103348,9.944766873332304,168.9217086982927,0
イ,152.70079186726048,162.48921407960574,132.4217527222516,8.78932419833764,154.60600253218243,0
