Mora,Mean,Max,Min,Std,Median,Accent
モ,233.81672249136645,271.95040519365466,209.32112499570488,18.522928496369598,230.4771349272039,0
ン,329.28308290121987,347.6112033838141,279.7645759650208,19.993700021832623,338.60262407163225,1
ク,291.33988498692116,314.52835838516324,268.4070960266471,18.685158990466174,289.787617066256,0
ヲ,238.16665870540336,265.9266337711821,210.9189367246756,17.868909323807014,238.5604494164889,0
ユ,185.4536244845917,206.6693759767065,175.63182156675663,9.407166034798633,180.13400739567047,0
ウ,175.17034119437858,175.98124939559676,174.135785393044,0.6284744879177498,175.24474301317622,2
ノ,184.11867748155325,198.72161549095668,170.65380989997539,6.53492844906943,184.66409009351912,0
ワ,167.00607231107304,185.92018886810754,150.64088942244132,12.048276163515764,167.20056728636968,1
ヤ,145.5444743644477,148.6245874905148,143.97955288742116,1.3016976120131167,145.42478130281302,0
メ,151.0872203578326,162.48914548802392,135.00461402195668,6.5672178140319355,151.47007465806416,2
テ,156.08439753854157,171.40020105401217,136.12558103870018,9.33802502676597,158.3136092011847,0
、,0.0,0,0,0.0,0.0,0
イ,163.85557205316252,171.7741593231264,152.22316555556125,6.084177830136288,165.4969321885615,0
ワ,180.88818702646725,212.36684147839355,157.90507148064265,15.492705091313573,181.8515427522056,2
レ,235.60918660688506,255.50935048304757,204.24097168440943,18.277859604072155,248.1211422261155,0
タ,261.1587745151128,280.125579300632,208.4356488052118,21.018856405189386,270.45132632631953,0
ト,280.44785812036577,290.7399018493314,259.9741628153206,7.073143704266394,281.2617816943876,0
オ,279.55732469771885,280.0306408424524,278.8545242880672,0.4089033018293685,279.63644070104107,1
リ,241.6951504799021,279.04522674866934,188.52125692742476,27.103630574944635,233.4777348035423,0
ニ,158.44616485657897,179.29105495772026,144.09779240427972,9.352845005485465,157.75941379333722,0
ヤ,140.23478853418277,142.84457030504697,137.4887160541724,1.7269239873029814,139.3583868100949,0
リ,148.79845262937064,161.78289386094062,133.196349606811,9.73946867569776,146.5444712966833,2
ナ,170.17215693595637,176.12630969504102,160.93783348149591,5.536225818177573,170.2230451396902,0
サ,176.2164698633889,192.80295510813522,162.57928397450024,8.290751714845774,175.68652264150725,0
イ,152.00126705144368,166.35822145811568,141.9643760051361,7.135608435746243,150.24727648472802,1
