Mora,Mean,Max,Min,Std,Median,Accent
グ,206.47313779803218,232.2737081606845,201.37390459565123,7.708872750981167,202.5013242355571,0
ア,262.2597804811628,299.94817884804985,215.609559006747,28.603996661247226,264.5317291319034,2
イ,309.9624419181349,317.267545834022,299.9289262828452,6.29801318176446,310.9620193572915,0
ガ,308.4360736845581,333.24387308717354,262.215780715651,23.20323266821999,323.01656401964226,0
ワ,337.59566680520885,346.13659480562455,326.6602964234593,5.0983073152543295,336.7790817120006,0
ル,340.30473052171476,354.55473912954653,335.1015260549443,6.765533845280479,337.1214202656656,1
カ,239.69110251160834,274.44377674294805,218.47346851144468,18.300378503688385,234.10551211368679,0
ッ,196.80982952961978,211.67196314604323,181.1196375709218,10.531003142895035,194.77196164309493,0
タ,201.53374207223763,216.73685366144886,194.72453705365794,7.869643269988079,198.00885770118555,0
ケ,184.96595849582937,220.44333420688244,151.8930208921219,16.023917845520742,186.12089425519432,0
ド,162.79151080038488,184.67136670767886,144.1041952269701,10.243867415869772,161.33172857399046,0
、,0.0,0,0,0.0,0.0,0
シ,219.29843227609155,244.44874769515323,210.50695215789477,14.524181892860744,211.11901462565908,0
ゴ,219.09760497915826,253.62164195870412,181.63044395948504,18.854499535950925,220.3513413456795,2
ト,242.97509977129758,264.95872644754206,234.94758037619326,10.103141763913097,238.3983398495691,0
ニ,224.61572689571406,233.76937084103662,215.21230580884307,5.327287373123905,225.38623648710796,0
イ,211.1952232518783,221.13209999265544,181.15478445571114,12.35065479179959,215.57581416249047,0
ッ,185.49661729136463,187.9741976929418,183.1974797132263,1.9541647909634685,185.31817446792581,0
タ,198.17459777973806,232.61364832454788,155.9319984102437,15.196805668266485,200.6812455773373,0
