Mora,Mean,Max,Min,Std,Median,Accent
モ,176.5859770630769,181.25437744299623,172.4513401243949,3.562980174574904,176.1092074661221,0
チ,202.40615532705357,263.4455259145688,160.70764842584026,38.15317209458548,179.6028358095133,2
ロ,204.79513176196178,255.4237848950224,152.11491037971837,29.749552568745724,203.5313212461989,0
ン,143.22823845750113,144.8250089765444,140.5440407567264,1.909370861732432,144.31566563923258,0
、,0.0,0,0,0.0,0.0,0
ツ,281.95927012819493,302.30350270540094,270.030751994339,11.408476622504553,282.4751808442575,0
マ,304.4709481751418,316.5116000872283,289.15265003058647,7.039910706163251,304.0822560132473,2
ノ,238.48961374595362,299.41901665803147,181.2651952331057,39.03288737110507,235.36989653245402,0
フ,176.89019881354218,179.1804137440464,174.23227509046677,2.0367337169862356,177.2579076061134,0
テ,202.6183502024321,211.5000930996516,192.70091035129934,7.597770526582617,202.09816545589945,2
エ,197.07530277761944,199.46332941632895,195.44126912724963,1.3852144646458744,196.45642084730764,0
ヲ,193.87597971445126,200.57630485603798,180.36391096428807,5.281287033594223,194.23525032964153,0
ツ,181.30201061758308,194.57155231046153,173.3047532344067,7.753972278299303,178.67086394505793,0
キ,0,0,0,0,0,2
ト,290.4529071013091,312.0160315402492,282.6418062819204,10.94765815216143,284.98972169769405,0
メ,298.455006314439,314.4808741207204,279.77609724624176,10.4718806537552,298.5999319909077,0
ル,220.86296348084932,287.1546991665487,187.24318431720667,25.474759319006164,212.86719613445425,1
タ,176.99225086592378,189.30823313510467,167.0011228353908,7.074745167846664,177.03238951681908,0
メ,163.2536166229812,169.2297497603324,148.86402269617304,3.9643627513247823,163.76491159739336,2
ダ,153.47706877731767,194.2284464627953,136.38196107646675,11.57755093270416,153.46674171830583,1
