Mora,Mean,Max,Min,Std,Median,Accent
オ,200.12805668420341,208.92657119467316,191.4296746608145,5.752353316252586,200.71860763107267,0
ス,215.4654396863743,271.280576024967,193.16438622156886,27.948361041927306,202.70387737303878,2
ノ,271.69691796338526,280.2010936218758,254.79854833569973,5.512431307592978,272.8577921847881,0
ク,246.87060215632263,282.24641487300187,219.2321506487578,27.539132555699023,234.88846149680901,0
ジャ,241.37283057374108,274.55201531284695,220.22990771112103,16.105821944795913,236.8595201403376,0
ク,219.93908611509303,245.84997142185483,189.0586284173316,19.14404125696078,228.28394682238064,0
ワ,209.08029657703918,230.5364399766012,169.63989402354179,10.026552006600761,210.1541633244292,0
、,0.0,0,0,0.0,0.0,0
オ,264.15097076063427,314.4872974993523,188.71143893116485,39.29187884963684,269.10828950073494,0
ノ,290.66873910988346,331.7397326739206,221.51421294490294,37.31706481598527,311.01929333296073,0
ウ,203.7585030878596,217.28788366324085,192.3984515094161,6.934756163407744,203.6608646469403,1
モ,186.74650517495067,200.72974667711554,177.67857198159442,6.656958160897443,186.670707172224,0
オ,175.76828381389114,178.03192645446202,174.8239578516699,0.9374431979789327,175.55195257787915,2
ガ,169.3436974776432,174.47114108408323,157.52827602197212,3.360196070717765,169.2695612680534,0
、,0.0,0,0,0.0,0.0,0
シ,0,0,0,0,0,0
キ,242.60780336256926,246.20663811287608,230.91645457735984,4.20648638837551,243.96339356765858,0
サ,257.41212716113694,294.8500944748414,203.31566689096198,20.100434969166688,259.87652625403143,2
イ,255.56409242434384,257.88295377142987,253.08699422872178,1.5515011531003973,255.34931730363868,0
ユ,233.32445726547164,250.64845070800064,219.42440293933254,10.145547194953968,232.8129349530861,0
タ,285.227087949621,319.82543341050126,215.43230636337523,36.72826808833662,303.5271954141933,0
カ,211.35234301016754,266.000682676764,148.7984420086762,31.924882525479948,205.2362249339191,1
デ,178.32797963782542,190.5108518717018,158.58922468912306,8.532750042172257,181.2288110799005,0
ア,165.98020779917937,176.95337552493243,161.17512733899918,4.3151720857366875,163.99846617381405,0
ル,154.45032676399578,168.49197995962888,141.66570771705065,6.151121689135323,155.19342932405613,0
