Mora,Mean,Max,Min,Std,Median,Accent
ハ,221.09672576833378,233.99660847667386,208.4897305441869,8.237747692314942,219.04604458089347,0
ジ,247.34027797051994,351.34348341374874,203.4572807834094,46.30780219943497,224.540872855391,2
ヲ,329.00176648401276,359.1845387320878,225.65575668992528,39.39833936030476,347.4109319306658,1
カ,237.8898296483027,258.2631411033249,221.41353278261352,11.394471489803767,235.97169686219206,0
ク,201.2976009547498,219.13270575045044,185.61644402595036,12.239100013636746,200.2206270212992,1
ク,0,0,0,0,0,0
ラ,209.83579648170507,341.3939750103807,189.0173896466216,31.87922572332336,204.30817428679393,1
イ,184.9870925499589,187.03695904513626,181.83394570276957,1.8072599830152247,185.34120099189784,0
ナ,162.6276905036269,180.70101843832893,146.9529583953784,10.683775074083533,163.71796157825713,0
ラ,142.20315216217057,179.34809921051098,128.11451363236563,10.106129219026101,142.40641771250642,0
、,0.0,0,0,0.0,0.0,0
シ,219.69015314472327,229.32024691249964,210.8044677199763,6.113937959363137,218.36380006407438,0
ン,219.90556379764416,230.98599441774024,213.59340986923388,5.879405728643904,219.35683234301482,2
ダ,240.48201735898164,257.934380485158,232.307515282216,7.9919725367290475,235.9087001506032,0
ホ,230.1405568199187,264.30820149436965,194.42265741849738,23.01952967049335,229.34465500984555,0
オ,259.42395664590737,262.78703850779556,248.78544857401326,3.7271514368538328,259.88174320572364,1
ガ,218.58435289958388,251.2265826170715,166.4221124665202,26.96182575672934,227.61542661624748,0
マ,141.57122965463915,162.11815286020703,134.01188758335206,6.954979100615733,139.09517789553468,0
シ,163.92374275980475,188.1305620491087,143.63047025940847,13.189254788019694,163.86224570920854,2
ダ,161.16749612662224,177.43252496417495,151.0504459147379,5.84276485577003,160.38117995825206,0
