Mora,Mean,Max,Min,Std,Median,Accent
イ,183.56140692943907,206.16359713300406,136.83339552257726,22.564049340798803,189.16408839274214,0
チ,243.8476634099356,308.5234697103228,167.01109795937447,62.35469605542979,285.02292525817427,2
ネ,327.70316139341844,366.2007145900207,258.0175459527308,37.422849371540025,346.3942963566449,1
ン,332.96286648593787,346.1138247488684,309.2309574774729,10.800385192693753,335.69816553516273,0
ノ,249.38980930860077,314.57636019974916,201.59149739959827,33.91759127250256,247.6936322068911,0
ウ,194.15836086896167,200.03278384094486,190.15752447942313,3.510028250115663,193.44140614698597,0
チ,182.37956414640433,189.69880320082518,166.59992256123957,9.602793188946098,188.83618822888639,0
タ,232.22591851629224,254.24780296447497,220.49743680582657,10.009228671735853,229.57152280104705,0
イ,264.653222738667,270.9162219241262,257.9232054490983,4.273857599726711,264.9155186299099,2
ハ,280.05325667298484,324.9719809933408,219.78375172434463,32.43851168888252,274.5909578497385,0
ン,302.66630219388963,308.9225917077387,290.3699484055388,5.637742163849007,304.3474645467471,1
ワ,229.79291341529256,284.63459083379337,183.7838349873673,32.93199699118971,226.7810062653897,0
ト,179.97245654396067,196.9404698970267,172.09575993321022,8.445755118520902,178.1479875958199,0
オ,177.91324061881778,184.9124572763294,171.14323991908557,4.779129558574339,178.62594605347385,2
ケ,210.16728371956282,262.7913046041531,184.24050095273947,19.42226325343531,210.6303442183218,0
ツ,197.24381995660528,229.70373959720314,158.56308617022256,15.448896391834612,198.8434342322321,0
シ,189.81558756320572,201.8033662995204,171.52995858012144,10.571726798646266,194.72139677110346,0
テ,192.42905644556728,208.6129704087788,182.75247987225367,8.424218240893781,189.98164393554532,0
イ,179.27439529029232,182.40691264507504,174.66244805823453,2.2079162404823123,179.51412923387795,0
ル,170.4280356304677,182.53424062642802,148.87867440442443,6.422703886244597,171.0147797962339,0
