Mora,Mean,Max,Min,Std,Median,Accent
ゴ,200.7832889223523,207.83024439098446,196.19971208145577,4.413653828295428,199.9466359349787,0
サ,275.18544036381087,335.0711907625796,184.61441862212234,57.10362921601089,305.0808644550927,2
イ,341.74935806095897,346.0766989398314,336.15263110180007,3.336858554873704,342.40011814732566,0
ミ,355.8300051592769,376.24153097481997,311.7744885290698,15.98454269108299,355.4370108091022,0
マ,315.54856073440754,375.9165845155368,237.19511860185634,43.680949029611206,337.188344284073,1
ン,220.88577995928836,232.87854556864895,204.85118255287307,8.50229941557201,220.5422775481423,0
ノ,188.70347791249276,210.7913923008728,172.02814433377904,11.742448983040807,187.05114353228163,0
ショ,181.93253384302793,212.23085339069613,164.49766456051196,14.203201137697075,183.17184537272124,0
オ,181.70891588360752,185.2410771387296,179.94152080283885,1.4834224618749248,181.19591684544906,0
ジ,181.85974236360164,187.1813036938059,173.75560896580424,3.4261121465428173,182.68467393568193,2
ン,174.52222275605777,176.58001445200605,172.12041243898662,1.457863535131672,174.8069447480097,0
ワ,168.3092434308421,175.99579191171424,149.43235681770562,6.2642809198164215,170.4297741895801,0
、,0.0,0,0,0.0,0.0,0
ニュ,195.65567110964818,223.56144097876626,179.9601555276309,12.516312756408842,191.95047898044572,0
ウ,239.71081107469638,250.41319245243656,226.7758227409199,7.688267079264018,240.22910486070737,0
ジョ,278.31663732080204,326.1986162607087,236.5703660116554,31.96155011753164,260.08132971673444,0
オ,302.2717061272059,305.9987655368304,297.66361991649694,2.744018353856173,302.6778486138084,2
リョ,234.33744317690713,296.0209879917267,188.67372541053814,33.27019844441219,227.51790276463748,0
オ,177.53756125725405,187.16571185967848,168.37594072321943,6.10360005881786,177.3325961933903,0
ワ,153.37103441422,166.5077710287328,145.14790346448137,6.165971964160164,152.41991698641203,1
イ,146.41529407838857,147.93107646349637,144.0870084638382,1.375618886167211,146.8354616433669,0
リ,154.48923661203935,168.22594810495994,130.18317258724488,11.617474079294292,160.7811127490177,0
マ,186.07017847910737,202.9287969559375,148.26676595777562,13.593218627964013,189.7487091444695,0
セ,209.85146600501656,231.38871290134045,195.80312777085527,11.58895176238646,207.21786835973296,0
ン,170.32254172577365,192.71115178431955,154.6967653209038,12.08239960092734,170.35322791530902,0
