Mora,Mean,Max,Min,Std,Median,Accent
ケ,251.4289240929952,258.0796331011867,232.9589654131556,6.882354635693568,253.81937109571504,0
ン,271.69169788092,284.8064952791085,254.42707865677718,9.853696378878821,272.34942279869136,2
ビ,274.6454542524857,289.37659228587603,231.4589250956335,15.874424329840256,280.28607937480785,0
キョ,261.87269169596755,303.0553488737561,145.4803639256174,40.987800428404206,280.1033236109274,0
オ,272.63485756755006,277.14966921545107,267.60050731283167,3.0960017714096506,272.0238670344595,0
ト,261.87954705362415,271.44504168103845,255.98954006111646,5.799824837477631,260.04180323617084,0
ボ,196.88309331281772,254.16513664213068,170.8151336239366,23.531277536237113,190.45041720746352,0
オ,214.2236341114014,237.77311164532694,191.75397657584693,14.895867829192571,214.04683652907863,0
エ,245.80917325331203,250.24928508109065,238.05673755670506,3.556393563221495,246.0045337007445,2
ン,241.6746259478769,250.77376313004515,224.32481482354373,6.9341687143067565,241.6124989761494,0
キョ,242.83510504832643,263.678158526114,218.81778890757187,12.70125883236362,244.72097417090373,0
オ,242.33064945142104,243.49290340384027,240.51799083706013,1.07510946109606,242.7074681534764,0
ノ,235.3575422899553,240.8767145682974,230.79532665888783,3.0166825018549273,235.58445042683462,0
チ,226.0807491339556,245.3448149688551,207.11252896736715,11.489808210134731,229.92312824221074,0
ガ,207.62392018168504,218.1817569494874,195.19355817739995,8.008549638563268,211.57335410035,0
イ,193.33697473331267,194.8802299439458,191.44942000286923,1.128300139368107,193.16962749484424,0
ガ,185.23715982093097,192.85063282406253,160.58373591953563,6.815123646179256,185.80660662656703,2
、,0.0,0,0,0.0,0.0,0
ワ,178.60177099544438,186.34992386698684,173.82161896680316,2.9631031371097802,178.3850381727457,0
カ,200.41537846066026,242.71403279286884,176.0267728648417,19.66594865732977,198.66681707204305,0
リ,197.99971450952972,206.51495173179055,180.64250688165555,5.580736976476133,196.99238827711707,0
マ,198.9864323048442,203.83905407349704,192.6384264664254,3.185746747101505,200.20890808116175,2
ス,199.5589788948717,237.60538646302663,187.6766301791225,12.536660369260334,194.9877286921042,0
カ,184.33100643482524,250.00329052891362,164.8404911088309,20.34555168020593,181.1004836326619,0
