Mora,Mean,Max,Min,Std,Median,Accent
ショ,301.7479487069904,318.9378614483038,282.87306318537117,12.10363834435699,303.14908875866456,0
オ,341.09711629777706,353.2313072564701,323.8949084500874,8.652181433915631,343.6560595539435,0
リ,285.00796025976183,346.4498755503188,236.14027925615687,35.41130790643217,276.4902451412099,1
ニ,223.61207298391346,234.3515749187546,209.7442711156733,7.839649916586434,224.733341560641,0
ヨ,188.11170618379302,208.48186754060697,168.81439287106073,13.314705652216352,184.31961838985228,0
ッ,158.07729500535407,166.16101714572488,146.47810885027505,7.578291979235317,159.83502701270817,0
テ,161.16298959232077,210.67836142059755,138.0432626697283,17.73025529907057,155.9360059061466,0
、,0.0,0,0,0.0,0.0,0
カ,229.30114336568477,242.8309875129125,210.1820372655839,12.400667040595323,233.4078830024577,0
ノ,257.93594241276867,281.3646669598425,235.12839250320928,16.048900071830175,258.31170513762254,0
ジョ,240.22925395517714,283.31231297613243,124.3599356087595,34.00361613065006,241.41833002798433,1
ノ,187.66639979318475,228.86340293814519,161.2568842210305,22.13970439174894,186.01712344238047,0
ド,155.18281686119934,181.70614394685822,130.0966910821238,15.253884853397686,147.19625267957596,0
リョ,202.91149839634457,231.1038861861421,168.2330362437532,22.57793239740368,196.4583685542326,0
ク,188.811305330424,216.64326559630007,169.39891651023146,13.346586779263625,186.80675639831293,0
ワ,161.28060077947055,190.94583107558648,139.97229906976415,16.81059234652812,156.7628031295411,1
ム,134.4911037170855,139.5659292260073,128.81090715549934,2.4384427884176447,134.43022777810026,0
ク,123.91049497661022,128.7706855742654,114.18401313637065,4.4601645382012745,124.63019940939245,0
ワ,156.15490672312774,169.42551577618636,150.92653260897225,4.166632639933046,155.47848342003033,0
レ,153.78798648398526,164.14427825305842,136.26179690339492,5.916267004871796,154.21708374974074,0
タ,150.1838184217788,167.5266997220422,98.0616663779714,14.527635885898986,155.05778989083262,2
