Mora,Mean,Max,Min,Std,Median,Accent
キュ,311.1672050595247,324.873925933586,273.3147650352473,13.496623716299037,314.3606683670291,0
ウ,337.4852730285858,343.78492881724276,328.7660494103313,4.536223386153889,337.8261489049968,0
ジョ,289.4627950421003,344.2349324027748,238.20153273363516,31.020404052938787,278.5382666663251,1
ガ,208.77699203438178,234.67113072244481,193.70624178387692,11.734964753041025,207.15096533798322,0
ク,184.7770063178932,217.57368034003505,164.7933696420905,17.279486976701996,185.44616083042678,0
ル,177.23378285001002,187.8250807614591,163.9000350380451,5.765813534868272,178.06484715365838,0
マ,168.96174462581584,176.61252892699542,161.17471153511713,5.222282136907448,169.28166531801992,0
デ,143.8119778550231,164.15688257848313,104.6131865568488,13.54242410180952,144.45288591910816,1
、,0.0,0,0,0.0,0.0,0
ワ,154.2907277543061,162.2240445268677,131.6275183124512,8.055999344420979,156.28703226313195,0
タ,207.1618305176359,235.68409131818484,155.9247826775061,28.961910785894588,220.42193222925607,0
シ,244.91845813896157,259.7777390176811,220.5498134248219,12.14523876691816,247.44113804169942,0
タ,243.47278412734263,261.3983877468545,230.03550195190772,10.992267901843428,241.3645442294661,2
チ,198.52096828183645,226.97497153259965,169.3237941595867,20.246477931898394,199.34993139139394,0
ワ,165.37088474830276,196.2309772888114,148.3846603738116,12.704158089359119,162.8785767215107,1
ナ,155.38320584788585,189.4408615513357,135.8297353424073,13.40583234601388,154.35261041605892,0
ン,213.7532144427004,238.69882719637548,193.1349668828725,14.268813815289834,212.78357247687825,0
ジ,269.54813856197615,332.72380461738516,220.11242996966232,36.710380232390015,255.39815229243783,0
カ,314.3854417529096,338.45349404324867,290.10040813560835,13.819771615532447,315.1914410909512,2
ン,265.1687157778337,285.274195092814,250.34069470932613,11.895020034612614,261.23083762588595,0
モ,212.74062579613957,245.56197978415958,184.28934675152544,18.09683570590313,212.35434242125027,1
マ,171.81276796354334,182.81561332046675,165.04367002910837,4.7125186810481035,171.25055796003642,0
ッ,173.89396301731122,175.14545481371135,173.16596230978135,0.8888681317172271,173.37047192844094,0
タ,145.47333478382953,186.27666585581682,124.32051391383541,15.863592262912176,144.06156013163954,0
