Mora,Mean,Max,Min,Std,Median,Accent
キ,275.75289398022807,292.2834221459187,239.73205741632458,18.13564722720299,284.67977678358557,0
ジ,270.4499610113278,308.92146455022703,251.10884719209002,15.873884789512536,267.61381632514787,1
ノ,265.84721088766634,305.87780406516856,224.14091177940819,22.4153386231361,276.2577858040645,0
ナ,194.49874125991397,220.16094056940733,169.86462397360586,15.943345584674336,197.53889599778734,0
ガ,172.37899625452613,179.61858028973134,166.41735990068494,3.8456544449446053,172.47479693330212,2
サ,170.18832366591195,194.18553904465642,125.94356350746348,17.731697869009587,175.65144069174434,1
ワ,139.42424857098567,158.7354597090676,110.80134948736784,8.772003295787266,138.73683262245072,0
、,0.0,0,0,0.0,0.0,0
セ,291.8119700590267,312.47232971884205,238.0735254974944,20.52787720905686,296.7916425799559,0
ン,309.07130102262335,315.33354360610065,297.66078039689586,4.6566472233035805,309.6369988427506,1
ゴ,249.51216312424103,295.1313731761263,201.2369313128774,28.668308552895066,251.14268344333703,0
ヲ,177.79744155544512,197.4631156308294,162.99919088205792,10.333659124010971,175.10336125620591,0
コ,178.91770433577796,199.80215844935606,134.11168150774583,17.33668404647248,182.57684840025394,0
エ,219.1549185152988,238.11423046384024,199.51198409133752,12.320690463282407,220.76146931792474,2
テ,266.724129377922,280.2861719691387,225.83750444093863,20.607141372270313,277.5800015477855,0
ワ,224.6946721665665,275.22795450043424,185.30620115280996,26.471217292165573,222.43906709350907,1
ナ,157.72587256102022,181.72394803994615,143.1723540146405,10.58686372435622,157.82234293011447,0
ラ,174.36185048724988,188.27898117714946,149.59846187219168,13.048535366982529,182.00306277657637,2
ナ,165.2717533915705,188.28960527021584,132.557795060557,21.494102089658295,171.5517679372358,1
イ,127.21753926220936,131.8998222755579,122.71660180568627,3.215148529209547,126.73213057073386,0
