Mora,Mean,Max,Min,Std,Median,Accent
ホ,301.219942379185,318.0797367343627,255.38155795118723,18.183922818750187,308.42995407508107,0
ン,274.58615051013714,317.77689384020977,207.23542023274476,36.255478614128904,282.9986497928237,1
ワ,164.70997112420386,203.9111499939984,82.48864540578118,31.79305732638415,171.91978092868285,0
、,0.0,0,0,0.0,0.0,0
イ,259.22006360913997,275.49251602460146,204.49019307428472,19.621086413033048,266.20558247295196,0
ク,348.3531160370712,384.8467660444914,264.2274597100578,42.866408410802165,366.2164607677405,1
ラ,287.9318193146606,359.52360982461124,219.92380778957872,42.9495115211239,288.67290888325294,0
ヨ,194.52420151066985,216.6467099303112,177.8917280714758,13.304686064602084,197.6788541564402,0
ン,184.69655746453017,192.26224227799784,177.29334342514883,4.863585402186668,186.71298763051433,2
デ,175.381572550452,190.1141398584031,163.86982007243463,8.026497811410632,175.39552353514767,0
モ,155.99439962892433,164.37342990919632,146.7412563407565,5.2963676670336834,156.7911221780538,1
ヨ,153.45489956025577,164.78673513678066,143.99772424201993,7.509096528282661,152.88405900758826,0
ミ,184.7237422546806,213.87087306309132,163.87581920663953,15.356882051552118,184.60293944522567,2
ス,232.2974720772065,283.27550947391495,189.33136020802613,34.27406404223591,220.05637388410682,0
ギ,251.9029869715937,279.7265763861911,227.43181610027932,18.985912563890835,248.60200519877623,0
ル,243.63558031293394,275.01018351742647,225.73818742346805,13.150646764496257,243.17047169122569,1
コ,181.19866138504744,227.2324326614071,150.2241887471766,18.337863646462935,178.66552863088936,0
ト,178.89920208734407,193.39067378084576,172.32356193161726,6.746316228594701,175.61289264327624,2
ワ,163.20119530328427,171.54563318850637,158.81775547277923,3.9058138938324483,161.4858824055994,1
ナ,162.6561694500341,171.0473809413324,149.3799934171127,6.150826942007415,164.08739388916558,0
イ,162.78861075589558,189.1765470537657,133.7170090634995,20.20614543184624,157.8450694642602,1
