Mora,Mean,Max,Min,Std,Median,Accent
ユ,177.69134628553482,183.932972272231,163.51673409975936,6.425417076256043,180.00984841627184,0
メ,201.61519318856486,220.55575222036063,177.47316632728877,13.649378919924679,200.5946232054324,2
ノ,240.072414706118,259.5628400548963,221.55837323387067,11.441465333701824,242.08066227991563,0
セ,259.9734548469541,277.5041600626998,248.31853877902714,8.469309302306392,258.34307229846127,0
カ,197.11146311168304,245.0924377497148,178.06250955052502,15.99465710852087,193.85224082204496,1
イ,169.2423932330886,176.93081896620367,162.4781468168723,4.987105684309166,168.53669501771122,0
デ,156.95593289560193,165.04970333635035,149.0951727665353,4.919552449480841,155.8923047087632,0
ワ,147.81593631031657,159.74424309236682,136.12283648713506,6.73369075329987,148.43693243503188,0
、,0.0,0,0,0.0,0.0,0
ド,214.95750318574642,257.1091386424286,184.49405803502316,23.886780347880126,209.8001104612422,0
ン,282.88373174226666,298.4921584662084,264.79348744709426,11.250824156617211,283.7856857415968,1
ナ,294.25767919683517,304.02084892647304,264.2053731457416,11.494428950854426,300.11402298647863,0
コ,208.1962263021616,254.77998228564513,192.83990960703468,18.071751265069633,202.31460784472768,0
ト,195.71728488846233,232.57295973420918,172.59258876592818,24.614104531798827,176.75363587182107,0
デ,161.0398334494536,171.31263973499355,149.95256794537897,5.799069628410944,160.95562839998695,0
モ,150.04003424238653,157.50812098665372,141.13173586683556,5.176456205331257,151.09809621271273,0
オ,142.79825054535118,144.40581260605916,140.14806088800103,1.2639409912322206,143.15048176722706,0
コ,161.76660742745614,184.95149224502057,130.99849720007495,23.37364541420727,177.98807355732657,2
リ,186.94189109084186,197.38889581722773,158.0326358117685,9.56966810053683,189.5556687189077,0
ウ,190.10997017127292,200.03133921899794,179.52735006079544,7.094635582637666,189.85439218951473,0
ル,152.42004749853768,177.3241688954568,132.62396966703236,13.183200312015034,152.2250935648306,1
