Mora,Mean,Max,Min,Std,Median,Accent
ハ,225.04904400674684,236.36398594927343,216.4688756261804,6.0096233043186515,224.93994501628822,0
ツ,197.244434103783,212.03609954299736,187.7237376539713,8.378297440514336,197.40352007194107,2
カ,316.34925770925344,394.87657074236444,301.437858669656,27.403618392627013,303.2184475591448,0
ネ,312.0259405640935,335.3179419819988,286.1719603657824,16.502210597592544,309.43840631219615,0
ズ,290.97218372362323,332.10842284415276,274.7925403947654,15.876213363078124,284.7683112524094,1
ミ,234.62715857121407,276.3839337797111,186.27703454802312,18.330279810173153,234.60778100441144,0
ト,174.1776131638021,196.7179090673256,159.40290555571713,9.814001993765418,173.20466066439818,0
ド,155.24134653194784,173.28473798881393,131.85362211276293,9.610884882287616,159.91930045729686,0
ブ,165.4749435283666,194.91635455496288,147.32014353347526,16.460097271771033,159.44335377400208,2
ネ,220.14174576398486,244.91835914389003,191.34979804498806,16.637069638262204,226.53618008481885,0
ズ,220.24150655795975,244.97101937372338,210.97264603288684,11.41800414920272,213.8123385843989,1
ミ,181.15512508021936,212.7184501839141,151.7612899147255,18.511339151573257,185.35700131915888,0
ワ,139.45138505217795,149.65552565566202,133.28842738243512,4.9557740486707065,138.4203707323336,0
コ,119.47837634038781,132.0715056007679,94.52358575350026,13.685382754789815,126.51054804563184,0
ト,171.66593246145817,183.95414556940074,166.03449049988953,6.713952525090857,168.43542101811252,2
ナ,169.1841355202251,177.4263005093666,159.31642181867903,4.110075242920099,169.43839907194848,0
ル,150.9171480995747,199.6716722630812,132.59780596373463,17.499846573264634,141.2124389829465,1
