Mora,Mean,Max,Min,Std,Median,Accent
ワ,199.2181046184731,221.40041212786545,181.522038955454,13.278335322325102,197.64702467557817,0
タ,254.06751030999186,293.30553424694904,180.82540339478558,37.84983048922577,272.5838035958016,2
シ,300.65557808248076,320.79844100023695,271.97722760975637,16.967473789598678,299.73250141932937,0
ジ,300.29731874564783,333.75209269522026,275.39771672539104,18.944664507773993,298.3179941750452,0
シ,295.46227653258796,336.77617920318426,250.2778615318024,26.722749024530646,298.35651301243837,1
ン,228.49387507473182,248.60487212913833,208.03293872524472,12.205901066199209,228.67556751532626,0
ワ,180.51405465991076,205.1989127513387,146.8915668279007,16.20442502316575,181.7589508203285,0
、,0.0,0,0,0.0,0.0,0
ユ,252.63409479902887,349.5273317435097,165.55803312923555,57.984086559998794,243.4933316520457,0
ウ,360.0866367302713,362.9480488678709,353.2537251805458,3.3152735607750596,361.34881600738686,1
フォ,277.1987430281692,359.3015714908862,222.7364292125237,46.44560986744044,265.2659369357203,0
ォ,200.963779260729,221.20625908099615,180.17701715896152,12.806759624089874,201.5490034682332,0
ヲ,159.25099673191355,177.81861007327325,147.41606522032106,9.882202870913002,158.13892227081652,0
イ,152.03124300052252,156.4654598585376,148.61788962940892,2.113808629492099,152.651820648421,0
チ,189.80727213674885,224.11009576188732,147.42922139416038,35.49198603740449,218.96458796604634,0
ド,230.05692379774263,262.12574779727544,200.37315577139708,25.8140970638818,220.10813150175954,2
モ,266.4753619271731,275.8881782525529,257.5441518432325,4.478414883500462,265.58699351388856,0
ミ,269.6551131464682,294.15326258639743,247.2950468866216,14.1251681164819,264.56013110724575,0
タ,277.6180954718726,340.6383982205939,247.76681633797452,22.503095665071026,275.84911462425566,0
コ,217.30312363503336,232.5053437370289,200.46518338976287,10.167230783424346,215.87258715989412,1
ト,178.34026130533326,206.96360601290363,166.4313172909033,9.787241221226477,177.50186697612705,0
ガ,160.18386612567667,166.10627207805797,152.78404732410107,4.131746367792552,161.220986019354,0
ナ,160.85960553627885,176.8121355643713,141.29103111735552,9.845412314977704,156.56072889140833,0
イ,160.4110252130915,193.69912982811377,140.51190286014304,15.02439184096526,160.36387236853065,0
