Mora,Mean,Max,Min,Std,Median,Accent
ハ,302.0360730647501,349.09622624545165,224.9974954233819,36.6038267393552,312.3324699351464,0
エ,377.8420922115966,387.3854815300284,351.59903832068306,10.234133686077863,381.76369973750354,2
ア,314.3875391970428,366.4581871936375,261.8516116884806,34.14206736089091,311.54333335795025,1
ル,206.16824339923843,257.4902784710803,183.13544318407634,24.252992369017516,193.49950384859454,0
ギョ,174.80372204503809,193.8551110223163,147.9073984501209,12.766392274886142,178.54612765894692,0
オ,200.09668315719702,207.8218794431381,191.48674745960605,5.696169539897854,200.54142170916606,0
セ,243.45879452862553,284.26687329282373,212.76497372118516,19.11966680112696,241.85498609548236,2
キ,221.83233626672114,269.09645191748626,149.62017984423773,34.506317848632364,210.29956680394992,0
ヲ,242.23861168319974,255.73152033598953,231.54038627453218,8.619657240551438,238.76141521399268,0
ノ,231.22040437546562,239.40122123279068,225.53770476567905,4.092450692606682,230.4042914520509,0
コ,221.94693299653875,234.07982593415358,204.47507604362147,9.719260604174215,228.3571859052376,0
ス,182.89389043981484,238.9635635188349,120.1857923598993,32.804474189301736,172.01553713113503,2
