Mora,Mean,Max,Min,Std,Median,Accent
ホ,286.3856629181373,306.3234184682559,260.0890388838164,11.549918970734879,286.4602034779672,0
オ,323.3043468147198,330.2547765461642,310.390207622816,5.326887211004547,325.14719074157205,2
ド,288.0202344375813,325.24925158743673,244.20267218569535,30.61809632786554,310.28110908505494,0
オ,311.5323969408716,314.7191996569266,307.80771062765774,2.4371997513258012,311.9984201561489,0
ノ,304.04995825193447,315.96241184448877,293.1064112651561,6.374423478287202,307.33467549647025,0
ジ,260.6827864495925,311.8468853361384,240.7887214377599,19.666494115770387,254.19328928666243,0
ユ,304.358915388327,311.53543952688153,275.1443155207259,9.675343647421252,308.26371822119336,2
ウ,279.71846613911424,298.0234193878842,256.3056823128972,13.641945834053207,281.1817513153446,1
ワ,209.8498539969236,249.43820030896896,176.03527880018274,24.329938025443486,207.70990554911646,0
ソ,179.25801033049646,205.05057695858042,165.19138157322868,8.600310090766161,177.5762152133669,0
ガ,202.788259373122,240.54261833604386,164.45003823355975,23.577355273877348,204.0442083131318,2
イ,245.53776539894093,249.43713216317192,242.50314730899981,2.2282124397478653,245.2352013854275,0
サ,254.594236280842,264.87810999543615,215.10783558723077,13.898083780657311,261.1510234521131,0
レ,256.99267855183354,275.41919973910365,224.98728417957818,14.459164114506235,259.71633432466507,0
テ,241.54090605098992,303.8798030568238,211.3823233106354,34.68265902757387,226.9563869550715,0
ワ,247.5701940133039,287.99531972086265,194.4267095536392,30.34955809605218,254.30252268486595,1
ナ,157.92803938907952,191.33561346838795,144.02443821031744,14.174800828731895,152.13950382609994,0
ラ,175.29054514739735,210.44735500447047,148.41684185593675,20.167612946141492,177.3138063667426,2
ナ,194.85618318664393,223.1467633106416,155.18255624774443,23.45542243742313,199.27493530977,1
イ,150.012598326398,152.69822285518788,148.35998484050637,1.91579594060697,148.97958728349977,0
