Mora,Mean,Max,Min,Std,Median,Accent
セ,248.4267099067436,253.90875812985493,242.94466168363226,5.4820482231113346,248.4267099067436,0
ワ,307.86645600868763,362.5731092866101,252.5514077288185,41.48741279626922,312.4936348580747,2
シ,335.31281984509815,365.312406135685,284.4295023641233,24.44627305680675,341.7245567702355,1
ナ,240.55112306120353,261.85624194500645,228.94447033781833,10.716282509540552,235.5729850403826,0
ク,200.3848692493469,233.2161929635927,148.24179316099884,30.64779126145135,202.27593443703478,0
チャ,211.12264611467467,221.2992278805205,202.62584237845286,7.320920502498049,209.92797700286718,0
ナ,177.9517455463417,201.37081098247424,164.79920681482585,11.240888524834658,175.44501846090236,0
ラ,201.0594383984183,237.010603702965,171.4214439935974,21.401881702066767,200.56340175378395,0
ナ,234.49572033240705,258.08694373963283,193.32184054616593,18.375880867159374,240.1874566876491,2
イ,180.8558410227943,189.28993304498096,172.7099286307421,5.615111908391629,180.7102522138917,1
コ,155.61619408550635,169.53119732322784,125.85327692198986,10.670221113172083,156.84629671389482,0
ド,159.26810844640224,189.53769489039993,135.120333532716,16.610005273174753,164.27601138498326,0
モ,199.47325538564834,221.59595654781242,170.38022367160139,15.729428639239192,205.45669135935017,2
ガ,202.0705301296404,204.44630572849618,198.66320138938025,1.4918348052469106,202.13789646393218,0
イ,195.66902727616758,197.903158957915,192.97196297367321,1.4441207421394642,195.60474194887763,0
ル,187.62109815862487,201.9915829752743,178.2591978836883,6.878755464215091,187.50317859404782,0
