Mora,Mean,Max,Min,Std,Median,Accent
サ,209.70144918210153,228.78393597026295,195.0432307059339,12.078053685615894,208.20340173719782,0
ケ,219.40211487347727,271.57743031762476,172.72249782543707,40.32169746746676,192.08331433334587,2
ヲ,285.7198499131714,304.1740887168588,233.76247516789732,18.344424548808604,290.682307052385,0
ク,254.21422662778753,274.22680025684326,221.70904703127792,19.699485127789146,260.4605296115144,0
ミ,253.1838231040678,273.4901405780402,222.82001662195705,16.61951183061278,256.2905865585353,2
カ,279.9702548971767,305.23284241217704,246.43216688761447,23.124534543122845,294.52769567471756,0
ワ,294.1801834246139,299.03835000052584,290.87130627021975,2.717789447305026,293.06081483219907,0
シ,289.7795761464955,309.23394944474893,257.378852144073,15.97517179810582,295.50802526677916,0
ナ,300.457549219799,310.5431051461557,292.2429300054047,4.587972679787508,299.89095730054254,0
ガ,244.48297537788793,290.65219319374523,202.19042532360504,26.670330299679392,241.29286896978977,1
ラ,177.39460958072146,199.28885786035625,161.41395334759852,10.892063383915325,174.84138627860568,0
、,0.0,0,0,0.0,0.0,0
ハ,204.4799832168479,214.86245510409438,196.17163823990902,6.607774055924252,203.16404786033422,0
ラ,220.22047049626508,269.2461032805912,188.21228459906945,23.612761594821517,216.04367262831687,2
ヲ,304.8185015618729,317.2679793468927,277.5866157861936,11.570344468826923,310.3908525065011,1
ワ,231.0208966125414,281.3549821388205,198.01414187184994,27.491230816406762,224.31371828251406,0
ッ,188.7543206086664,203.35248864134084,164.62443118236575,12.16210698253094,189.95140140586182,0
テ,0,0,0,0,0,0
ハ,169.67058816909923,201.5142475339039,146.1950969991081,15.664361410430068,168.9624034546034,0
ナ,171.83125479599673,178.70286459911992,161.90381242614166,4.503215146498294,172.2741965859056,2
シ,202.28465463478318,256.1701723755078,167.7467693025455,25.72115131891848,193.999601997718,0
ヲ,217.7741884761245,246.7944983476141,194.83344301915628,17.69899569157459,213.54949833936033,1
シ,180.8172921856232,192.8957229419122,156.8595961416291,11.26158287362044,186.23120674069574,0
タ,164.16746078034265,193.43398778036925,144.95382052292416,8.789073099542293,162.64835732743913,2
