Mora,Mean,Max,Min,Std,Median,Accent
キョ,322.99301979516787,344.7019827229166,302.78362004049336,15.377751509061088,321.6443579353655,0
オ,336.64065459388473,343.2546749959934,326.38928650589617,5.869467718257944,337.8367434477457,0
ワ,246.4475368736982,320.292190772385,194.4351564750857,43.70766623340427,240.91819811502896,1
キ,189.05800228200374,223.04854230774,147.73591483704155,21.511564590821948,193.80961420422028,0
モ,211.34509964750467,235.11164941502102,191.11566901738115,11.637162915559522,209.13899382176476,0
チ,242.9967809559706,287.3560767181273,196.07849072919592,25.75503381917007,240.54435037997234,2
ノ,282.8632964893856,290.8356790487074,265.70112078767346,7.0545053558833555,285.68154606319916,0
イ,277.4839531395736,286.580702715843,257.30217063361505,9.271228657539185,282.52006775944113,0
イ,226.03458064465292,253.61476548934885,178.98067303456818,21.34672023111034,230.39263077884868,0
コ,166.90757838880927,180.87193711650923,146.6111619210099,12.689219946469196,170.073607258859,1
ハ,211.05317640563314,256.1594590875993,164.86485417388076,33.162781051134345,202.13798984362637,0
ル,274.48764534677224,305.806877644546,232.61524772917693,24.39574050714858,265.9357323249178,2
ビ,277.81618876466104,319.4771580764377,212.9275416837083,26.799136306347503,263.47320007467243,0
ヨ,320.09861457583037,330.5640778713568,303.59084069980645,7.387745234566802,320.91916551763757,0
リ,258.3206460145762,313.78534368439875,217.89270778214274,31.12734508489935,250.02044660467067,1
ニ,183.81205725038356,213.4091444125962,160.86852522508082,16.096391842368714,181.91601804496872,0
ナ,155.08710984760336,160.68465795856463,149.666740174331,2.901789098018422,155.16848690133082,0
リ,163.6388447714947,191.2773216328851,146.55274679630318,12.595499661014442,163.84660567153662,0
ソ,211.46702445742292,242.93801543972017,165.69015593013074,22.22461705564879,219.82664918273863,2
オ,214.06448439156307,218.24453652916597,210.24935997484553,2.1343491820019245,213.46281936699808,0
デ,189.607218936315,208.88998602561298,177.4587417679868,9.284297692831704,188.19724914861433,1
ス,165.47375524248315,192.2433382587654,145.47122543361726,13.920772043257076,167.26421813399702,0
ネ,185.0272414731649,227.87328627701947,148.94546539006257,28.124625445701138,179.39979906796148,0
