Mora,Mean,Max,Min,Std,Median,Accent
ジョ,230.67894641751565,251.61245928384412,205.33664882567768,10.645330690465709,229.22987287214633,0
オ,280.0047673220799,295.39538382595487,257.3185556227585,11.939524750906738,282.0776770063111,0
キ,272.7064765077733,302.60202758806594,253.28874082187906,16.42276285545743,269.59311811786733,2
ボ,277.39867381642784,295.1769734468634,253.2823374738136,15.583624387707955,287.5346309999078,0
イ,278.7762334459365,284.7741121015156,268.85574215565043,5.265417336073559,279.7803696799178,0
ラ,201.2406526115907,265.00892369995717,168.1079804967782,25.583856620188463,197.3993449501109,1
ア,164.62107814371234,167.64649425499962,161.6479020899135,1.9415881170314497,164.65508202379067,0
ワ,148.51486924419046,171.03021909249216,136.73314037042178,7.783526010099368,148.0425257101145,0
、,0.0,0,0,0.0,0.0,0
バ,163.66371149523616,185.9232379362923,158.61632265191238,6.869572220883028,162.30152604961958,0
ク,144.70642832720338,161.53933895545111,126.90229103365063,12.085518029682671,145.03811445695743,0
ハ,250.1610111276179,265.8453813480972,224.98898110051928,12.589280062804843,255.38953663011677,2
ツ,265.50400599357454,269.3563257161223,258.62284229786064,4.097159313031495,267.0184279801576,0
ス,264.8019718412966,281.6276549814422,256.5835059146583,8.12947514801278,262.72940783429794,0
ル,249.9381838224495,260.5126746179771,236.02328286360245,9.26888273927441,252.98973371914136,0
カ,235.23207094782595,269.82184340244663,190.27771698914188,21.78339919516231,244.5514849145946,0
ノ,238.50819772036812,243.620076459644,228.42629881514634,3.081835950739633,238.7114084968316,0
オ,238.72862363807403,239.40072191931125,238.27715342342134,0.37864126074041454,238.72252320673616,2
セ,229.98493602774107,248.68292669317694,181.00203780308084,16.32538276054611,235.17903840594187,0
エ,229.64712035798465,232.42609776650838,227.83196018476596,1.4953073886514614,229.34758120048508,0
ガ,223.422533967679,228.8845642053251,220.0872217032606,1.968592597447805,223.75651860474096,0
ア,215.81475855703013,220.546013326231,208.65867344880735,3.8509490569264044,216.36992713406306,0
ル,161.96483126541224,206.12665133202142,138.35919569716916,20.830751776266162,155.8440157761671,0
