Mora,Mean,Max,Min,Std,Median,Accent
ジョ,189.4850680167333,193.92056616588422,184.70835532735347,3.007314738354158,189.16385998471824,0
ソ,236.82650450376158,276.37107484783843,175.7560455351618,41.82191240475594,264.7362077219605,0
オ,287.89108587026,307.2603353769439,275.8284275427724,11.314053746011574,282.919868867996,2
シ,294.3835893489364,305.9658185159938,277.71460154388086,10.42759202167453,297.6265709908865,0
テ,295.0473690458727,326.27789895174226,286.65681640420485,11.295113695075896,289.5157584493384,0
イ,287.8861752379722,289.20112356683467,287.41428285189704,0.5999069170795764,287.67430284729653,0
ル,273.1117569316002,294.3321079021299,237.85586272117052,20.61035664126405,283.78327193571903,0
エ,264.84200565668823,289.1057363742602,199.2724191862272,21.745241228358303,270.18183878791683,0
ド,304.3649026123435,343.8356857050586,262.2028816310908,20.950676392123025,302.4329886521602,0
ヲ,219.01863625974192,252.8232284573575,193.87621886579126,19.12359089462704,216.16664835094107,1
ソ,190.9568786018977,213.95014793997498,183.03950433818866,7.006081098565211,190.76806001634836,0
オ,192.37144438728302,202.57401072592742,187.04049297845577,5.101532124704463,190.88345409258932,0
ゾ,209.47490240912862,230.07562339278365,192.4963479328889,11.146509539411442,207.67208012231782,2
オ,216.53960725901416,217.7059603167276,214.47795964440638,0.9508746987264382,216.74174650477622,0
シ,218.55721561273222,248.16124502669538,200.98799363490173,12.780676040399719,218.18719983674256,0
テ,220.9612124599815,224.55005034799734,218.27415056235395,2.64028148530799,220.05943646959324,0
ゴ,211.4945166392648,222.9903821014966,201.19632845138958,6.675758863317998,209.6752318015303,0
ラ,217.42019522319023,223.25165352626357,209.080080093188,3.5330912347196737,218.42547504126904,0
ン,207.8465236508266,212.85854573475183,201.55634571714427,4.080324061139956,208.27670714899205,0
ヨ,159.81843749857052,200.0852462720089,138.36352394762935,16.48937719259597,154.68286064906823,1
