Mora,Mean,Max,Min,Std,Median,Accent
ダ,171.63946397686084,191.6898278605697,162.08688597657914,8.985344022341112,169.61602819308354,0
ブ,182.79425846260142,215.28983762827386,156.5352543094711,22.634087681811327,175.43774490541563,2
ダ,229.38733698725343,249.10209948789924,216.2430591712826,7.3429628785259515,229.83131228107302,0
ブ,217.26141593295088,228.24770105394575,202.0512211401756,9.480130661404326,221.1294108324433,0
ノ,221.52322869118356,231.10683438455237,211.61948358491858,3.218147193595557,221.37231528982278,0
ウ,219.4735903701426,221.2571526405018,218.03666418707218,1.1609297377477679,219.24132209842065,0
ワ,209.6466588929261,217.3374757046197,202.93396647657232,4.346930204375141,209.92103596857987,0
ギ,198.2334862096372,209.2216781658575,185.95408331957873,6.726799691397604,199.54678829194015,0
ガ,186.44278857215608,195.63520901734321,167.09807673380678,6.354917333874503,188.34113664200356,0
、,0.0,0,0,0.0,0.0,0
サ,199.14605852721445,210.68406304015394,192.37709692539016,5.668484635837231,197.3357460374484,0
イ,217.4519162532661,225.38441325650317,208.97734284524873,5.894330363332222,218.13300359943224,2
シ,235.3198587594301,259.0837447639564,190.13799602741662,15.561012529381784,239.99988629621367,0
ン,237.85073310971197,240.05779821390453,234.36063369606867,1.6799371692255074,238.14493248823297,0
ノ,241.28614364530074,256.992964903219,232.14998085006937,4.97239003217453,241.67626674164802,0
リュ,197.23772604161547,230.42910438029833,181.43292576740419,15.368040771847163,190.36065210556671,0
ウ,226.76186349061692,238.8069291237757,210.42199387707817,9.91713500170834,228.07774269360823,0
コ,240.35279894178288,253.9210003460873,216.25822073886118,11.132710633356577,245.92614622946854,2
オ,243.0341807274768,245.98437535984058,239.2173324284619,2.123630875744451,242.580451035404,0
ナ,236.00827729269798,246.16365330556113,229.07630853068278,3.6599770894549115,236.67994827797742,0
ノ,210.94073972641527,239.67176217004086,164.0379398031104,25.735908538166782,219.82225324779097,0
ダ,141.28802102746832,162.46957152290662,120.11977958720098,10.825492161773793,138.55245461441334,1
