Mora,Mean,Max,Min,Std,Median,Accent
デ,184.3616598351131,189.07211855393084,178.37067303792185,3.6828431262442725,184.34979257262387,0
ブ,231.97814586961763,303.1179052836492,169.00487350556205,46.51720558378108,225.3680077732972,2
ッ,263.26395147381623,270.01782133790823,256.51008160972424,6.753869864091996,263.26395147381623,1
テ,265.3034600360216,314.2551652748516,241.58273623419728,18.818545975710716,261.42329655059393,0
イ,226.45416755185187,238.09429080259443,214.59752318984673,7.7766915574604205,226.48440452967714,0
ル,189.8678964297282,211.63577485433305,181.78310701572812,7.08786349390882,189.8788971139463,0
カ,193.18235948499992,227.88074753487194,170.58138961561144,16.784897726798196,187.91482691963844,0
ノ,193.15402155140708,206.6985677794178,184.95786253370235,6.700698107160001,192.6011340227762,1
ジョ,164.39175178233148,185.44299256949475,152.58405020130726,10.836638426363809,159.79502971829558,0
ワ,140.0967667420553,153.1583373007654,124.19857426336179,8.915529141870746,140.27565023236224,0
、,0.0,0,0,0.0,0.0,0
サ,265.4832722843643,288.97504649000683,218.14082100221515,20.719831940715782,270.6758177687058,0
ル,281.27085408049965,299.0790269650086,257.1707176243289,12.557758898428302,284.1968242133646,0
ヲ,201.86756747060227,263.1387979299605,158.0755832008665,30.70509654239592,195.4170197284571,1
ダ,140.02788433990747,158.77555998180196,127.58497982254981,11.397930477211005,136.5559546244141,0
キ,139.9814129731541,146.59775701795277,122.47725000736199,6.965474176056529,142.49216158754172,0
カ,0,0,0,0,0,2
カ,262.9003356634596,275.62080265247255,260.1833018819821,3.5000256679076487,262.36791256021655,0
エ,253.0665563267793,260.328170072281,242.38026552211178,5.680917148860992,254.26670705397768,0
テ,177.86719284746363,194.9339125991275,164.52803236402454,10.460353529510893,176.7664297007787,1
イ,147.83535090875694,161.66208876647835,129.10784413383416,7.3950064327612015,148.56495686599965,0
タ,138.24542257848324,163.82003760002652,96.37953672091359,11.146450198476034,139.46583803276343,0
