Mora,Mean,Max,Min,Std,Median,Accent
ニ,226.08879403451655,271.4363494532565,190.2721765815224,24.814289810913944,222.1213366777676,0
ン,290.51367977224135,302.8296187279809,275.4353991467971,9.188128476678905,291.8866180829923,2
ゲ,324.8094930903152,340.50005804128347,304.48404387712486,12.691260300176038,324.0024402553671,0
ン,336.87702367751456,340.43769269191705,322.9391609788864,4.210198894757031,337.95984698951816,1
カ,250.36105931280318,313.98706474656433,193.1418840151788,29.05959392869279,243.45639566144388,0
イ,211.67455198856916,219.30613273969348,206.29978875657955,4.178316207039092,211.295481356776,0
デ,181.6431427615538,205.43049275719707,168.71706333213325,9.988867864777015,179.64629544282707,0
ワ,159.47640169212937,173.91788654305506,143.1715274843187,8.25426770304693,161.2604346291123,0
、,0.0,0,0,0.0,0.0,0
マ,229.92277414467182,287.1799009260376,172.16383336366454,31.461239413510278,220.3790324427752,0
リ,321.44105080781344,343.65159796119946,296.52981148045103,16.09537636536269,319.7256811257582,1
ナ,294.0935218015625,315.14344593067955,254.18074587921885,18.797249604359372,302.3175727272637,0
ノ,218.15647007350572,250.562155124498,193.468486352063,17.061578935212857,219.48477654209228,0
イ,184.78873624170825,192.36336388124704,180.2308157973789,3.8869350500899222,184.02866406313203,0
エ,171.33304496337976,180.05512278786048,164.01261828590248,5.211545789764795,170.27489258814074,2
ニ,152.8500732139933,163.37665252029035,141.32702810964457,7.321976393388675,152.2097261324401,1
イ,163.040204535072,187.55472823007366,132.69636022903612,21.766429645687356,164.43058026636194,0
ソ,188.38304817085807,228.7174888384304,94.42197579154322,40.0786356294569,208.94601279419356,2
オ,233.29209166416942,237.88594925911295,227.5937056868718,3.6259996488518653,233.89499166703877,0
ロ,234.1786874972077,240.66735037883032,226.41643721675769,4.223961227529962,234.82782775419213,0
オ,224.63894946079276,227.00222714695838,223.23635497396538,1.0666591520993864,224.45580895302243,0
シ,219.19449178834915,231.89297039086938,196.645698883482,12.150316921790706,224.19827899450405,0
テ,223.13449028642555,232.80954106189805,213.049283356297,7.298921013606847,223.58283354835896,2
イ,201.30741334543134,211.4993094165075,180.174675906189,8.638134235756947,203.4683098570613,0
タ,188.88647341135078,210.15825897920143,172.7558589806211,8.634997551730752,187.62225893317768,0
