Mora,Mean,Max,Min,Std,Median,Accent
ニ,187.63950970961272,199.54130847780567,176.5112758915281,4.94527205814976,186.51847985038074,0
ジュ,223.83075427737234,287.7439859337309,146.5336816251304,48.25740130150775,239.7726172092244,2
ッ,243.23367295467244,244.2398484484458,242.2274974608991,1.0061754937733554,243.23367295467244,0
チ,319.12510775638145,328.4432801261282,312.2415971746185,3.556520005749556,319.3617608087962,0
イ,310.7286489392243,317.57101721895094,302.71925548515827,5.4984590037372145,312.26267261883527,0
ム,244.86296627366252,300.9146235355517,196.275565495263,31.82190409990682,240.26888185836873,1
ガ,171.34069992938313,193.01324317913725,145.3303287025858,11.215625484158812,173.25436240369123,0
、,0.0,0,0,0.0,0.0,0
ト,205.0652707322309,228.5243561899365,152.92855676547455,18.745400907805195,205.17845979983758,0
オ,273.9262080455543,306.27898224468294,234.33555546638527,24.480864442110118,276.3560804738347,0
ナ,274.1339158665668,306.90454606664724,231.21110029167647,23.271435239430435,276.7215701376483,1
メ,202.6131243080281,228.99884386289332,181.1821395540263,13.584276137504629,199.61609596135492,0
ン,174.17907887923394,179.7444592438853,162.65328458310535,4.928105482115481,175.92449671191665,0
ト,159.90718877121563,173.6863710809334,128.06102064555685,13.111931865734997,164.33597034087933,0
ニ,153.1155111759659,163.3942177594477,147.1957436450347,4.5429265338586315,151.6710899409194,0
シュ,135.89576418609613,148.45109427668788,124.29873949844695,7.535762550040606,138.09136837045068,0
ツ,186.92106957395598,189.88623811203848,184.1144451261306,2.05501976433318,186.84179752882744,0
ジョ,176.3345877847398,194.03223317804208,157.9385128385379,9.236220812007716,177.65759006109732,0
オ,177.09564381830444,178.00052374056105,176.52992133010005,0.3969192984691862,177.03498592737884,2
シ,172.13532897067628,179.0454458426139,156.0348482677671,7.4049615293139945,175.71721385463056,0
タ,170.60705489232342,208.9840566129191,150.72848928557218,11.509801902864353,167.61540895209927,0
