Mora,Mean,Max,Min,Std,Median,Accent
ダ,205.2879005393086,229.13311647360226,188.86850960065163,13.173367676275914,201.43207140917113,0
ン,222.51297834539236,228.76669099773278,212.68431300568528,5.521828282561586,223.79103218141853,1
ワ,190.4781450745176,209.75996170458822,172.64666836737075,11.994417466292406,190.20282593863726,0
シ,164.09644191766375,175.4535276107328,146.2099333143982,7.384493871459311,165.55770324942273,0
ン,182.85305518256993,199.8794500896071,162.5502613350482,12.510860023043815,183.2018112362616,2
チョ,197.6634030451493,227.68428585418928,177.7729689367968,13.933658205967259,194.8220493851459,0
オ,184.66010216776894,189.18457005593825,181.61469373322592,2.51634318568049,184.3781458553691,0
ニ,175.81235004118562,181.21392883635,168.21153017117334,3.419400266799568,176.22884205813892,0
、,0.0,0,0,0.0,0.0,0
シ,81.17829766200855,87.82256548709412,72.06990777273936,4.717582949927272,82.17603302538315,0
カ,216.73909720421207,241.49487252009757,200.3700183809447,13.724193117203642,214.26885047555197,0
シ,159.08141159095032,200.66026707787768,123.65958366991315,25.596202910102477,153.55484029262425,2
、,0.0,0,0,0.0,0.0,1
ヤ,167.31556901810052,177.18006618564672,146.90954314206573,6.229721110710806,167.2402624652629,0
ス,169.12162151803358,169.12162151803358,169.12162151803358,0.0,169.12162151803358,0
ヤ,316.2989877706544,334.5692498808886,279.55632383233893,17.101657714037433,322.5856896278841,2
ス,302.4027804280718,323.0333628758767,279.5197760198312,15.971199667952414,302.3264261876196,1
ト,191.23954682328625,194.6372766949205,189.16513384745974,2.4220463167607784,189.9162299274785,0
ソ,175.50312895943725,205.18220139451782,155.28529614052232,13.504040302214639,175.3482640011157,0
レ,162.74468409905504,179.22654599889148,143.95710610345756,7.940621954143636,163.0337374548068,0
ヲ,190.58908886198486,210.0340338877162,167.3483460780447,13.413115684837987,192.7803832425095,2
シ,202.7357343606705,210.20047650829093,188.2928963793652,7.061266103984276,204.06239130888244,0
タ,185.14970598147767,204.83688345439705,165.5330665503478,10.148389133096357,184.4512916114083,0
