Mora,Mean,Max,Min,Std,Median,Accent
ゴ,192.65316742358576,209.9903402588476,164.7720326898287,10.38197606443742,196.05427724668152,0
コ,250.91560436578442,282.3438631337042,149.15833988178352,45.78741117503174,272.6410143565698,2
オ,298.4716214530646,306.3799344565885,282.8761641162736,6.302411143090507,300.63736387127955,1
イ,259.9280857631401,290.5650634510052,219.35174827708306,21.52441306054106,262.00784594109746,0
ニ,174.61328048169648,209.80850061692587,125.8775959813544,18.91763424334253,173.7357678179313,0
タ,163.82350284018275,189.52302729724954,151.85376681793645,9.320068146095673,161.23920636858713,0
イ,152.836950544689,155.68165693422108,150.03544663784834,2.0304123691602136,153.31799374467394,2
シ,147.63598348614835,183.10827575771344,94.834265155952,18.532167552813377,149.12754629890068,0
、,0.0,0,0,0.0,0.0,0
ア,221.61852394014727,263.7714390196959,183.97877886488538,24.42882400792631,217.7023222945671,0
ツ,251.50019917261426,271.7534625246283,230.79610127591482,14.415884695052158,249.3827979309064,1
ク,195.42299048246642,218.63411841243385,182.1190498928415,11.87982743055254,193.16407048542874,0
オ,163.60606871169318,177.8325211832925,158.84657297142306,5.676692460990515,160.4730995779167,0
レ,175.79916134092562,219.64570366445983,149.93257426962117,19.988684070323302,172.062207264258,2
エ,234.7482648091453,241.27950351809196,223.73484528866354,5.653665590611983,236.39549869777323,0
ヲ,244.21943859371984,246.39821161992708,240.38202878589235,1.848521889726301,244.6199584972158,0
モ,233.65193221155198,243.6516020647844,227.91146084324632,4.592635433792199,233.14775141080548,0
オ,229.32384901822633,230.93099362461874,228.25314411127073,0.9716786687353403,228.95857954335537,2
シ,224.36007358507132,244.5974670417364,208.51194251626774,11.065068428893786,226.98121649433278,0
ア,213.1887768033728,230.73868798376998,209.052443949781,6.197764448850943,209.922465143451,0
ゲ,210.50966737489932,211.85714521439584,208.85173668785984,0.8576837213662457,210.3413912623767,0
マ,201.2998871427694,209.35004071076457,193.06007070615698,5.717377848539798,200.84970407857213,0
ス,194.8023033902529,201.53188214350607,186.24345739347473,5.567756665314843,196.3547038358479,0
