Mora,Mean,Max,Min,Std,Median,Accent
カ,191.82675529118976,212.84091359715578,182.8372555617027,10.430583095615932,187.38415707324648,0
キ,152.20644774492652,182.12247801530395,111.00192815689523,25.8563008522992,156.27840989799475,2
シ,281.2396790999533,286.0142895991359,276.3029751160264,3.3377136319983878,281.6605554336418,0
ブ,281.9076291568736,313.7220174675731,251.07242837034892,23.784039151535072,279.23560530215826,0
ノ,305.4114637203418,323.7478581681167,287.27800994250526,5.973670506506419,305.189180311743,0
ヌ,291.33756346147436,303.7858583874812,283.7097566763586,4.999831745461963,290.33244915351565,0
ラ,291.20204077441883,314.7202511192614,279.2330113256884,11.121994620597173,287.4611927231257,2
レ,308.1661831483505,326.7971481552862,281.98633067372384,13.572247125159747,309.82106154551906,1
タ,210.36463780959076,251.11414728380123,195.39297916872573,16.589368510599126,205.78102167536798,0
カ,180.9290876322739,196.29885074218058,167.07523471063237,9.6828804116879,179.03553175025485,0
ミ,170.72766229273662,179.51650444606966,153.7406201788492,6.610205302191847,173.42340866121103,2
ヲ,157.73137291680573,172.68522871715626,132.79859987082477,12.017668223978253,160.7653914977447,1
、,0.0,0,0,0.0,0.0,0
シ,194.03791040807891,218.96287645626958,158.94384946719816,19.026292677786056,200.27493403153483,0
ブ,253.23533938102642,332.93981548308375,187.7218950496052,54.58902478741942,242.245822640262,2
ガ,319.0778967528385,335.99916455889587,283.4965673157769,16.34415520961187,326.7003002396134,1
ミ,222.9258990785014,278.851879998901,176.40737522718453,26.923513590329005,222.6308814192151,0
ト,172.28246835937625,223.12513365494002,149.40791572692942,18.030350918740513,167.3238819318392,0
ヨ,154.0462046024537,158.1799229917186,149.7306588324179,2.7674689855990477,155.16593593002045,0
ブ,148.85635243743516,183.79516874992308,129.6926005003314,9.774217916188448,148.79565851279938,2
