Mora,Mean,Max,Min,Std,Median,Accent
ボ,216.09792055966597,224.36254602307278,211.56723425109453,3.8083318694947064,214.65358163835805,0
オ,264.31851898875925,300.6897424411056,218.81380818863866,28.065917222440824,271.46579884272785,2
ケ,283.66531217632127,330.35512243404395,234.06168069034538,30.535170861898667,302.74110896930597,0
ン,298.2284738773549,300.98842026048885,296.47014871864263,1.4203335302773772,297.80121998416445,0
ヲ,292.5618364905062,296.6388698271523,290.11422007330367,1.9678308555625612,291.9394727632405,0
シ,284.36335178770264,297.07005278751603,255.71193658325322,14.511205871256909,293.94690613882136,0
ナ,274.25264269263,282.5255766027709,268.3385649200526,3.5793210777391753,273.58125693682564,0
ケ,253.49210602528194,281.1857864421088,217.79264673304863,19.253341478511977,253.8434875158021,1
レ,185.51418092372208,212.67515178914397,166.7381294707097,13.270563759989628,185.23291708307724,0
バ,147.33704440825363,174.10695160503008,120.37306091227573,12.978419491106576,150.64418034298126,0
、,0.0,0,0,0.0,0.0,0
ナ,159.3744600762096,177.34438740799766,152.76370354003546,9.068852884925217,154.01564390410644,0
ニ,176.1523047671831,199.4658480141052,157.0411369364852,14.232580776820905,176.28686021171612,2
モ,228.53963476232394,243.3585056952489,202.0814534415365,12.10837129859647,230.52903454467923,0
テ,244.7335515779235,267.34384882955385,187.46511041406953,27.582231897207617,260.13855602397996,0
ニ,235.49028078505933,257.34714742565507,203.32029514368023,14.01432756077925,238.66402306363202,1
ハ,166.4956933837806,195.5187674119315,147.3311902932254,11.290970576847828,163.66292268081367,0
イ,167.8430514485977,170.10397136760875,163.9369868905635,2.1075032634567012,168.1713408118233,2
ラ,170.7545381690359,180.21128164534258,134.91418633705433,9.24629430542467,172.53253156459306,0
ナ,153.26338009043133,172.53440884356752,131.09963565059675,13.95768688538716,150.4886442028543,1
イ,145.68888246642143,169.9207740667738,133.15784744541148,17.13788643055055,133.988025887079,0
