Mora,Mean,Max,Min,Std,Median,Accent
ソ,322.9234411877247,328.80160474461894,311.582056771528,5.599151463962375,323.5871713065135,0
ボ,338.18571320288066,362.6902814339576,303.41205212658,17.294687409396744,341.9435958461162,1
ワ,238.8411804411116,315.48258483828175,194.05566609338277,38.11185152770537,229.69634229956245,0
イ,187.67227028430156,198.79018051340643,183.17483044985133,4.327227386616528,186.03975697149224,0
ツ,190.02161570464295,227.21955108048817,172.73703006414854,15.8783056698413,184.83772525813538,1
モ,168.29113390876475,193.38329815098837,144.83711058038324,13.395046651590564,171.09967223281012,0
、,0.0,0,0,0.0,0.0,0
オ,169.76769706351322,179.6209114359293,150.2401967943218,9.753366285101995,173.7804209454216,0
チャ,205.85188734494423,248.47982114590272,157.42784177476588,31.11830224949157,187.2144882680612,2
デ,246.19260266801464,287.853208531933,221.95725129214486,21.81064635090054,240.22369258312517,0
ワ,283.31247337377664,290.4363523756433,276.3870447360231,4.884730690656196,282.2919520355292,0
ナ,286.7412082117276,296.96422143617525,267.79177334885605,5.866206433508803,287.2228556508496,0
ク,208.74423985773203,235.73724794952426,188.57795801312156,16.3505026478294,208.74346406810363,0
サ,166.70994548126234,294.0154072524602,66.56996100728226,80.17942772795577,179.0466104206712,1
ユ,326.71479612470154,344.7968604356959,300.37757712097505,12.04467527495794,324.8972523060534,0
ヲ,256.74403115871525,329.10978658972243,200.1318893448356,41.08146159970601,248.7555902405287,1
ノ,190.3400627077312,197.2246057429164,176.15151242838374,3.7766082532001857,190.21816258678126,0
ン,201.3380869401284,210.69168272117372,193.2629648080676,6.6220514907586585,197.40236712869884,0
デ,192.9383169873644,210.64772018894823,170.8938647983168,13.213982111836494,197.2101536164602,1
イ,178.15773164862915,186.15505291585663,171.1710931999917,4.083185058006077,179.02988815183508,0
マ,162.17978442101378,171.0979083252205,151.35981688831873,6.998051307792766,164.84650143076072,0
ス,165.00337368518169,170.0350600387408,159.38462076605285,3.8724525328212343,165.7759914352519,0
