Mora,Mean,Max,Min,Std,Median,Accent
ム,245.96152161564262,297.2972875768672,169.60078514554948,31.64239371843226,243.42490154080411,0
ザ,299.7449796213024,350.9632715768725,259.98899371335534,26.893892471156555,300.7945974706131,1
イ,255.7401931358736,268.1537966742715,245.4690202762948,6.916317685479131,254.29951284311466,0
ノ,207.41250452218924,240.5893916284021,187.04018233892634,16.716474751790276,205.0540753989308,0
ヒ,174.90006274770755,190.4172585585253,132.24974592985996,18.82980108681757,184.25654216113892,0
ト,206.35933953400036,228.03040432392822,192.76696931963443,11.769746472801627,202.88098107729533,2
ビ,180.35191406353405,192.3257289628306,168.88221112790555,7.271002435238996,181.20565802010327,1
ト,165.64865654714544,184.06192679672773,154.7894880614764,8.79911277358124,162.60430540129784,0
ワ,141.4990201184233,153.92490001534577,116.7278143215103,10.072236453179688,144.18722784286322,0
、,0.0,0,0,0.0,0.0,0
モ,173.86356660249405,183.0249664580859,164.64069938036565,5.151896092917358,174.32921448070363,0
チ,192.54068601143902,201.34657133482364,184.1517881604984,5.2071420080932915,193.17969956823956,2
ロ,276.3790022882288,374.0475670467813,239.65293607442382,27.781300188081836,274.40645598806066,1
ン,203.28593013374282,254.88319882735112,162.32022550633982,30.670087162088112,199.75675813475758,0
ホ,174.56043272678406,206.37092274420968,120.22489100846964,33.38782832778987,196.59064067670954,0
オ,210.40258290393078,212.89006478191075,207.21647376081924,1.8834364861665294,210.72125889156615,2
メ,209.9922181761922,225.48711482993053,199.69074426516485,5.8680766709669365,210.81602917896026,0
ン,202.67995868193898,203.32903609306615,202.01931002328843,0.4598384749785921,202.79445029653397,0
サ,203.1716483111315,220.4690424355997,186.53249619419915,9.617612861866936,205.71962366096201,0
レ,178.41374997190027,184.33730215524272,171.13818153712066,3.9420426004032096,179.14719111054853,0
タ,163.54859564055081,193.3042411006323,125.03957677749813,14.745979926714663,167.42494168356177,0
