Mora,Mean,Max,Min,Std,Median,Accent
イ,294.3277039121448,341.2232606899511,204.10598812637014,40.18071646696718,298.16027561087105,0
ン,336.21431635323654,341.0557403009072,330.11808963832704,3.299924158861439,336.7154656995189,1
コ,297.9348099764797,340.53342742434563,271.1850919221202,19.121300936722136,291.59318906832044,0
ヤ,215.0327132483143,261.90345335956283,159.977486690109,30.274158222616737,218.870968912278,0
オ,155.80996019805394,164.98690303281452,151.0688651980292,4.0419988016856205,155.18059155200166,0
オ,175.64747894906944,190.88984575881898,167.49216424502455,7.879858948706537,172.88440844866994,2
ム,203.73275784031225,217.22135737434448,176.42196574856615,9.022854742552711,207.74033291338313,0
ト,197.757804072912,230.0370174366223,180.05722191819578,11.512011497575232,196.48255831490854,0
、,0.0,0,0,0.0,0.0,0
ナ,208.70992351459168,225.3186842623563,186.8560734078667,10.589044946656454,208.58352295790934,0
カ,266.72491718701383,315.7593760602306,220.65097191859994,35.44919479067838,286.45616361976784,1
ヨ,244.69396585319308,283.11589448891783,187.55809936284663,24.647556381490624,245.0056807276064,0
ク,186.74128782613028,190.6603479034547,182.06583632731946,3.0630411496721894,187.11948353687347,0
タ,173.77805030725168,180.8636895712136,170.5924966345219,2.9179780416917125,173.60332601363018,0
ノ,183.8393971485771,199.00100307388564,165.76408038712694,10.130961988796399,183.65600561473968,2
シ,198.92094608277662,216.5958657766698,154.4812381722435,16.43142258615808,202.12712076088098,0
ク,163.21698358515133,176.8837527700524,142.07997118892595,10.57358381250519,162.12634363152068,1
、,0.0,0,0,0.0,0.0,0
ス,0,0,0,0,0,0
コ,272.6250881121109,294.95037200330074,250.1011654260682,13.673544126766185,273.4468825186418,2
ヤ,327.8944041740549,345.93058406916407,290.0380281490269,15.72866281044702,332.1251050764374,1
カ,261.9218132239594,314.00617772516057,229.690297432569,25.111067643917906,259.5984104794077,0
ニ,193.18426230306002,223.95641015222043,155.19608865990847,16.540919821834017,194.31584442171146,0
ク,165.55529686380962,197.68388820687923,140.3839723553174,20.145119358282024,164.7262966128494,0
ラ,167.58394053553786,187.2149381143541,161.18476077557807,5.714144422255966,166.6476681334954,2
ス,176.40265188187158,203.916046207853,163.23117034673967,9.960510213440145,175.29008694493896,0
