Mora,Mean,Max,Min,Std,Median,Accent
ル,246.1872279958356,295.0319888483759,198.67369834062072,29.00931084899218,246.53046170630267,0
ウ,310.38433863545976,317.06619156816686,298.598018103561,6.014092563058841,311.997666028445,1
シ,250.85592197354774,317.3152638452314,205.8959126646825,39.918681940740456,236.88043417631494,0
イ,200.31844241709933,204.952310689298,195.5241892785093,3.378374257370254,200.54947119439345,0
ワ,158.872543237135,193.24692375798222,130.8591317860809,15.720761118636773,159.78366557318947,0
、,0.0,0,0,0.0,0.0,0
デ,198.90477473802665,227.73078789928888,181.22832278813658,13.596644587982825,196.0724791190007,0
ン,257.21731232653315,273.9225921536854,218.7376672830695,16.399155682792554,264.11259192060686,2
ト,294.2600467439587,315.35140388194344,288.5621125312664,8.267370817203155,290.66180706778823,0
オ,287.6442232247494,289.377014954185,283.55857128967074,1.536176320349157,288.1146284487846,0
ノ,280.0842678107099,287.1455927879836,271.85748450815305,3.4743423978609074,279.631270015954,0
ス,276.49131417073846,305.71614186184786,232.14168744612022,24.181682770751184,284.6152497098952,0
イ,324.4840275152804,332.27770500680725,308.7851161604961,6.716837445481303,325.7870463038619,1
ッ,332.9183654463805,343.67360093269895,321.8803403666592,8.899308174999842,333.20115503978343,0
チ,240.29572010481746,247.54460763782168,233.0468325718132,7.248887533004236,240.29572010481746,0
ヲ,201.88573895940598,236.10471919834967,181.06781451144357,18.345975232263154,196.5947356677757,0
ツ,159.2105459929131,179.42476590662466,136.30468858884853,16.221220770522592,157.7142349786471,0
ケ,182.9125436326323,205.36535599506462,171.16801735909024,10.690407809161412,179.7404917445984,1
タ,147.2840730597808,165.61011722439787,128.05625382088482,7.831940156164696,148.4889952856252,0
