Mora,Mean,Max,Min,Std,Median,Accent
ド,181.56313656250043,190.35346846217365,173.62844724718772,3.947644549876382,182.65598840886716,0
タ,225.80689005760297,247.25514002796615,165.28891568723077,21.067319268931357,228.63387861716427,2
ン,270.09888711652553,289.68506270334876,242.079373234276,16.732457332077654,272.8633841474707,0
バ,287.21505612096394,308.0326812862627,268.2620696604292,8.219447134738385,286.15773705220147,0
ニ,286.35630446247615,291.2085739935198,278.22915638107105,2.740872156947367,286.0578180660346,0
ナ,291.740319072135,298.6069267265939,280.46286578746816,5.248386945398001,292.8772304454045,0
ッ,0,0,0,0,0,1
テ,155.2314655652546,202.02769605284598,114.71701962321652,24.121615615348713,152.20895339935325,0
、,0.0,0,0,0.0,0.0,0
コ,174.04247003497133,185.3018178925519,160.4550865858092,7.8403207747479255,175.31815205194138,0
ト,212.13180498879956,252.21037640850682,169.91185399041095,36.60195860454011,212.48863820363246,2
バ,273.70800940434833,304.3188438763772,245.13785040320883,19.961223453444557,276.8848496922766,0
ガ,217.0768188803867,278.0274671553548,167.69191318130422,37.431575706137224,212.4794141225213,1
デ,201.9143185971568,280.5241363181967,136.84308060654675,49.897565816953424,213.624617574354,0
テ,0,0,0,0,0,1
コ,242.00452445855368,315.06757563395274,223.6460236544969,30.216681278239626,229.24337369278675,0
ナ,256.7773168829675,281.3266045579278,230.33052445791077,13.773779216971702,258.99008927244523,1
カ,184.83879168942525,247.06198114156615,165.36909057732993,28.647966356711247,171.02313436045827,0
ッ,163.45940925044226,163.45940925044226,163.45940925044226,0.0,163.45940925044226,0
タ,147.27240065959566,172.01455810674685,132.1071103166059,9.41139923432371,147.2184100965328,0
