Mora,Mean,Max,Min,Std,Median,Accent
ショ,281.89872311289975,292.7779834692614,277.3330510016147,4.781705466829197,279.93413843794235,0
オ,311.551837443449,322.8763810826623,297.72829771860836,8.098879340736268,312.7547129062085,0
ス,333.4108472688216,352.6442704952553,290.8366930477535,17.344241390365248,327.63194033697164,2
ウ,343.56397488344606,351.4464781717824,339.76537217866434,3.328292003042768,342.6691964576471,0
イ,336.02495351132745,343.8777200805595,304.9570727705056,11.918418899548364,342.2098401980257,0
ケ,308.6613580321999,345.7257789312879,287.9877259760475,16.3595180279898,306.3360065272529,0
ン,278.07841834028847,294.8268479602442,260.18196711082294,12.118353324899783,278.96891497888737,1
モ,198.2694616395912,254.86126218577806,165.6036432362521,27.242879146739185,192.25390380990206,0
ソ,186.92656236089397,207.14492422821127,160.66768117101591,17.475859892477335,197.4624070083076,0
ン,234.055283659939,253.1925928854095,208.0146755496014,15.557094337771755,235.38085100124425,0
チョ,266.10604009993057,287.4401812317486,229.7401235511983,20.63952794281221,278.46521202180327,2
オ,275.898406804473,278.9190902324883,273.9165492145681,1.2993758890928895,275.6828933477225,0
シ,270.3107329222897,286.87474810503596,239.80686912035117,14.794825174502412,275.14177153828854,0
ナ,274.31341124751987,282.8029567216223,269.3581151960025,3.8423165087324764,273.76554393810056,0
ケ,260.90306010484716,281.11616323305464,229.80860566998743,19.356081052012435,266.73549590700827,0
レ,239.88740071453017,272.9800796670834,215.11330386356082,17.38048459435173,240.997940182824,0
バ,178.06218869647302,212.16034021199425,160.5167497970421,14.93499189827969,174.0139305613134,1
ナ,159.4573728717155,163.05710243470017,142.4344222769437,5.226977628044951,160.92051827613506,0
ラ,173.12219564805628,185.60102045108113,162.2747410355643,7.830812091845912,174.80533513294392,0
ナ,170.3008023782739,188.5179924845557,148.17031403485169,14.434781970982334,171.54674443219437,0
イ,148.31189909946872,191.04020614135558,134.0596436084035,17.896116581279955,141.78466697097974,2
