Mora,Mean,Max,Min,Std,Median,Accent
カ,316.2273767180739,334.84591305087105,275.880313475845,18.06839068010895,322.89034105375384,0
ク,276.5597104350949,281.60958353789005,271.6717935839902,3.4279812289915657,276.56481161663874,1
コ,197.28526897214923,219.34327623155156,182.8115465255683,12.733247405770205,195.64545600124578,0
ク,201.87391935844593,223.20178460749253,181.1815454654347,15.664367166490386,209.26602934759737,2
ミ,209.30162795147604,216.97916275298132,200.35252526626235,3.3732319092023895,210.51437585039008,0
ン,208.65385655925456,209.87720899877684,207.9260603553067,0.5468155637775326,208.6320494373982,0
ニ,204.1858927258815,207.6740858990435,200.13726676435306,1.7260797902723315,203.5859838097305,0
ワ,168.48029557080142,199.5434426818587,130.25743975164391,19.197017096202146,172.30541213209872,1
、,0.0,0,0,0.0,0.0,0
ソ,198.73842497799671,219.15908114778523,189.82923088371655,10.403660034803101,195.1095047741629,0
レ,215.1852901554154,254.3691381167472,184.9976225528126,21.802544511144085,209.91372546290785,2
ゾ,247.26414696337005,265.15056681369714,230.79731228861854,10.069108131947733,245.55462273512885,1
レ,181.15328508600427,229.31775253131363,144.12633726664097,24.042185766510375,176.53982451678607,0
、,0.0,0,0,0.0,0.0,0
ド,165.81359286123217,175.59616079877478,158.0003762009759,5.189742206947903,164.56116060492087,0
ク,134.1430242209759,149.44200930997934,124.66643772605978,9.088381716331531,132.76675599281407,2
ト,230.41354040804,243.0527686710119,201.0929869538554,10.072012490715048,232.59535179630856,0
ク,215.04926303958257,278.9745028927343,162.35737696212638,41.109370764801355,207.59154550263492,0
ノ,248.72358464413185,262.4434019140078,230.09041060225948,10.321775295794232,253.55387242294896,0
セ,243.40049525562912,253.91832526333573,227.50681196596312,7.525155465317466,243.00769804876154,0
エ,237.69373088623118,242.1570992528826,229.65830068457208,3.0665943870285526,237.97099570733536,2
カ,228.45912753839033,259.20091228126046,203.20530457704047,12.944757431857955,228.12173630940757,0
ク,214.0937665509931,250.20479660420784,191.4217268568692,20.253092206455428,208.2386673936137,0
ガ,218.47499969801615,224.71462358852938,211.47992989933218,2.9247159010394537,219.1511479434713,0
ア,206.23253963374043,209.61320078521015,202.77380388827464,2.4162050001862774,206.0549288836615,0
ル,152.5983856290667,200.4054969721017,124.15506468910405,21.25234172830201,143.66330369092515,1
