Mora,Mean,Max,Min,Std,Median,Accent
ヨ,192.3878058097587,218.5893666879654,186.25548869473783,8.57600728793852,188.5912203503104,0
ソ,227.81193293366158,310.9921573567349,190.7760352416106,49.987497181234744,196.87531570969642,2
オ,315.7823574146336,320.48023651396056,311.15338562221694,1.9445067404817464,315.4810021765232,0
サ,300.19113018091474,309.5127109717234,290.98936388508116,4.891106898009645,301.0863112499038,0
レ,294.7158334600393,311.6907407948401,258.1625156537463,13.887348759872223,300.6054945607145,0
タ,303.15045168660265,329.7104879371593,293.26145919607904,9.812258195019837,300.06055140806023,0
ト,299.319008982442,321.18303320212567,291.40466063180935,7.902232116374183,297.2747552384129,0
オ,279.84709559846937,289.56226568845267,267.5410138565751,7.27426013659922,280.7702756101718,1
リ,179.57920586172716,262.17693701107055,134.9533937606694,33.52748144564769,177.06503826651505,0
、,0.0,0,0,0.0,0.0,0
カ,252.7885667036347,266.58384366052417,226.61973239208137,13.055302025520652,256.78265217006486,0
レ,280.3921020442499,310.7227927972074,246.7183466532959,22.823795591157758,269.87225631243,1
ラ,250.39965660434308,307.3251677340016,189.00019809558165,37.534368930266396,248.1006273488589,0
ワ,170.7034911293313,185.24875969349736,159.0494404847816,7.954633748431772,171.81075209070696,0
ア,154.06853655814285,168.2052378724286,146.65777430724134,4.79759929370427,154.01971885997133,0
マ,176.1152930309899,192.706438707096,153.1519057020669,10.93318817545722,178.40140901801578,2
ヤ,216.012159273642,230.97776886161998,196.1047714032312,10.639215161116248,217.47734533941838,0
カ,244.4085578456371,276.8912309861972,224.6357357443629,16.58292459114644,242.87340970977775,0
サ,237.580984290381,245.15264250359368,219.82623362885724,6.612579940597867,238.95369706595784,0
レ,203.12232966058838,236.3967881502166,170.25156086235432,18.231498215380135,204.67928780006875,1
タ,153.03137446317322,162.12390436252244,139.13732820054426,5.791444351067904,153.83771176958828,0
