Mora,Mean,Max,Min,Std,Median,Accent
セ,234.73383837724333,235.4770277384493,233.99064901603737,0.7431893612059639,234.73383837724333,0
ナ,240.8938746028494,284.0522579909175,204.53213530529874,22.95082962759947,238.13585535043055,2
カ,283.5240026900272,327.1077049706902,246.34935629314202,25.532222024458544,296.8260941883679,0
ヲ,297.9362881372846,300.28837902146375,296.7665539153597,0.8926100586569645,297.7662909362854,0
ソ,293.3862515277934,300.8000647022412,278.1165306848117,7.319949557309242,296.8964983086355,0
ラ,292.4307367740446,304.05323485204843,277.06048050746233,6.421047400351114,293.2538335103482,2
シ,283.920741115956,303.9036557410836,255.21647999141328,17.342628619362817,287.9686480852451,1
テ,211.24240903354627,240.02313447982908,189.33728454146032,16.39385319230646,210.1244375627849,0
ナ,190.20709895962688,261.7183227400191,152.36331796695916,23.95646630859227,184.56913874021814,0
ン,313.5595319341196,335.8701920742672,274.30281202617056,20.650804527524013,320.06464995394856,1
ト,289.9190530518951,329.92336928939227,250.3244096139519,21.122942795100915,287.8805027248642,0
カ,201.600605568771,232.5652371032158,166.63044780202603,15.93097963639678,201.91766868429048,0
カ,213.7541561904041,236.10846573522022,168.09863256643857,23.402681342016766,223.39717450214096,0
イ,248.06962865415213,253.12919005573357,238.00303916172078,5.001628960691799,249.95232109892834,1
ヒ,208.69174583996173,235.55088321031235,182.25149127440216,15.212567112145777,209.87141194165912,0
シ,180.11485689043118,204.9059409116389,155.16776779255915,18.09327810227515,179.6918788122253,0
タ,171.59016315542783,192.79820189293736,154.3264478664582,8.917340930145677,171.013499677565,2
