Mora,Mean,Max,Min,Std,Median,Accent
チ,0,0,0,0,0,0
チ,0,0,0,0,0,2
カ,308.3317176957628,355.3173596975617,290.4002119011096,17.611296759528095,301.95776043652177,1
ラ,238.26486639202042,285.2446715233753,192.04303095415142,29.072113000589717,242.1416466241218,0
ワ,177.58083412871713,189.37300609509245,171.3369320197381,5.788984516759998,176.52094012863614,0
タ,191.08608566742797,208.5883938156868,170.23853126799534,12.59423100662053,189.70343197738103,2
シ,175.16378708618646,193.23216191734792,145.35853230571763,11.306909911090672,179.43337817101857,0
ニ,176.74654107991861,187.75467559407187,162.10073680202447,6.0812135660792626,176.10714390801076,0
、,0.0,0,0,0.0,0.0,0
コ,200.76459786592326,206.72228929677806,185.62129334769043,6.058973162783856,202.20137611810844,0
ン,240.38888352709665,259.2800266702333,207.1266060622057,17.48921588186006,248.20137461055776,2
ピュ,291.6170340634264,311.81818700872805,244.82535579025142,26.081529980948385,307.99037153240346,0
ウ,296.1189506141178,306.80007266983984,239.59074206115952,20.99190260934616,305.02451323114775,0
タ,285.03425644247955,334.91005965397505,243.62867076321726,26.490231216459687,295.40438865536737,0
ア,296.759921530435,298.19272020904606,295.4817283816549,0.7498305684339094,296.70754168241865,0
ゲ,283.50521762204806,301.6885054643415,258.5958971494876,16.098812911261312,287.79069570198794,0
エ,301.4966152505376,302.2848303870899,300.51727717645593,0.6336792648433778,301.7243280538189,0
ム,268.14182376347014,300.7200422784292,228.48285320313548,20.65605003214105,267.7716763574076,1
ガ,196.54699572435277,225.12232308988817,172.93252847781287,16.134771800127034,194.05723990088208,0
ア,162.07045332939845,171.3738335502399,135.4090825306712,8.891361536101149,164.3619351722501,0
タ,165.1214772459279,183.25771106879387,162.6298013517707,5.1874423593304675,163.5740120919926,0
エ,167.51198654100122,170.6005884010521,163.32114672668476,2.342529032975073,167.75777551679835,2
ラ,166.69467940410564,171.10783202183703,149.23008584730994,4.8069928062678615,167.90515356783357,0
レ,162.86342166554743,168.7192285002568,149.51206981907728,4.7830174522067415,164.44585867449595,0
タ,159.97672383045762,173.66168058098785,150.0785849533664,5.9609486234947635,160.00350412686697,0
