Mora,Mean,Max,Min,Std,Median,Accent
ゴ,198.7979371470564,201.44702216606822,195.50944879226037,2.281426327067838,199.11763881494846,0
ヘ,210.1081952224519,265.9878811951681,169.9454366457827,32.56281011486304,194.18379445956373,2
ン,271.93352175308877,275.7959700107215,267.42075269223164,2.3503922564546285,271.4836867188605,0
ジ,260.35897378658797,291.55225949927507,241.2342067349404,15.483574179341977,254.91977462684804,0
ヲ,290.5903514641682,295.71134238838107,284.7538087036428,3.2917281358585115,290.32932704828227,0
サ,280.0066278892801,285.0530946165344,267.47665731900827,5.187043134620024,281.31818349382826,0
シ,262.1649392795627,290.96825791215747,222.3926993199453,20.388262494613404,269.49739756336186,2
ア,267.6871389180233,286.0681611882683,262.39477385660643,6.660473451361068,264.4429882118681,0
ゲ,262.6472425240452,267.3040384781063,257.12502005556485,3.07659429156559,263.1912210533768,0
ル,249.06908651207752,265.9504395131004,224.9112448553144,14.575628467508915,244.890229991288,0
マ,257.0946353715477,266.4025053424937,247.03333044530092,4.438459878177696,257.09241004982135,0
エ,239.6459521565629,246.4324261821283,230.74239780736437,5.402494979753886,240.6740207869911,1
ニ,163.95036671240211,225.86166625093196,113.7374189159627,26.652881807837726,157.6447532493395,0
、,0.0,0,0,0.0,0.0,0
ヨ,243.8521863097152,273.78683965967446,192.87580738629927,25.502047173309794,250.7423581637475,0
ク,243.2542079596278,254.43648061463907,234.27501125589745,6.209446062032687,245.08017441672328,1
カ,181.5925489344356,233.9314396818462,146.01075908865988,25.402129803220557,170.46998734538764,0
ン,165.50132605119236,171.87715875211927,160.86939573055096,3.9011059468849583,164.47720631574745,2
ガ,204.05202728953182,224.57129807396515,173.2437238767109,16.57030253861507,207.83760611345951,0
エ,226.86106680240152,227.83685733466515,225.84711981277312,0.7601271501376824,226.8465479639645,0
マ,231.18786053131663,240.74042068919513,217.97092669181276,4.793745094268606,229.99435259797588,0
ショ,217.84445787623721,239.54383766198364,184.08763706663456,14.535563316405177,220.2496497085331,0
オ,160.37269819334225,179.64281193336254,146.5250265382565,11.024602906148905,160.0922495583019,0
