Mora,Mean,Max,Min,Std,Median,Accent
ソ,326.76900890836765,348.94735953009035,280.2765325221904,22.36520991158481,334.2370331419901,0
ト,401.96392033434404,413.95793808244855,387.671952437064,7.396846641228588,402.48529235914975,1
ニ,290.73388484387687,379.3083277309786,217.66542992401762,51.0288417633083,281.47745099195896,0
デ,203.45219118761653,213.5940585694872,185.2665988331584,8.014645230342023,206.52927482032547,0
ル,191.3857007755854,206.28089963866347,158.53521005651882,11.541477872174239,193.10805143454616,1
ト,138.3655718662459,188.4758086366355,84.84291109132619,33.90605779863501,147.79616779101937,0
、,0.0,0,0,0.0,0.0,0
ス,276.14976021515093,284.7662346827929,269.63373046599907,6.2955301203847736,271.9843752712717,0
グ,298.8391192763203,332.3072844540639,273.01251945973223,21.292226777424343,286.6153074616085,1
ニ,249.92343201505943,322.75520109162363,175.8111174784991,44.595337344087035,249.09771239088056,0
ア,176.03645921377998,193.1691892718925,165.1625815043562,10.003886373455732,172.47169876437482,0
メ,211.43747245054524,240.6153301607687,184.7905927821979,13.11912710431348,211.09229255233814,1
ガ,168.74790542264586,191.87987188730312,151.57622669414536,13.32644119297403,167.12233433111595,0
フ,181.65734877997215,212.45174534537307,156.31826909001012,14.08303768020566,178.84458906284854,0
リ,182.88789001620907,198.9256900924758,163.97709376254497,11.334355110324193,181.06908796781946,2
ハ,204.29156233139494,227.09207436559691,181.34771165590206,15.003048074747445,200.7867785429361,0
ジ,222.77711704744672,242.52594749199793,208.53167258738964,9.314310024338969,223.44280711356558,0
メ,224.603128017676,249.80091884269603,172.84003304411738,25.600768952284813,236.76903893963475,1
タ,151.6062197063709,187.7173973980444,92.07187939061822,23.077175179335935,153.5188660892817,0
