Mora,Mean,Max,Min,Std,Median,Accent
マ,223.15737878582019,257.9074163678964,189.76946122296638,17.81788348292126,221.9581784685187,0
テ,258.3292087211737,280.13278383261155,226.6930799556214,14.987985780608403,261.4389575875105,1
バ,202.46945902565798,245.76451248336122,169.86512126261923,20.786633554827745,199.61683832365628,0
マ,181.5777383322875,240.3682417025107,135.23994461330685,25.48895446755855,175.7802035903605,0
ツ,241.28647189419505,255.9693325326954,218.61774012485247,16.260708617999427,249.2723430250372,1
ホ,210.63243675501175,236.0238934419633,192.50069085783196,14.322823409863998,207.42077080943966,0
ド,173.22598824881152,190.72630334757284,147.7336052913436,12.283541562134015,172.68613675657397,0
、,0.0,0,0,0.0,0.0,0
マ,158.0361410749201,168.9109789454316,144.30122722707014,7.211155687901841,159.4705488178622,0
ス,232.98264686305714,272.2445045001488,166.87619692993945,44.11239131643571,260.28612910397334,2
マ,286.28853377547205,304.9450631347928,266.76690839579095,13.186811727802263,281.3191198075733,0
ス,266.17456615740866,309.4599097526957,209.09517810710776,35.08834032345979,266.6674221096557,1
ホ,178.757207246419,201.9480633592121,148.63873968858965,16.07828931604588,180.59569224181735,0
シ,187.1067744382547,221.40809967115146,151.25459675312507,20.381603821986385,179.3885062009417,2
ガ,224.44680645983848,239.56802244594672,206.7814541788657,9.466022652296397,223.7215715261368,0
ル,232.7909563735312,242.42208751914032,214.51030112772943,7.784793044115899,233.44194361575168,1
モ,190.0856076580935,225.35450630884154,167.7829146284889,17.733471526501923,185.73927089403207,0
ノ,173.0669803995437,177.84015515231422,163.1472783638893,4.110603391326412,175.19546565307178,2
ダ,151.66049945849937,193.804702206692,125.65576717645732,13.56561579022925,151.27241607368003,1
