Mora,Mean,Max,Min,Std,Median,Accent
ミ,198.7248380047942,210.69096311262254,187.068797503392,5.919460161792682,199.90899439249455,0
タ,233.77092093610912,269.6602025509331,164.14471180317906,42.82681821171954,262.41665674896376,2
マ,274.49151846776454,291.80992835110254,250.6021853541108,10.87360984409104,273.98428840578424,0
ニ,271.4138997853595,276.399516766007,268.2813001749512,2.536054232453998,271.1292466063199,0
ヨ,274.5761775718619,278.8366422097896,270.0274220282344,2.926223300903553,275.56998504191097,0
ッ,255.9322854152751,271.96649328157633,242.42602194665153,13.206489988657712,254.66831321643622,0
テ,267.7320670566591,291.83586320479355,239.28109583561667,15.253408154857587,268.84182305747754,0
ウ,266.281626323074,269.16089240718856,261.10043333925023,2.4583462579991546,267.2851133783294,0
マ,247.8651345149597,259.2578741137476,234.58106456810566,7.291989885959266,250.370228953991,2
レ,255.99845552309998,269.87773656638495,236.40019596301977,10.369108698771287,259.77795605758297,0
ル,246.15629783432658,269.79345413216475,223.6421260119311,16.740319361659598,248.37734168968936,0
モ,252.1793831870479,262.2471981923692,238.9612917427603,5.900373583638428,249.03363435894178,0
ノ,257.29388346006874,268.18353926726337,243.7213141483125,4.92878327854534,256.9361790649356,0
モ,190.7962768971755,259.8392235473935,102.46721469412171,49.748856898436415,193.56500349546053,1
、,0.0,0,0,0.0,0.0,0
ミ,163.6340895849319,186.31741314098187,146.25442248399204,10.660476752907224,161.90544269499551,0
ナ,173.09709421759845,201.43350829300314,163.27445260795002,6.419987575633375,172.76588619530452,2
、,0.0,0,0,0.0,0.0,0
ソ,177.47007033396784,190.61550252754748,167.88941470158701,8.810230943893517,171.8456542388682,0
ノ,194.12406793614633,224.82011486516058,174.4563603601512,14.654325984931488,191.48277447946987,2
ト,265.6618636503424,277.6678879341034,214.81031813267853,22.757959756086354,275.3311798522434,0
オ,273.59975810122205,277.3776317459596,264.23880232796415,3.9741225756303757,275.6095061203901,1
リ,210.21941028679055,262.36980776555987,165.8858567601054,24.974955051637505,206.92222903009326,0
デ,152.5784230419651,168.89452044749547,142.0526024508997,6.2570671357235685,152.80977953299006,0
ス,160.23464157230984,164.8807622564611,156.50343968717814,2.322518391133568,159.82665771086351,0
