Mora,Mean,Max,Min,Std,Median,Accent
ブ,259.2463775754855,277.28414426150835,243.41327948126585,11.2903661743301,257.9893070176155,0
ッ,243.45449048217506,248.71518570404064,235.02147867922602,5.070674584574714,244.6485220271873,1
カ,255.13470301957395,289.5570848690118,231.1635582173541,17.09977071601963,252.5546043586113,0
ワ,191.48126722827888,223.7644200843952,167.54087328595392,15.877409116452414,189.41450867104538,0
ヤ,161.42094627634864,187.32396694115013,148.39058712848396,9.990686136147868,159.85378430824045,0
ス,213.573404594198,232.00304643763374,192.03948217503796,14.728307034886752,216.2865130349831,2
ク,307.61032965049066,342.19168674030135,238.51107476100728,34.57860330148999,322.3856944801243,1
ナ,263.92136818494976,314.83178073756886,227.88956562345385,26.174247704990268,266.16182441028116,0
ル,199.35822464844983,225.77079377808715,180.00274842094365,14.129783298908585,194.71905025906096,0
ド,166.9235772482789,177.59504342485153,139.53116096466192,10.703388107754794,171.4450623480136,0
コ,159.2353886125051,199.20895276875262,128.1043456437932,23.738534128414756,153.45365859816218,2
ロ,161.66827735587322,175.67313412146316,136.52600001362563,9.147255716734078,161.94889983019675,0
カ,139.4001357573623,164.3121616411527,130.13577659840473,8.818913915201707,136.97051807276642,1
、,0.0,0,0,0.0,0.0,0
タ,240.3180259728456,252.08579268604544,223.38007639678725,9.453436366569514,241.53031607092956,0
カ,277.61998527374874,308.1143428657684,219.1262094550217,33.27188511029871,301.67598151227816,1
ク,268.61100693483286,327.4549864029465,233.24007234987135,24.79705356915028,268.5477905783092,0
ナ,220.6232153234473,262.38058584611036,195.25485033227702,17.961573360750936,223.0265928137644,0
ル,178.11822980576042,193.7490057654478,158.85760923758076,9.38297570567312,177.75472953534,0
バ,161.2022687261174,199.5890918944792,133.44851157957714,15.22389967086196,162.84019897654403,0
カ,193.87980759036344,239.56183569395859,154.90288954157057,24.90429822838141,199.8901045030379,1
リ,194.68583459929891,208.69834919406009,176.11661257391043,8.505791227833853,194.63733820445427,0
ダ,160.2568440024547,175.1508788680368,148.20360849340284,7.530616686912388,158.78805214395157,0
ッ,155.31880718044346,155.40918131833607,155.0549476732881,0.15234908450857323,155.40554986507482,0
タ,139.87400432060312,178.12517602760985,126.51654397994612,14.309708475762513,133.7106097544364,0
