Mora,Mean,Max,Min,Std,Median,Accent
ネ,193.43262531926902,203.66122498168787,184.00231457096828,5.536915131876878,192.6401044173755,0
ル,240.77526448409432,300.172198495217,195.00079379093862,37.2471384355764,227.85710114319528,2
マ,315.37777605079145,343.6489423160032,299.9738212411786,10.85745011786885,313.5581580454117,0
エ,282.3875933931029,296.0347143552068,266.6445442514015,9.725876992209542,283.2602142308938,1
ニ,193.2848121346186,261.48490943809844,143.78248305794438,33.04037754364627,191.60254266357094,0
、,0.0,0,0,0.0,0.0,0
ア,168.71440392655543,175.71465974927833,156.1580667339622,6.353593786684594,170.16999225887412,0
カ,215.40721645622145,245.65024577319647,159.03581171615303,33.93744047907132,236.79319377416968,2
リ,251.05864573032196,283.2619334444083,219.1255684662846,22.22593627319168,246.48407812321815,0
ヲ,278.585011319572,281.3356841955801,274.1493445718234,2.123861487931566,278.5822983541627,0
ケ,266.32489233702086,281.97002517142903,225.17896234570657,19.0360547985119,277.7701989046583,0
ス,278.5351267642559,297.60809406587674,260.13170270247065,11.465352320436194,277.1560323267845,2
ノ,261.9621315396299,309.41626956032337,190.43213895998917,38.298303018668555,277.8717857002124,1
ヲ,176.21591486504397,186.45955109358397,166.19895885925297,6.895232933514606,175.9825779076363,0
ワ,154.62789658615068,169.86959468990392,146.73853854165435,6.610809432333598,152.52151844670266,0
ス,192.15580160327886,233.01349763753538,162.69397769760175,28.023540794828246,174.94962047697507,2
レ,209.01743575925587,224.26793064686854,188.2764165993059,10.734136526306639,211.37103066913733,0
ナ,223.99202292212647,248.00873171803116,209.82671193059494,6.8057128982933435,224.65634396058766,0
イ,225.84039890013423,229.0436258972268,221.65874557384478,2.693138211479912,226.35854181050604,0
ヨ,226.58819846053058,231.65266163977407,221.56463188258212,2.9268294764132836,226.19365050754664,0
オ,212.6015672067546,221.42379363425053,200.3943917177317,6.813668554079651,213.4759030010448,1
ニ,169.0478776829313,222.48424426680123,136.34147934934842,26.573091305546626,165.911601300779,0
