Mora,Mean,Max,Min,Std,Median,Accent
ド,213.06335581881586,236.2678648739214,202.31931828439912,12.2806082492344,211.0998365876062,0
ラ,235.34093306084307,292.4049535726148,191.51489342566006,32.209837316731985,228.17595110952038,2
イ,300.5836925718705,313.9908306628809,295.0231705911841,7.160064215634291,296.56687597229865,0
ビ,297.9397151446302,328.35348770580754,237.77849285892043,26.488322420680493,311.43630253335516,0
ン,308.54674321217084,312.36238057445365,304.97310338157627,2.449527899668155,308.0528692873622,0
グ,318.52683648799626,329.82611234444516,308.096417838776,7.709190041152876,318.04922412228257,0
ス,306.7252782557047,330.26694269663074,267.8729099724749,18.63259748520531,312.65700298026184,0
ク,314.0041237930798,340.5697833800254,263.5264619246688,31.86017590668387,332.0343133164838,2
ウ,337.67246423639307,339.73158143499114,335.4395010704476,1.0337721040776813,337.94908757974633,1
ル,306.43048794789894,335.7963105498705,268.8910977163283,21.31750997076364,303.89951941560776,0
ニ,216.09176706463774,263.2545609098636,188.1220952466341,22.8193175731415,209.58932392371193,0
イ,170.25902481958693,186.07001355518253,152.89466403616626,9.252758705002476,170.08798238466062,0
ッ,146.85527662694165,149.40539642097664,144.30515683290665,2.550119794034998,146.85527662694165,2
テ,189.39065668627939,205.4269973800903,175.34061287916398,11.025875740451202,188.39750824293162,0
イ,170.5938543184654,171.98040440462137,168.16909487128063,1.091953161761807,170.79646726058758,0
マ,174.1553638510702,180.59531454037509,164.94148781163997,3.839356006616411,174.54967930947282,0
ス,178.0852478412646,183.46785448478127,167.0095622171582,4.856604147490726,179.74405139517302,1
