Mora,Mean,Max,Min,Std,Median,Accent
ア,240.3192572204557,261.42529392626864,218.35488617460993,13.290560286310496,239.11813433572988,0
メ,331.9772847034865,366.2833761995041,271.2312663052663,32.325756746959364,340.46061085692065,1
デ,295.2352151418644,331.8031490289604,254.68602871380364,23.441549902146082,301.1706390607024,0
ナ,219.09539195041074,252.89663119611265,206.83720673352562,12.351716866166173,214.9787265375624,0
ケ,191.32038484266442,207.9169569445715,158.607526594736,12.316938616403236,191.7208980915618,1
レ,175.55711875945025,186.5713737837472,165.31384368208646,5.463681837825042,175.58006257491635,0
バ,155.69965764511898,170.39107742768869,134.43608256388617,9.479429646534392,154.4483526305492,0
、,0.0,0,0,0.0,0.0,0
サ,250.27120411324367,267.5137440777088,217.1254095619204,14.251500365205093,251.26367159749134,0
イ,291.99501728274186,314.5436238934108,269.2439423088431,14.541853222643919,289.50517713398597,1
ク,262.7232882273746,291.6926605412512,222.56641225255677,19.049219473738926,267.9036432258158,0
リ,230.0349052499091,259.87102838229447,204.3170505864287,15.668313004441188,231.8867732593908,0
ン,198.38801104434526,203.46348599424644,191.87232013496345,3.658166362256524,198.47565670468742,0
グ,181.66079177353834,190.5840774347943,173.39410296797325,5.022293983188179,179.94434734763968,0
ニ,164.10710146589776,172.35315171455395,152.46001390656755,5.554586086348806,164.81594001896391,0
イ,139.8149110016858,147.3233273360943,133.15428228934462,5.177608488327574,139.39101719065212,0
ッ,0,0,0,0,0,2
テ,228.4755914677447,233.28185998786776,225.07709343909562,3.494368025595976,227.0678209762707,0
モ,211.46942625181842,228.4832005995109,186.97673743982443,11.99839724218939,210.26392451627748,1
ヨ,152.12121969554516,181.8927548023426,138.88365661154614,13.580483483192282,147.2965998066423,0
ロ,153.64004213762072,168.27231796245064,139.22971892574003,11.296607116721193,155.7551753892419,2
シ,191.42131983579415,264.26434798736375,170.01392212902445,18.785738990113412,184.63728913989814,0
イ,155.56532618822953,170.50242168480597,142.15945042600384,8.995799448412543,152.4328036454135,1
