Mora,Mean,Max,Min,Std,Median,Accent
ス,247.05742617563257,257.5842867725987,239.69692646367378,5.11149249278203,246.18256559159366,0
ウ,261.1241530553087,266.9072845475954,251.84991095865513,4.750634534546669,262.1306346944143,2
ジ,246.10542756725334,267.75669502059844,227.89644456571506,12.705032855135046,246.43129336472214,0
ツ,239.1643892621969,262.7119224603436,216.03037375019397,13.859094643848398,244.83797879903588,0
ワ,229.25278908268382,247.07336128336323,198.86649945625578,12.732743404324623,232.39403810418008,0
、,0.0,0,0,0.0,0.0,0
ゼ,187.50171925930104,189.5407485946716,185.4256831644481,1.229457259689118,187.3342526765009,0
ッ,183.12899442940943,185.32838245387276,180.35761624667123,1.7061431478507636,183.6016493015353,2
ショ,214.3621267589532,267.77091275468734,119.28303606122194,54.53262045690715,245.79310143456345,0
ク,230.46531555187715,230.71727734847963,230.21335375527465,0.25196179660248674,230.46531555187715,0
ス,291.66062901347823,306.36103681620267,286.00998600995666,7.269525241717679,288.2348968981784,0
ル,275.69294525614634,292.9922451878256,258.0500774288755,11.521577605720124,276.5366063018828,0
ヨ,296.8238930322697,303.5695424887296,289.09074015354577,5.048397690380571,299.0518851302746,2
オ,294.66733882258995,300.824769406614,288.55651142924523,4.081262327458738,294.76390418529104,0
ニ,236.89218064091682,286.50486942043284,192.45241720685743,31.408305334613097,233.34856186249112,1
シ,170.19024435749978,190.41776863156622,117.90775655231032,21.114308621601616,176.79249267433818,0
テ,183.79999940643035,207.75523256140147,157.90641864182788,16.85353235889728,181.5255583030946,0
ク,176.72545154538724,203.00645473581366,153.37168507879122,17.911172927850423,179.12778820524414,2
ダ,169.2242597646084,182.64207742913234,155.39141260054475,9.31528982604314,172.00609463455874,0
サ,169.31047460996413,195.49794328946254,152.1928787955095,10.756595856737388,170.34038505618847,0
イ,153.4545484172964,165.69526023276313,129.15984257374384,9.145153990924092,154.97192373431665,0
