Mora,Mean,Max,Min,Std,Median,Accent
ヒ,318.90688138061296,324.01483482242463,311.19692572775784,4.042876554770775,319.38179980631037,0
ガ,247.51987722202057,327.06233616702957,158.72155017857924,62.880125877424,241.05080840433794,1
、,0.0,0,0,0.0,0.0,0
メ,225.90225562383355,272.13266944226837,171.95338697214268,31.062465227883592,231.80801237075775,0
ラ,303.17645933550654,321.19636448837355,258.7189526420301,18.798594094111923,314.7695380626415,1
メ,281.16532333873346,319.19706774530505,242.21296453490262,21.895106080237678,280.5807069731014,0
ラ,197.7231733531639,237.04890933041338,177.90541804126133,17.473440444645803,190.93936090034344,0
ト,168.1892464961367,210.51976241821959,157.90958442113083,13.5733415274975,165.03060819073428,0
リ,201.169518634878,292.2447238273005,148.10311555156733,47.273746293368106,188.69678677058823,0
ン,320.60839244113765,332.6662855060422,298.9900611051805,12.120061504194314,325.21727640261753,1
カ,261.30119892832755,333.1672219444987,203.6108696433628,57.32407161599878,231.6851262529743,0
ニ,181.01176131135628,200.43181104210163,165.44504111348186,10.536457484882389,180.27580515308932,0
モ,156.18581037449502,179.458093680554,135.33633209535594,10.413898861707777,152.61443540622776,0
エ,186.4847807706209,194.82387246608005,178.38393501148516,5.4135463156025345,186.01666992405023,2
ウ,233.1515755611771,254.68593422495334,197.5984813544355,17.26048038523125,237.86488841221325,0
ツ,239.27802113801067,255.77678256227063,219.89772879942373,13.873010587102316,243.63598283613717,0
ッ,0,0,0,0,0,1
テ,216.3138416979243,220.7781873350879,211.84949606076069,4.464345637163603,216.3138416979243,0
イ,174.02190716240182,208.99349407234786,145.78746402819942,16.293391154957064,171.25787996799247,0
タ,153.73970907514263,171.74842911004694,141.1925618907124,6.223639320304698,152.80766271648994,0
