Mora,Mean,Max,Min,Std,Median,Accent
フ,227.223648276688,234.99569978099254,219.45159677238348,7.772051504304528,227.223648276688,0
リョ,245.35624423204894,291.8922928804982,191.7495231852333,33.749079148654076,245.79497318434142,2
オ,288.1306432481275,292.6010247802107,281.1573910341332,3.521019717740827,288.89101637715464,0
タ,248.10973067132159,266.12460956679814,234.13609124442024,11.355375439259358,245.84630430086668,1
チ,196.06091906431,232.09985762113487,164.39484002820177,22.355883066624312,190.01970631228565,0
ワ,156.05704430088753,179.01827145928334,127.96709009222252,13.151182817798077,154.01931847744387,0
、,0.0,0,0,0.0,0.0,0
カ,268.5384401258508,274.7786843571682,260.2828227147317,4.359636594464057,269.93823590026574,0
レ,286.3755296777764,309.3208239334104,250.82850732819242,18.420511249612442,285.5426143682643,0
ヲ,237.02086071740518,294.5934190214105,183.69506631133117,35.137073163734286,234.07829469330488,1
ナ,164.8971959459183,181.38430857245896,154.8111315487892,7.173447818447025,163.82810273685453,0
グ,168.47272766105834,201.59714753799136,150.067394526948,15.704173781516058,159.8975496949854,0
リ,211.2532523075838,225.95049712176973,182.29175142502214,12.48473133436263,210.54473896432995,2
タ,229.61466378208317,261.48803656075546,202.7091833544271,15.340066196749618,230.32095146580772,0
オ,226.10306459864896,233.48199101998844,223.80220428312677,2.8465665396782134,224.7966506901169,0
シ,222.5137473728643,235.5919446624231,203.2884133951709,11.58332273199579,223.412516796239,0
テ,178.65933595559335,198.51038403554634,161.04847134245097,13.50197084724796,173.6385164650946,1
サ,169.2611345157644,194.0108686977499,142.78998926178272,14.885999208427434,171.5012413754556,0
イ,190.03369561139453,202.76505100437373,179.22459040099326,7.312957050984397,188.9486593855247,0
フ,200.8700745003235,232.04759420146607,147.94317454546302,22.078748979524175,202.15247219855186,2
ヲ,216.38667449742786,232.44463224807436,210.11074283603313,6.7615299574282774,213.77795552885706,0
ウ,210.20186514627963,212.97854008307797,203.0772315698026,2.902013709366534,211.22587784823594,0
バ,205.7248182185354,219.63290524172857,191.4637368983769,10.06341344635174,209.8188642048257,0
ッ,216.22554152964008,222.31933311865993,212.6739513253118,4.328620903945329,213.6833401449485,2
タ,144.69818397634535,177.75550738109746,125.38959123660786,13.223986484491249,141.0739032057096,1
