Mora,Mean,Max,Min,Std,Median,Accent
キ,0,0,0,0,0,0
チョ,303.6794593202438,350.1007835667158,255.4774773896531,22.650560158926865,308.3625912967342,1
オ,238.3008750165035,249.7732173783823,227.73919927740053,7.474662023758664,238.0928437760548,0
ワ,174.39019044584944,224.46047868448358,132.60202862153068,24.443013388675983,169.5856858169081,0
、,0.0,0,0,0.0,0.0,0
キ,0,0,0,0,0,0
ショ,290.21069724260786,302.9319561866743,285.7177303450443,4.047333956390274,288.677934150778,0
オ,298.22075289622666,308.0446373793367,259.07444213721095,11.710882148971194,301.21551963774573,2
ク,300.32757382135253,325.2604665381907,233.05957626500532,28.142614346630637,312.2184468378423,0
ン,301.6319119545802,312.81623652295355,289.6573146215835,8.148770531548493,300.63721373772785,0
ジ,257.37547432801944,288.7560901898881,233.6308211990507,18.108172214467096,249.3581694552269,0
ヲ,190.20566225559713,244.5794727017442,147.1445716256411,30.505243794837497,186.2333989741785,1
ウ,155.9241709800057,164.6981244065409,146.38180516820807,4.340466665001872,156.64577287767278,0
ケ,200.6298297130811,229.65287205952026,152.3463041539344,31.990152848507158,225.90889770575836,0
ル,217.55480678065877,230.27672208139634,191.29134179677757,9.6693941894973,217.41495992188348,0
タ,193.42400855722104,217.19080864405936,178.46824122117835,11.1823272125951,192.0632477491968,2
メ,182.11409264407092,195.04165162569075,168.36302416090962,7.1362732626267045,182.892274744217,1
ニ,152.76140167451226,167.9722005098562,139.9687412835639,8.057172387318555,151.97183292951627,0
、,0.0,0,0,0.0,0.0,0
キ,0,0,0,0,0,0
ショ,261.1052517724837,274.2357156030173,256.1227131892287,4.692479600874919,260.2733669585052,0
オ,275.45391931360916,287.4469702215209,264.06752556862114,7.606018047130801,275.33694531568585,0
シ,277.75329701122314,292.353527165475,242.8246167717022,16.77692036716924,286.5581458389997,2
ツ,210.40719054481443,232.74087049751128,189.0826995963029,13.231715769065335,211.28384020250218,0
エ,164.32388382671672,186.69277317781084,152.1362950998749,10.316652123536358,161.4080529959653,1
イ,148.09120990447184,151.3109528257613,137.85555866341983,3.668418507765993,149.661748646729,0
ク,147.86110485776027,171.4656690316898,91.64309957469722,17.310465099067013,154.90206327098343,0
