Mora,Mean,Max,Min,Std,Median,Accent
ヨ,258.9762786070002,277.9523309091594,243.10639966369894,11.250898979599505,257.06668440156614,0
ル,295.78610969650026,325.4425116974907,251.59599396969853,22.812984138230803,304.1863643002083,1
ガ,256.68094594944233,299.39798673723465,208.1970276130315,28.500817189976594,258.90570875608773,0
フ,199.27865978295276,206.0267503995,189.5965026668126,5.5911954766812215,200.76880491161376,0
ケ,253.2115367690862,268.15539512312796,229.64414745393074,14.360953473513355,257.52330224964305,2
ハ,243.33651018447628,278.3570323402301,221.5181675770479,17.0760012016023,237.80576456228317,0
ジ,270.60814412559864,287.171968090922,257.4265640543766,9.437090820676653,270.079219171188,0
メ,255.5134206291793,279.1416154218424,184.83299693560076,24.794378468645597,267.3406423916331,1
タ,169.05480741638695,181.59505789168918,156.556359705627,7.0636765254984795,171.09632070668476,0
