Mora,Mean,Max,Min,Std,Median,Accent
リ,242.17484925050877,285.485745290433,214.48216251648,23.251330704441248,236.75277744443204,0
サ,313.87470663680045,351.7631403125791,250.2605818200136,30.90969716466929,319.7917600489412,1
ワ,195.76753964397182,283.5165352740276,150.26417814172484,41.16368776689835,183.91639760008778,0
エ,175.58610830523398,189.4296588905348,159.55827258385526,9.263506212329307,176.78411627298846,0
エ,214.61566104572344,237.8505206392889,193.72235082682462,13.761655684199813,213.28919580490214,2
ゴ,262.19070331085044,270.81517727744017,243.89660357004706,7.506690618580372,264.5962474688156,0
ダ,269.2004613754617,275.8950279488435,231.302229727505,10.309607062468196,272.2891913555517,0
ケ,258.195532005142,300.7765210246428,228.7761586995251,20.3400949753658,256.88119002024473,0
デ,230.3720471697991,268.33504462027827,214.59071575228273,15.087387103363548,226.69701723882815,1
ナ,180.68700064111744,213.07452612209343,162.57801038664385,14.315862562604874,181.78443316046315,0
ク,150.66934305573974,186.914766336726,123.44219119076337,15.62475474011111,149.38935299662808,1
、,0.0,0,0,0.0,0.0,0
フ,192.25148266997095,197.7683479627832,187.26252413293088,4.305198233381413,191.72357591419873,0
ラ,201.72021519839734,246.7107927490102,166.59371879525702,22.177388025936114,195.22251678419647,2
ン,256.8527622887153,263.46387166232574,249.57312052538467,4.412854673087173,257.4114272525683,0
ス,242.01424445003641,264.03801608706294,191.8277510922281,19.343537961344573,245.3012049007439,0
ゴ,240.29168001496043,243.5940940445131,238.3372470847958,1.7416222796756493,239.47422937701256,0
モ,232.8709043200832,239.08062101059684,223.07471017962985,3.839296872732545,232.0523079388821,0
ハ,218.61185389434542,240.0987899952951,190.8400443589542,15.741739787858839,217.46538880505972,0
ナ,220.77996828810635,227.8893295850051,210.4896486136796,3.5786617404536925,220.17620164014986,0
シ,220.5876184589346,257.7728070123233,191.75068040881254,14.786329826017152,219.69223141653563,0
マ,222.8155245224977,243.5943465590195,217.5110297289365,5.685839928688132,219.8757260136236,0
ス,212.08821156712875,218.79035282380144,195.07687632317248,8.093429752015952,215.05737196371425,0
