Mora,Mean,Max,Min,Std,Median,Accent
タ,263.9463576206053,280.25143276177863,241.83411993303744,10.803185721355561,266.14442394994273,0
ロ,295.10596145464194,308.9784733667597,278.13293198370746,8.960906260723029,293.97008341565606,1
オ,253.95835143719194,283.9045913045011,196.42643497252288,22.556016425090963,257.24440339506987,0
ク,182.21889342138817,205.27870659269234,164.6996291197492,12.318523716953486,180.49089105038576,0
ン,151.85894104219807,167.16822932625172,133.09892135177554,10.912657130777449,155.8977595417205,0
、,0.0,0,0,0.0,0.0,0
ハ,227.9429528472428,276.7524461595255,177.8019828292431,32.06667016245941,235.535953301115,0
ヲ,296.4871972877425,307.722390831632,274.87566469998916,9.738758636643997,298.8879538193416,1
ミ,196.33503080918064,265.7211508194997,168.82261311598313,27.52260842929248,187.9779870041378,0
ガ,178.38973053792645,191.97347424258615,168.88296269389414,8.10671849130519,177.7299671643267,2
イ,198.75203951610877,205.8974920725654,180.17866584825742,6.70720990919314,201.32061995226258,0
テ,213.92294724781544,241.27107619609515,193.9566780180114,15.00830414779097,209.76705474456196,0
イ,216.26836645981197,219.70686403406967,212.24916046753353,2.3699003667134844,215.99007156788272,0
ラ,212.2360528354897,221.8650737764045,180.2832663928049,9.804919146801518,215.954714744293,0
ッ,209.33838539236191,215.94730692858712,200.5981759026109,5.108195923948994,210.6471143443334,0
シャ,205.71150872163693,264.0281928903725,188.20968069463433,18.006602013060874,200.41694975553105,0
イ,156.73862450063564,185.57578038569858,129.27314734924963,16.144910468404873,151.70009098338159,0
