Mora,Mean,Max,Min,Std,Median,Accent
ニ,220.76760409874683,257.45613745271,176.17581012519096,23.941217137663138,217.2350028233074,0
チ,259.2968375461949,320.16156115439696,222.57057735957034,38.44593270702816,230.1430053582312,1
ジ,256.6120676728341,286.52155474067536,247.09107412601588,10.326150998131983,252.56569575718646,0
ヲ,215.2821764768821,254.2556826429903,185.1751075049169,22.77349776630809,209.9986881903078,0
キ,167.16345010746716,187.62529053452423,99.47477655374789,26.010406430691052,181.0221515047041,0
メ,165.80769988134296,181.14600780517446,157.94668326220935,4.973005367152831,165.6106084025301,2
テ,161.18276388335076,171.50372726679882,148.82535526995792,5.384521039897658,163.10907446859196,0
、,0.0,0,0,0.0,0.0,0
イ,175.85778066467697,178.88573945589275,170.50984406665987,3.34067860329564,177.01776956807763,0
ッ,173.15045349376044,176.5788083607146,164.58314131587395,3.954008338270744,174.27381618271963,2
ショ,180.56539423084126,240.71728302721618,99.21470139884002,50.962093067169114,157.34625299548935,0
ニ,243.05967375261767,255.0534509706253,218.23045736755324,10.4889995604426,244.7184687792045,0
ラ,256.2488742494807,312.3458448491395,211.42188639061445,28.22021172160386,252.8991624437828,0
ン,327.21706408134,333.8233831647386,318.4071503840353,4.765499828871484,329.0361825156202,0
チ,280.10160052417,322.7730832974462,225.88977979235705,34.612234515445124,281.41734838831513,1
ヲ,204.08394695792904,247.45001336281325,175.7333698552794,21.242439706491382,199.06613049078584,0
タ,153.68127271223685,160.3659315556863,141.44440002509415,4.531811148239654,154.374522415883,0
ベ,160.89960782816,165.16753035844408,137.1131167817105,7.0793098445011164,163.0903120443832,0
ヨ,168.9085985316816,176.43212254603586,149.02364476635526,7.236862546559789,171.03110389922227,2
オ,140.91290811256908,146.37454982297157,135.8449915756787,3.064685523456938,140.49014320602157,0
