Mora,Mean,Max,Min,Std,Median,Accent
オ,255.38146859572765,279.0566837337334,215.1472451675837,20.09303257606116,258.4680431090644,0
ク,252.54603682574898,262.1958476248246,244.79159784031768,7.230551079705475,250.65066501210472,1
サ,289.6938874584195,334.06005404636323,266.5088567863758,21.307300467601184,284.5794473902125,0
マ,223.1791945959904,262.2749084106496,183.17038352785247,22.845197814771918,225.03745203888624,0
ニ,166.7616025902421,180.35481135516477,147.03183986180744,9.896480759033139,169.33957598453725,0
、,0.0,0,0,0.0,0.0,0
ド,242.5476716804825,265.9878857953474,224.02518341584488,13.266054605194993,238.37874528389054,0
オ,270.9587752010176,283.08390874066384,217.21458596144322,16.352449196337012,276.67136947339645,1
カ,191.92998713921497,210.9777769534103,177.34758793792696,11.170506821113573,189.7722720255245,0
ヨ,160.40838233954102,176.36599327185442,150.51772905698678,8.425595523709386,159.07436754102645,0
ロ,161.20926176293347,190.9880177210092,137.15956319218753,14.19854930189894,158.67353465511815,2
シ,205.6448766682617,213.33469713608386,195.0991501883767,6.080728358306638,206.92918127517484,0
ク,242.18604052972827,275.28068532303996,226.52281668184582,17.00627402754708,236.87981627760732,0
オ,233.57229779089852,235.81804522564727,232.77695446269436,0.8140047962975898,233.2687867819574,0
ツ,215.7260855644735,232.53202038264,191.63819101376131,16.593519378662474,220.70986928529942,0
タ,246.62222334951304,269.5361778663474,236.8604715581395,10.585424819886478,242.9119316689551,0
エ,235.10726171720947,236.5030232555038,230.2605160516231,1.6718751914688819,235.73387044937306,0
ク,223.53158861901716,246.02155048293943,196.0153908510953,18.33119781761091,229.66354778083104,0
ダ,222.36868772993114,231.1660218089842,206.05674219202118,8.00402849550095,227.38416340589072,0
サ,226.25519876669884,247.77570293534902,198.87237770049677,11.344460101356482,226.7443022036405,0
イ,183.67380193226586,207.76787449327313,163.27303983322716,14.298688978588576,182.2849217028159,1
