Mora,Mean,Max,Min,Std,Median,Accent
マ,190.75403194646765,216.9710139258247,163.341306207265,11.076857177549947,188.31881520802597,0
イ,192.45713287125338,194.01035053155908,188.39612410571473,1.5790100414572752,193.06091398743334,2
ト,184.8287287055799,200.20536575999617,168.8890853264691,8.93034296793925,183.8866249473064,0
シ,184.51927847725824,203.4272213633417,151.8169264440394,13.019811859704078,187.9818774529424,0
、,0.0,0,0,0.0,0.0,0
タ,221.65841182032713,254.71971266352122,203.73477756960867,15.118526190327392,218.4982952536434,0
イ,285.18769545398214,305.0301924947906,258.0601496817294,16.299508194271386,290.38498661627386,2
イ,268.4422265057555,278.87972532679385,262.4405209163585,5.3265678761502775,267.08093008997486,0
ク,267.9537349583165,267.9537349583165,267.9537349583165,0.0,267.9537349583165,0
サ,289.9727983785086,326.9680707257455,282.0358685021423,12.081231895746615,283.7801850491736,0
イ,286.3008067958043,288.7483959958879,283.56431034679935,1.7269414213037622,286.45844298214547,0
ノ,282.2928020034664,289.17802257621713,273.1196114578377,4.144387523618229,281.9965461045467,0
フィ,289.1541247411815,324.6392922343787,256.1894649479106,22.016314585764018,284.1395022024725,0
ナ,341.09372930293,398.5559760691651,281.27740103691434,27.2332257057443,346.13755412302606,0
ア,255.55557956639683,277.366479325376,234.23649884790404,13.963141850124005,255.65387131599118,1
レ,204.37162334201582,230.1244145259875,188.48681918415573,12.68933784704195,200.32334344348686,0
ヲ,166.15254481983632,186.19225342428496,147.9537442677417,11.296457729985201,166.04209885762447,0
イ,153.1563486190479,169.17637130585882,136.8137862732708,8.268575930839916,153.72250630682447,0
ロ,163.35671372578443,179.69672150844247,143.90864475524347,10.990309097812753,166.04315358202476,0
ド,191.99299115387083,209.96578139982716,176.6248192144084,11.300812310317683,190.01403846461315,2
ル,183.25449919623617,248.52471903961828,145.90812573237685,24.810337223123984,183.1099982263869,0
