Mora,Mean,Max,Min,Std,Median,Accent
コ,206.10224626614354,229.41463037500375,180.73446850550417,15.827105309892682,205.62545779989733,0
ク,166.68619619621222,174.48512892299274,150.48079371315532,7.362712866171598,167.8895262985591,2
セ,274.7549446042143,284.10422053620005,258.382961838924,7.372765810947848,277.36817508519994,0
キ,255.25935478983004,314.54092805991974,216.01166802971338,32.37185072497862,243.39314690514237,0
ニ,273.63090507053465,277.38407609450906,257.9397913974142,4.86816225973852,275.4105369841756,0
カ,246.5376497084705,264.28787439994585,196.13302128691168,23.454878792489822,258.84459892376583,0
ン,261.8054368691357,264.3591048083673,250.84194773171444,3.7799704992306125,263.35008905183395,2
ケ,239.19174034749057,266.53155002017644,214.13137348954018,17.46664765529447,238.4225822532206,0
エ,259.35423303058167,261.6284308400134,256.4919798384512,1.3387332303162045,259.29745387176274,0
ナ,260.6477769327342,271.45668193910234,250.04332401832326,5.049448129575468,259.66969498422037,0
ク,162.87215949663795,239.7651580126853,143.88702821748603,23.3672450302045,157.6166327209467,1
、,0.0,0,0,0.0,0.0,0
ス,285.57355989779234,297.8096231638333,277.02518286259,8.876842980918545,281.8858736669537,0
ベ,304.31656867190725,342.75867311377874,255.8172675180563,33.22337143780727,312.8349013575372,1
テ,289.34164204618946,289.34164204618946,289.34164204618946,0.0,289.34164204618946,0
ノ,211.55237140761918,252.8932625764985,185.65795235066113,18.990998984763657,210.8435480310361,0
ヒ,170.5215707978962,185.58999255785434,129.06598211103943,17.37694663194707,175.9249862002331,0
ト,185.5574367525221,199.62788618151293,171.9371077278892,10.365583088793127,188.5540784213016,2
ニ,157.88250396477156,169.3716742175152,150.69642074008794,5.344015177855326,156.68735402167678,1
シ,138.12008109851905,151.18016677187475,113.15860304064077,13.396587314804188,145.96408629966464,0
カ,181.51833596509076,193.03373182799172,167.0473422855685,7.640806197112082,181.55678246364357,2
ク,178.89132067929216,223.46096519065046,159.67681043948983,17.424039365247307,177.1865347598458,0
ガ,180.01565943133423,183.24723257644712,175.4539986584186,2.526349080892403,181.11502530817208,0
ア,172.1756174517575,175.41261111289006,161.49260423228773,3.761050335221675,173.4231145035489,0
ル,177.88713269170123,203.43737895202116,138.31064072543518,24.96156370388205,184.74853390032084,1
