Mora,Mean,Max,Min,Std,Median,Accent
オ,195.33241967593887,219.21533158881627,178.74003250143696,8.366694351257767,194.68072281972994,0
テ,269.54715970099204,277.0239841585939,259.1646898093489,6.382668542143965,271.10100976090735,2
ア,320.50077118134567,344.3673063789544,277.9610207425987,21.315465204098867,326.10982375497457,0
ラ,313.26926344307964,342.7728284501118,260.79741727374653,26.304597598541807,323.336854512482,1
イ,247.734541618537,256.5871478740073,240.12269076781968,5.582271406021014,247.3561458253344,0
ワ,199.59290579677292,237.40277042120297,175.08838557387136,19.770906756995,195.9842659508088,0
ド,177.4858970385858,207.66085358236901,147.07033985145796,19.173537852205868,188.83962661321448,0
コ,186.16631914744545,208.59787448887243,138.36124023741462,17.17311551815718,191.40629453026435,1
カ,166.30728433055648,198.43432052535235,147.09448008832376,12.594442728531552,167.3192002955127,0
、,0.0,0,0,0.0,0.0,0
オ,162.62081877234476,169.23716060416336,150.557693956351,6.417604033588036,163.89312047744787,0
シ,175.78261146893672,223.74760980476012,150.7387002769001,24.170354218425906,168.68587867346167,2
エ,223.48825885817303,235.7259350807479,213.87242458710176,7.545145194426893,221.79539135873804,0
テ,246.1551903488188,251.16999733318806,235.44311609198283,5.593735644084714,248.58343151134878,0
ク,215.1608916571863,254.19973138390577,183.09910456707038,26.049578083205173,212.73586206663492,0
ダ,230.352504471955,249.27309036042595,211.09157805170224,10.652514924601485,232.9748928219691,0
サ,236.26399137738042,261.5720502807001,205.08890659166892,14.24920508067536,236.9538724252306,0
イ,236.4053358373012,237.00979813962647,235.37397644228366,0.5337354311049224,236.509974220821,0
マ,235.79033529118726,244.23231216043308,222.0887078418617,4.683187856737137,234.9480937266294,0
セ,241.4132890405916,260.5589719585793,225.62931875038427,10.245128514168556,240.85415371652135,0
ン,221.36181681001156,238.68281615404703,202.6013060185517,11.599000498865491,221.9952952360881,1
カ,179.78935693340287,214.28325667356356,158.22827369403618,15.807616026382833,175.28451470197706,2
