Mora,Mean,Max,Min,Std,Median,Accent
ノ,237.73568548473807,278.6400400979697,198.04366023752914,23.290103573583487,229.7146402355437,0
オ,301.4168388697216,321.5571343716101,251.6579119333222,19.934023532120644,307.53731734085886,1
カ,252.12229602007838,274.0644733879684,234.96864427884884,11.251745780657426,250.69761679194104,0
ノ,190.08127747075497,228.90096441722255,160.23072290161696,18.57238826422344,191.82215966254688,0
チョ,164.4854827308494,189.458804362128,134.4144246814233,16.663257679694738,175.50418509758464,0
オ,187.82122315982346,194.68148032734626,180.712878886705,4.242097443859363,187.8477361432002,0
ド,200.43742822359064,214.22562700290686,183.60574314259978,8.15063892938406,202.6601128268063,2
ウ,202.61863207858445,204.38567459818407,200.8699927841982,1.0996277728711594,202.6474054016686,0
シ,198.58244297381043,209.96983426728508,169.12432385844392,12.950400590914821,205.72009083371535,0
ロ,188.33805077470382,204.63818163586834,183.4232470806144,5.509284372658261,187.32371066791046,2
ニ,184.14026277894718,190.34223841076872,170.9344611678836,4.742676777206045,183.4714046180882,0
、,0.0,0,0,0.0,0.0,0
ウ,174.6084895399726,184.23472802088742,141.86974099861447,12.213603998758046,177.04202987136293,0
マ,189.88416831245968,209.3535492952711,166.87693031205046,11.018183239578391,190.89046519430724,0
ゴ,223.1487880934157,228.10966411331265,208.50879472319212,5.615990793243822,226.16428034930127,2
ヤ,228.81279566276336,233.52911518055225,222.22731869996954,3.387619708034472,229.38228131701234,0
ガ,219.6930669599312,226.48675259531166,211.66018153583624,4.234232575815295,220.59743266354943,0
ア,215.10780138384007,220.0825207729176,206.82808499590624,3.8310178819599043,216.11059311938942,0
ル,168.72469707431574,207.36319713791687,130.0181291324711,22.834154923606686,170.212988987103,0
