Mora,Mean,Max,Min,Std,Median,Accent
ブ,192.64266776180781,216.5680393406927,160.5961299235512,11.366975937793788,193.00863764758705,0
タ,195.9572454092446,220.85246518054714,166.7514406531167,14.406130592241217,199.30448963322252,2
ワ,197.40180732773922,204.3376498056397,168.29955597101855,8.860003592274262,200.41665627651992,0
、,0.0,0,0,0.0,0.0,0
ア,245.99508442947203,275.96310702390855,207.79661552235092,19.661072871126173,244.40447877143816,0
ル,263.4859644800139,303.8172209695128,206.93369331564404,26.46353727226149,267.3969391214283,1
ト,182.18557509759103,194.46322294039808,154.75577070557574,8.454224845992597,183.5072411364888,0
ク,164.53255200609868,176.4784924476848,157.64221326515428,6.499934970746835,161.8145462025844,2
セ,253.10212808706993,262.1442507669019,245.29461922857286,5.855840380885555,251.6257202131246,0
エ,225.3428342445558,239.91951099714072,221.02905766359015,5.229283044141768,223.49925189050634,0
ヲ,220.35670446484224,231.71881811937826,200.2537015026052,9.350901376267876,222.1963251761668,0
、,0.0,0,0,0.0,0.0,0
ニ,185.9784627979305,213.78474871248784,167.3588373596924,12.924675826255063,181.06574863131902,0
ン,227.03278769270338,236.75328251196194,216.73809352825916,6.648023751647968,227.02327549517037,2
ゲ,250.90779151896024,262.64744463611254,239.20477825169402,7.51401765634391,253.3165842652669,0
ン,248.2417792408707,253.97807131857422,232.22593889693528,6.269141563253403,250.186149060725,0
ト,232.23813991639398,242.62703268711428,212.80492268474575,9.289493926301935,236.9919983566786,0
キョ,220.06489271672177,250.58887450532555,147.86958789501597,21.738708182988915,223.50164371172187,0
オ,228.58370038253582,230.53728966523394,224.0520735856674,1.9077850515672223,229.43078145701116,0
ユ,223.2309125979481,229.9422137021079,217.93994180561342,4.175241246840188,221.6706588133159,2
ウ,219.54070802406417,222.0703774928819,217.66562337103784,1.5248146124786444,219.07435886918148,0
シ,218.30130626125424,226.19343057987052,187.74462681726249,11.422470931486833,224.22172756512833,0
テ,204.60512876408424,217.4398557070359,195.64179200761612,6.631587781913537,202.78268520451434,0
イ,191.1361748033155,194.79964787391782,188.1404541655225,2.1047222934057874,190.84847204341446,0
ル,186.37249205373615,200.69003459581702,176.9049197325121,6.60895678008004,184.51378700429487,0
