Mora,Mean,Max,Min,Std,Median,Accent
キ,227.9388808483829,234.9462623766277,224.08767383066692,4.381973853451833,225.06548294679473,0
ワ,259.44680560135936,307.37358709208377,216.27177485544948,30.227058696542628,259.66090997303877,2
メ,317.0210185700187,357.9619263372921,287.95552580377955,12.185314412903352,316.0513471982911,1
テ,210.18122337778374,214.83360099449126,205.3494253617152,3.3600413236074638,211.60745334839527,0
マ,165.50522670186703,199.35083109987224,152.66430630292172,13.57109614248478,159.41861343905902,0
ズ,160.69788766787875,177.12772729677835,146.34235798561352,9.064001149341104,160.7383105519057,2
シ,181.15397220998696,190.21016842045367,166.03635946467935,7.125247989833477,182.30301885181794,0
ク,155.2125206073313,167.99875175169052,141.272463782284,6.692440624978113,155.63732392025764,1
、,0.0,0,0,0.0,0.0,0
ユ,194.99662068037497,216.52447632629122,178.84009156715047,11.830379461867006,192.3363769748859,0
ウ,251.72271604225685,278.3546134476009,219.13286785450433,18.315721946313626,254.5728303342887,2
ジ,267.8768019334416,293.72307439560177,233.59669761766878,20.925800117042325,279.59582652918414,0
ン,278.23183891179957,281.6714923967489,276.24019880611934,1.4292283374804637,278.09317715745783,0
ニ,273.65400274737334,279.3501905643383,249.67037889126632,6.453038824143962,275.3967402312678,0
コ,255.6110017568755,306.6919057986074,146.86023246169782,48.929996745721105,267.795909927537,0
オ,323.99393692960143,336.94610801076067,292.9329039698222,11.657959095909298,327.947121552258,1
テ,205.05471456884646,205.05471456884646,205.05471456884646,0.0,205.05471456884646,0
ショ,171.45617293739807,191.10584228016808,151.61875945507302,10.416836969906972,170.7771973939911,0
ク,185.32995238799853,208.6391593519931,154.69319363034316,22.333104954318735,198.63495376936743,0
シ,199.9899071781098,214.59435362008347,181.50329075848592,12.157012820049456,203.82900598251393,2
テ,196.7114689272994,204.13973426307868,186.86727838982625,6.448611795741578,200.03630153063273,1
イ,162.32383336308624,183.79336669554758,148.9277418640728,10.855011262893994,159.62166583013226,0
タ,150.3464759664886,183.79357669686868,137.9525229394775,12.53190438683482,147.75821706183632,0
