Mora,Mean,Max,Min,Std,Median,Accent
ク,0,0,0,0,0,0
チ,273.4503677075665,286.9666827761843,257.566069878607,10.553883409756596,271.479072746022,2
ヲ,298.18168018037125,306.6040164876391,286.6746589707629,6.244205588248217,298.6274275544514,0
イ,269.76561723740156,284.7326106193363,251.81795017470068,9.395645728735056,269.52964099490634,0
ッ,221.13291507175512,230.23253615581788,198.77232252306757,10.562052575367371,225.6363942206574,2
パ,271.02395002989005,275.89612086677903,266.8990087296717,2.5951233934113853,271.3205910542512,0
イ,276.0354171300294,277.1170758924095,275.6680986540847,0.5164403640418241,275.7572760239633,0
ニ,271.1202162940008,279.74538767925185,267.0422002158575,3.777434344789609,269.3505542666606,0
シ,265.53118607908584,278.9617104091917,244.35885300893133,12.800805317242027,267.9330189956851,0
タ,285.7740515874046,312.4304609529552,272.47187115528635,14.260737497764195,280.0377029560729,2
マ,264.4736354709937,275.59368194985507,245.35634729715298,6.572372427032148,263.47731320940045,0
マ,260.9814359501351,270.52435534428827,253.4627468198024,4.9530916042540225,259.4811831328516,0
デ,206.26471086991637,255.24876339588232,175.94112446794819,28.078003239665133,196.99405932653627,1
ハ,148.19951581673783,173.8444709524429,130.93061719750807,13.356556800689908,144.2413727895657,0
ナ,183.71045720209244,231.44490467630513,147.8880258417123,25.95184888678458,177.48863591942936,2
シ,258.0915768061124,271.8848631522132,238.32164715876328,8.717999239972029,260.45752489866874,1
テ,283.1296158267629,291.2922617558518,277.724982709732,4.994920536854706,281.7506094207339,0
ワ,194.96868534147472,272.18124279832165,151.9084954326307,35.43956112638936,189.66777160545297,0
イ,145.29663767920795,150.57191783511811,132.764856232617,4.763249529406603,146.2725165603178,0
ケ,162.58590370054725,189.356327104259,123.72796042345034,14.721921399379683,160.79112530611218,2
ナ,164.87350848501572,172.0151113024545,149.0158214131242,4.644093303126198,166.53008964125516,0
イ,163.45149863891365,176.53577338699162,145.5117867201402,8.096704856195721,164.15496152612297,0
