Mora,Mean,Max,Min,Std,Median,Accent
イ,233.25971293821175,279.1458497383285,194.17790426142105,27.808358441106048,236.07587026660156,0
マ,299.34658452016146,352.15923231049163,212.02568601241575,46.217367701732364,308.76811684920045,1
シ,187.5940243600215,205.11250471189214,178.59544507466254,7.5862516337282555,186.3613193292336,0
ッ,0,0,0,0,0,2
カ,307.31092168896646,327.8329003792454,290.6182550875731,11.990526762545898,304.73503839383653,0
リ,321.21238251982044,358.3480992717415,278.9813383793877,24.175603945254466,332.6497922551248,1
ベ,185.45804108075671,268.12749916963463,154.25399216108553,30.488019602451654,174.048270361988,0
ン,191.77285942876804,210.84010547902622,170.77031580501054,14.627167947592646,191.9172977928638,2
キョ,251.89957299624086,303.70095776695257,205.23718202225837,31.701631069856006,268.47502245605364,0
オ,263.4855400525888,266.56370657064224,260.9057834282827,1.8342524217109168,263.48033389972215,0
ス,261.37022430063655,282.4713155225922,224.15328388870742,17.255331052232222,264.2271381563275,0
ル,266.05519056883753,283.19808453869547,228.92985472006768,17.078991553360872,276.156167336736,0
ノ,258.4503873574426,283.96975333807956,207.45847577169988,23.659956824224306,265.95451525891224,0
ガ,168.80063152271387,202.53652309822994,135.1310316710796,18.859800126108766,169.48329582189763,1
、,0.0,0,0,0.0,0.0,0
キ,188.1727594568276,211.35978295768302,158.56692568871904,11.486846997547419,189.25740115412697,0
ミ,196.83348621975637,220.35453130558275,176.02384802254758,12.49304759198015,193.9672064555387,0
ノ,248.4183357588938,264.2682396916913,222.96961483594234,14.873382146272744,259.69982603215266,2
タ,250.95496147121685,262.6922508750796,243.63367898837686,5.286993904000693,251.03367976015713,0
メ,249.81601985438573,276.8642689920174,232.7804415085019,14.021933971729995,243.5887676687242,0
ニ,272.74355459755344,288.7963325960807,236.94677664958948,15.316825308325381,280.05452939282344,2
ナ,187.64843457633725,232.40304864763053,160.42767235853043,21.988193072281433,184.02881909335747,1
ル,147.78029471616242,167.60234158786724,130.59183145746843,9.821524626947067,147.51873816588846,0
