Mora,Mean,Max,Min,Std,Median,Accent
ミ,211.9500050159799,218.53719519759187,192.7142470221726,6.79037384614706,214.81041750468586,0
ツ,182.91178948987172,214.01281756019463,127.8037695778067,22.65180042766781,185.8154600123533,2
ケ,299.0680787577458,317.1017908544353,295.8473631437963,6.084491220708894,296.97933750377877,0
タ,335.00126950979984,361.09248560746494,329.40426576141846,9.345258689817657,331.85550250090455,0
ヒ,302.79827828783186,333.84092383682326,274.16122823669707,19.023072887493946,306.07494742660003,0
ト,358.9168593132538,366.85710255078266,332.3133449062141,9.662735283580595,362.9457828534886,2
ガ,275.07239665220334,317.8867801035973,233.690426447755,23.88647073077197,281.4644461002217,1
モ,190.74775479842353,228.52987765695997,176.10551651262094,15.094459094466918,185.33619048644726,0
ラ,174.25848502932075,178.10336503216658,164.45108445036394,2.698692331263275,174.65610470284594,2
ウ,183.25340733967758,184.48659368457373,180.13989628269357,1.5104429660370664,183.8192099012643,0
ヒ,175.15484462202627,184.83456330930971,153.82968912319544,8.910545873433282,178.28083516960754,0
ト,222.5834728683688,534.2461260112966,96.68532366275525,129.9554757931073,179.2795084546339,0
、,0.0,0,0,0.0,0.0,0
ナ,186.75414591743214,209.42988970019434,175.5220548579743,6.685830741118417,184.60082933054628,0
ク,178.78676775003981,215.02330624803957,145.9078516645988,21.903328219671437,179.848911810998,2
シ,185.9531306488521,197.4043666116599,164.69929853990737,12.49566293241433,193.6424370640267,0
タ,220.09436857667103,232.3067772538418,212.48556724870815,6.346865393761198,218.86285088319076,0
ヒ,198.45335304979213,210.0262684712724,180.15020710157606,8.671915067815863,200.408604051651,0
ト,220.36788970142257,243.353823788402,206.482668293992,11.706533549779094,216.94671994378496,0
ワ,181.60091090457973,204.35890781882426,166.59995711013107,12.520220260621267,178.71545179671932,1
ナ,157.16051735477876,167.3106207491959,149.5595736737224,5.663794249922756,156.62041028330415,0
キ,176.79811736519312,252.02777987017006,139.5993512171706,28.775088767588503,168.33161279109385,2
ヲ,234.28299270695624,244.27184724793577,229.0409069484524,5.269557605655894,232.02763122957418,0
ミ,248.1549849270597,261.0064585346876,229.7681786305833,9.856273028209186,249.70262252011327,0
ル,170.63901039821786,201.080285519561,135.82136907310795,17.824320308769543,172.4360713725472,1
