Mora,Mean,Max,Min,Std,Median,Accent
ナ,181.61779167441813,189.91873612578692,172.89587424621462,5.716623808663345,183.53449971485588,0
ツ,196.68254243745,246.12985711046736,149.65565652421586,32.962582830962894,185.41423512198898,2
バ,252.27151825551707,272.5993340228731,226.21970351200812,19.778042942382857,261.64767634121415,0
ノ,260.49589290504747,270.54861978028765,214.43185571531302,11.791313503630139,264.20074524274776,0
ト,245.98910630596373,266.68007835052,218.11497908492396,18.01065675414917,253.94385933324293,0
オ,248.19548128399293,250.59537703464585,245.57186708446173,1.6760892539305021,248.11790314082356,0
キョ,226.47249786806353,291.40804946544546,158.54086755761153,20.778273236133536,225.34415208595613,0
オ,217.9827005390559,220.6912477107559,215.3457301329258,1.5703610295886057,217.6063735630371,0
ワ,204.0185126223594,215.14233157640902,186.84770963689496,7.4728295664568085,206.04759590704097,0
、,0.0,0,0,0.0,0.0,0
タ,235.97959057316817,255.44218137255015,220.33598423019578,10.720304553842675,235.52017166593268,0
イ,283.06898786834046,305.02323272775175,258.6282829402433,15.315174805466896,282.7554207979687,0
フ,297.61907300522614,337.05701098191344,256.2256680819755,20.190692773207612,295.39197663927894,2
ウ,326.04332292855804,338.38721452038925,309.1798427412781,10.280071548793337,327.5145457982278,0
ニ,239.90607031525585,303.2633661922761,182.81468469618673,37.86100315130688,236.13353685427762,1
ミ,159.33728181995943,179.1898968571707,149.40601278506222,8.397963674099422,158.01020066307834,0
マ,159.51380522960542,173.29978249544067,147.19694870311255,8.133610752443172,161.8827817238951,0
ワ,188.5688440926541,194.15272623062825,175.10956449812485,5.667116946188894,190.40696612144285,2
レ,194.3994891850446,208.44393054679497,175.8614268342234,6.934275001303001,194.53471565201568,0
ヤ,196.3404502922278,198.75828327997777,194.73269449460318,1.0056601843640507,196.245678061259,0
ス,190.47479821123548,215.03982143974147,165.57671068891835,13.34086754508868,194.56025026348658,0
イ,143.83612843911294,162.58143132966342,115.55573631793725,13.9673232775412,145.57421002512868,0
