Mora,Mean,Max,Min,Std,Median,Accent
チ,0,0,0,0,0,0
チ,354.00071877632763,365.98789902313825,335.3686626497881,9.417121712452818,356.1965793244871,1
ワ,268.1907099959414,345.4854932034295,185.37104540447137,53.54938026357831,274.80973361689223,0
オ,163.50685823248202,182.3853394056893,153.11557136550795,8.590634829375713,161.09775897843707,0
サ,191.83669819574078,229.39787465694303,162.54836390879714,25.81344772967223,175.2640171436741,2
ケ,229.1365287431952,290.52318732533735,196.1953993234928,28.5917145509518,219.8269599914437,0
ヲ,262.71647160263694,269.24065037733646,257.3876260292782,2.935690660303064,263.28559023106595,0
ノ,264.01249447004284,276.5605450623486,253.63312428608646,7.029439441515106,261.6295183241805,0
ン,274.60890462539066,280.4691463122404,262.3378139080766,4.798671011258165,275.05896123844116,1
ダ,230.7063227904807,264.9493151035881,199.46722526030766,19.416077695008692,229.0347024562845,0
カ,183.12547366471864,199.88022245845363,173.94162463791676,7.522031581376395,182.29579596292493,0
ラ,168.8672936395166,175.25287695717256,155.65899552013371,4.508468218534144,169.77278504520675,0
カ,155.6184638382994,173.3471750086313,136.33530307474834,5.961372759319383,155.3392941820741,0
、,0.0,0,0,0.0,0.0,0
シ,225.18884125438908,233.78869674135066,221.47532402073765,3.142770253191133,224.6934571027141,0
ジュ,187.13292497460884,224.24346004051552,160.12421795534635,15.083194670154832,188.16505887630427,1
ウ,169.81617278332652,203.95829743007022,154.96129553940352,19.905014864127757,160.17254908191615,0
、,0.0,0,0,0.0,0.0,0
エ,166.06284323098095,167.9125774736215,164.791561756733,1.0435604112364993,165.91408987783285,0
ビ,179.19799159060074,213.50608617562938,147.71631189182736,21.21284891019631,172.65073431351726,0
ス,213.7059564234165,259.01397234026945,169.50702775967548,29.960969544451213,209.13249264830108,2
ガ,238.58147611013845,241.16427171791017,236.12386547138775,1.8772305872049972,238.30046308911156,0
オ,245.4783520523582,248.6862979930608,240.40149806595332,2.8251393891060337,246.01993967550035,0
ダ,252.86171400558436,271.6273123089226,230.69582561051,13.690315877089775,259.8658523205705,0
ッ,265.38617111483467,273.22738183331063,251.47746734472614,9.86156001904673,271.4536641664672,0
タ,180.1542311329575,222.48903353858074,152.77301846743308,18.35569459700961,177.9003854998654,1
