Mora,Mean,Max,Min,Std,Median,Accent
ニ,207.4322582532876,214.7623130929093,187.60306257008824,7.463239438781843,211.4033083328879,0
ッ,196.2089280808137,220.29465945361744,184.44288029433736,10.04231433305017,194.23380714138483,2
ポ,300.13366521698407,305.1526438438735,295.0605664089385,2.9104282237503254,300.16205057940766,0
ン,307.95794381331075,310.16252560842037,306.1431924385685,1.1341088794218925,307.6941826922932,0
ノ,294.6689591824553,307.97661292181857,279.1349071355471,10.349477315497003,295.92687582238585,0
ウ,281.3174000501934,281.98989736923875,279.9312558587555,0.7786302654910036,281.7205369096059,0
シ,259.379493835937,286.76186068990097,204.16897349313885,22.082325005100095,268.91207505208376,2
ワ,245.51068692237897,271.2651979450272,214.95620901848542,12.225032476630496,245.7710814675582,0
、,0.0,0,0,0.0,0.0,0
コ,286.33475614327836,323.2833529162059,248.65045766629024,22.392665943323703,282.19432060877716,0
オ,339.1557597418824,346.23440706017306,327.2503866754781,6.2361427571418355,340.250433687458,2
ハ,336.8921327794759,360.9488393586821,284.91821076444273,20.72655642460483,344.85778066111135,0
ン,332.27613109145983,342.087902927429,324.6639679550456,5.644363242052115,331.39052520381244,1
イ,274.33605879622075,319.0071492438589,231.3960034690909,26.969766673736455,273.04627006179453,0
ニ,186.19759425548668,226.6897533196772,161.6012644004959,20.078749131822512,182.3406536067148,0
シ,155.2733656497507,163.91937214429066,146.63316981237483,5.346018588365257,156.35243078664402,0
モ,218.6175033063506,277.3680146504082,188.86353749758922,25.876367117414055,211.6086573247454,2
フ,268.0268474418379,294.47472076982814,241.84143937859812,14.83122736901181,264.5627466106109,0
リ,255.70881987755104,295.44176857452607,222.3551068085549,22.231023223152505,253.25380442295642,0
ガ,246.5495596072605,254.4326581694829,238.73701949000645,5.031323143613804,247.8054434420477,0
ア,234.54896065166557,239.05709772712098,225.26674616720695,4.2610099562261645,236.1143736779257,0
ル,176.34209357594224,221.64671265295965,135.30128907633622,23.1816223568008,173.6179148277936,1
