Mora,Mean,Max,Min,Std,Median,Accent
ヒ,260.3443803967903,275.610826686354,216.27081453454355,21.01591122483303,270.67989868686345,0
メ,302.5208358696069,334.48961069299673,268.78214120978674,21.473766998053303,302.37186241979185,1
ワ,254.7445592087611,326.6830176832301,183.3986757877366,45.69703009834512,257.60992781797904,0
メ,177.99259493372867,208.651177556921,153.82988250848385,12.78250175277585,177.15629817221614,0
ヲ,196.9125565695738,214.85614550547004,169.39143037722448,14.635358666069424,200.23752167408475,1
ト,167.25883749620706,188.41975509849954,116.22483985636167,22.551685649816697,172.5255909878581,0
ジ,176.218533687035,188.97322382856908,155.4721408842452,8.57672758678369,175.83272044556156,1
テ,121.85315572927415,182.5586192532486,77.02414550724313,28.72958620386238,121.36331121976184,0
、,0.0,0,0,0.0,0.0,0
ヨ,161.43748005193993,172.65930327237638,137.51308584380965,9.361823856474196,165.00483875095762,0
コ,265.9581840591344,322.58929389131396,209.3270742269548,56.631109832179575,265.9581840591344,2
タ,253.73426823772456,259.93041533559233,250.84553361422778,2.8351800770105418,252.7171773838154,0
ワ,276.7912154099549,289.4553523657248,257.6894175524668,9.294690918714835,279.0997569331348,0
ッ,228.04638673433035,237.4452435496792,216.92720826233915,8.46432013276386,229.76670839097275,1
テ,217.08885484837108,233.1509757821515,201.02673391459066,16.06212093378042,217.08885484837108,0
オ,167.82417406150714,194.51509226278094,155.1409383534045,10.718410504529405,162.65349644928665,0
ラ,153.73174936875424,159.92146916560466,147.32835586139873,2.7640164961996296,153.96358733222226,2
レ,156.71199832170305,165.17479946298232,150.393993978807,3.9113643916109786,156.05928091165515,0
タ,141.52672045791527,167.3936927347153,133.11173496487706,7.8955537056414276,140.1649077817144,0
