Mora,Mean,Max,Min,Std,Median,Accent
ヨ,190.1532684344692,218.65421966667105,181.83098125342127,10.04645955379579,184.7890820978309,0
テ,281.29148233005077,312.9779469261233,163.68782111648753,31.8075695053648,292.2252640296199,2
エ,299.08976398931685,302.78617590506445,295.54595109634465,2.4983511911098772,299.2444717550702,0
ヨ,312.4189804826027,317.9903084448672,304.2774097119783,4.311636392343491,312.3007298585468,0
リ,243.59609855435917,305.31780489953854,192.47819967961576,37.04788362259854,238.11794220192616,1
ス,171.21353312461957,187.56140955652697,153.15403799659958,11.756794380891145,171.69115775165739,0
コ,323.70336621866244,332.60330952554546,319.1528461665492,6.293745738417614,319.35394296389256,2
シ,318.680624653526,328.2812966002136,301.19106130386916,8.2829436645936,321.0634487301171,1
オ,204.85478179722043,276.765116923285,166.44504285674984,31.121445820359956,191.72543352865182,0
ク,160.8212138929283,185.11029292973348,125.36225380378076,18.76886846139141,161.06744250529007,2
レ,166.51554556158257,174.27262184854197,157.46350406060844,4.278715043331224,166.10689954715087,0
テ,164.37862876676598,175.70920754538864,140.81223910229568,8.215719605719249,168.37920300018476,0
、,0.0,0,0,0.0,0.0,0
ナ,189.6251966814661,208.09662197731106,175.5453857767132,8.357203551009889,186.14834218543157,0
リ,239.5187458212891,264.4621592496946,202.13103799263007,22.01828925425036,246.2041518924072,1
タ,197.97813293150764,213.45150490625764,155.54054444471237,17.743407701576654,204.3517063094004,0
ニ,165.37570452205955,190.2467176833444,148.37299607587147,10.954128351953814,163.65428527161777,0
ト,141.8122147868543,158.4602554718093,117.9467645099801,16.16980853001538,145.1044574524765,0
オ,153.34686834608644,156.55333110899613,151.6282246866712,1.4478557928278781,152.66575692514914,2
チャ,168.04313101354356,205.87679055211575,144.8206174077223,16.494217488129525,159.98464416247114,0
ク,177.45013299744605,198.9805062062678,160.81771225939778,11.74030214799881,177.37313877682092,0
シ,159.8373325647806,175.27030366088889,129.67390148335903,15.349385863835703,166.78859033172338,0
タ,169.217700908787,193.06931841494006,153.6844245266627,8.185937544997577,167.98174346804524,0
