Mora,Mean,Max,Min,Std,Median,Accent
オ,183.69743212051893,190.39134415494107,166.79865651718893,6.212136756014579,184.91801979918966,0
ト,222.74342271926602,245.6396654082817,146.79029676456878,22.596929940358354,229.1771783569638,2
ト,222.03891375011727,237.73120474843657,207.42288007849993,6.607140969445854,220.59471150840596,0
イ,211.91876787335488,225.14759328823723,195.73689622265033,7.797611230373854,211.7935007385321,0
、,0.0,0,0,0.0,0.0,0
グ,218.96925136465862,237.2771242593017,200.3546876021831,10.007409668944511,217.64530825886473,0
ウ,245.0718980312738,250.58660899810826,239.4610999864071,3.864491870553086,245.00521120772893,2
ゼ,259.1309022888391,276.63601033276024,241.83816200205212,12.648169926730613,254.05120606133772,0
ン,249.82986007276043,272.76726702104787,214.99800120089367,14.804507515266007,249.9597556131615,0
デ,206.0262605109216,240.17447118004824,186.64136649150413,11.72227628152423,204.5019807779358,0
ン,230.57582205771442,242.13295937080645,221.1928854624687,7.153864985404369,229.69664177307075,2
シャ,260.69837198954707,289.1110457031335,237.93825004808778,16.94393862725943,252.32661428746133,0
ノ,272.41037534774443,289.53508137396403,244.94637011233294,10.799111281472555,272.35225733508616,0
ナ,274.1824945562002,285.8235958630672,262.61366297888975,5.032477975249294,273.07575201251643,0
カ,224.34030382686464,247.0910209004905,208.02700014957563,12.552029175384424,221.0474209242924,0
デ,169.9262875569153,203.79861903548007,82.99059294803571,30.9232758844539,171.87276244179517,1
カ,247.230292740505,253.03035012441813,242.01610221378468,3.606474792691644,247.06627372786346,0
ノ,278.50875470520765,294.80116514655805,256.7206530712192,14.14825632111051,277.2680386230736,0
ジョ,250.0925626927425,296.29547254188077,203.87185437434198,27.377938910065694,240.08887719516218,1
ト,174.8837377273857,194.9779282851964,157.85884040383013,9.202069276823046,172.67473748959299,0
デ,154.48646248542784,169.4771605436687,143.25989602505263,7.206344918205304,155.68317986975,0
ア,169.92537415046692,192.17608624511885,154.6096584534506,12.70711715305371,166.6273398287031,0
ッ,189.8991332490124,189.8991332490124,189.8991332490124,0.0,189.8991332490124,0
タ,152.17868638042995,163.63534259139584,134.30531130171553,8.368047687801267,152.49516980178782,2
