Mora,Mean,Max,Min,Std,Median,Accent
ク,0,0,0,0,0,0
ス,274.26642828344177,285.21004973499794,261.5973761344028,8.691742390214381,276.62595323583685,2
リ,265.5188955961502,287.11661262473086,238.7450633466651,19.064849070384614,265.89101063896794,0
ヨ,294.9808497259603,303.0927572083318,284.97576704904924,6.951129410657851,297.09597813804066,0
リ,227.3090154481218,301.33598892303814,160.47192977811045,45.57292658167594,215.73356477249524,1
、,0.0,0,0,0.0,0.0,0
ショ,214.9941709055982,226.41473338333833,197.7185063463997,7.0812038384401665,215.13096005387953,0
ク,258.6247514818251,303.6815169676381,188.83503143361273,47.00940424377775,272.7162199005148,0
ジ,302.1795901503133,339.51024802915543,273.4903947489307,23.315953953255526,298.54985740172026,2
リョ,319.8205778329413,349.18027926612973,233.82978272249298,35.02203704449309,338.83893376994484,0
オ,351.6073166085266,354.9161797934518,342.329312569035,3.8104924651879877,352.67244970392903,0
ホ,303.98032892038725,338.2071117177879,281.30304373907967,14.550546226839002,304.0197190744831,0
オ,256.4686820284976,281.4826401060614,240.11081540396452,13.319683957484798,254.2074842748894,1
ノ,226.88775512997654,239.2660889039543,217.1514506092308,6.341215350640966,226.2235160232124,0
ホ,200.28849489341928,223.55497536266228,179.31761894501722,12.3781251014598,201.15841374940368,0
オ,181.40933164294506,187.00491645772038,176.53658271284414,3.1663222086830918,181.17368860406862,0
ガ,167.4602898947522,175.56191848157198,159.9906238907684,5.457171746402442,165.6520900889626,0
キ,159.6833489384257,164.30453303151964,149.23891378983225,5.423492151336933,161.31413523509053,1
ク,0,0,0,0,0,0
ト,239.0629379994934,243.93365298236878,230.84442695140623,5.844528118567679,242.41073406470514,0
シ,222.7238661530825,263.38836988200364,188.75279328639573,23.818045061590873,213.91680387095818,2
ン,267.06918611828814,283.88527314931156,253.7537841144381,8.843424516757999,266.0762508941456,1
ジ,274.0599440424601,297.9687894889763,229.2558096393461,15.124554327835778,273.1627969719234,0
テ,221.99262249967114,239.61581841905982,210.42205404968652,10.522675637201761,218.61729382115033,1
イ,194.33951592129668,206.56156942901367,179.86301404398554,7.4514731873534155,195.91828659203458,0
マ,169.5921287035322,179.1194224516137,159.2649879149514,6.520299346319274,173.3576978420748,0
ス,174.5228972955853,175.3792518914268,173.25604757899643,0.914103867620746,174.93339241633274,0
