Mora,Mean,Max,Min,Std,Median,Accent
ダ,240.50177996902096,290.85573024544607,204.5404874988946,26.220666133065535,231.41746283527,0
ン,309.72890669704014,317.27638639257356,295.21664894585825,6.818358239606569,312.62278945146227,2
ガ,324.9365649782572,334.9682980627716,318.4527450013784,3.2284584673865004,326.10830195036067,0
イ,332.4061352090046,339.59819423340184,325.0850931872377,5.43113013251334,332.50774307222616,0
サ,310.51648482688455,321.4448824038294,267.35056400343,14.379698024908594,314.821928121107,0
イ,321.6738628830828,327.6225276349143,311.6746482942855,5.538798064914706,324.0730156957801,1
バ,250.88417066214672,323.8821507998863,221.67608500701118,28.124152017785445,243.42945121140662,0
ン,218.03865627682063,220.28863094439015,213.35876809805367,2.1816217731973633,218.59408226732947,0
ガ,189.9756602296027,215.15558967013834,167.5866551878624,15.014388926764315,188.62497645768445,0
ヒ,168.57949790858228,190.83316184282668,151.7894366905836,9.156465430845573,167.11529912722094,0
ラ,182.1857416510018,195.5039273295894,159.19457245237194,11.05063920605995,184.88409822302455,2
カ,211.0179334561053,256.84211157621434,169.0301925118924,21.925403219211276,212.60753137528025,0
レ,206.7374925953136,225.95699149360078,195.38238118801206,5.133877685145715,207.08819558684237,0
ル,166.8689109246973,197.7367983477685,145.35861999297066,12.878792387097109,167.68374243197016,1
