Mora,Mean,Max,Min,Std,Median,Accent
オ,194.5553413701042,199.5611153776256,191.6120834658884,2.767464528045298,194.19883257376796,0
タ,249.2566700962626,282.4052870480375,170.51545635855845,41.769790369095226,272.1001015923259,2
ヨ,271.02535733492243,281.8794370320604,244.4556191367086,12.020161305581013,276.7275028916613,1
リ,166.46683050741117,237.99722516622322,76.81448378061927,41.005179884132914,170.42726472390382,0
、,0.0,0,0,0.0,0.0,0
タ,193.63668280349285,209.31776100903681,159.4400639131685,16.55029289194889,197.39426478307172,0
ノ,229.3887783726352,281.8036586783613,191.32955167662465,23.056387967760298,223.1365371738039,2
シ,300.2652956833178,353.7347917299055,216.44738665558694,34.640052796350574,303.71423261560705,0
ミ,337.0515647636654,358.0436577934259,316.7856761349901,9.67553667244417,334.2016944845094,0
ニ,261.8269284621032,306.3359798650911,222.4977202544469,24.718981922587485,259.225161166598,1
オ,179.51179508282752,215.62558242148864,163.3268184025593,15.638989597487104,174.715719476049,0
マ,171.06352513784384,187.33852766256604,157.9879037498481,8.433899972695857,169.45097609870325,2
チ,203.0170218259385,225.8976018177813,188.09284701175693,13.386477579156411,200.3927498562727,0
シ,203.0385963225475,214.98905762369577,179.97888986759637,11.326045576559018,206.69833111757998,0
テ,230.9576988453209,230.9576988453209,230.9576988453209,0.0,230.9576988453209,0
オ,210.21673368738297,241.58004557912642,200.4105815697437,12.104134240524921,204.58497752737438,0
リ,199.43603153695568,211.93685560776254,173.51712668745603,8.177466221572999,200.3834436068339,0
マ,202.1443069423246,210.6070686149234,194.35776025247745,5.025809019012271,203.1863383565477,0
ス,203.24413885128538,213.6134939354426,196.87347804923073,5.769347427667373,201.9055642183539,1
