Mora,Mean,Max,Min,Std,Median,Accent
マ,178.3163210904858,186.08658195754955,173.2237737170948,3.40755777511314,178.23943322095602,0
チ,205.3881935617157,273.4026421860323,145.8403117974775,42.00537026621144,189.77656730284738,2
ニ,312.88433459439335,344.03169887116303,257.001946253062,29.87853060548721,325.7188333248936,1
ス,247.36280488392376,276.5626313911068,211.7959244608393,18.595603923290657,247.09981908010934,0
ム,213.91648941598365,230.68672206468355,200.24070315619485,7.401420724907877,213.9656629218728,1
ノ,184.63773012982853,199.41130624097775,164.1953336676744,11.061613079264308,189.03449119903064,0
ト,149.67819230398752,189.46694670719015,114.82630968481827,16.035625166618,152.429972097848,0
、,0.0,0,0,0.0,0.0,0
イ,145.67979513772917,151.4289798514453,139.93061042401305,5.749184713716119,145.67979513772917,0
ナ,201.20451306018174,232.10078118725974,154.48289795430694,24.588313857342204,209.87284832552288,2
カ,216.02954004583302,266.7483335072642,129.7936453969969,37.831996323687264,238.77393700314855,0
ニ,243.81695583698334,250.29296674891353,234.186678565434,4.337243048633354,242.8422686664931,0
ス,244.51138908670768,269.0307874703341,210.85726474199112,17.61868583793892,247.86283898346332,0
ム,252.86360569882126,276.88738669064503,225.67206653458817,15.921028937753555,253.67081786755392,1
ノ,224.09156743817707,273.1045413711552,177.50913191642684,31.280991176881322,225.2699117737121,0
ト,167.45845838422653,181.39011861656692,158.56181593888107,8.037807921744568,164.6808679820819,0
ワ,141.79822294112734,157.447831851622,110.18280325063012,11.683701220653216,142.3638967147648,0
、,0.0,0,0,0.0,0.0,0
オ,140.06986373235097,149.80146401832468,123.49816466097374,11.777269146288068,146.90996251775445,0
オ,160.8844767544641,177.8510907692696,147.20565845129053,9.624407423220465,160.66336148738245,2
チ,210.9263239190652,254.5471788334338,170.7502244198182,30.848742365408278,191.18990296165003,0
ガ,205.59671264397554,243.13448399657213,154.59519454893265,27.923992312991214,215.34113446396776,1
イ,143.5298959127444,157.23569638650557,129.6320966639181,7.871132267508444,142.96386814352772,0
