Mora,Mean,Max,Min,Std,Median,Accent
カ,303.39304531127385,316.2822412013508,274.9625237879479,11.933180119840031,307.9127475375406,0
ナ,342.14861354037737,407.4509313678633,316.12860470338217,18.782146808110618,340.0482850507166,1
イ,304.7491722868984,315.73794480077447,292.74242500485525,7.7596868524576506,305.0365171453127,0
ノ,231.07593388515622,287.7538116692144,185.96797300115688,32.25626235533108,233.01124978712465,0
グ,180.570676432984,192.03218707129693,165.33231666172085,8.489446486411973,182.11160916878575,0
チ,181.79023524587342,230.70791665228313,151.01733032065752,20.547899848427516,180.9826517102755,2
ヲ,185.91116613198864,193.65359296505068,184.08483895476758,2.2233605630445044,185.1721453677448,0
キ,177.52863969542346,183.85635359716767,171.20867266618814,5.055460714294457,179.3741013447649,0
ク,224.4309616417568,228.78255645068316,217.89624009728277,3.918878796157375,226.53509447371397,2
ノ,189.23114005038715,211.11986830606878,169.20104928278485,11.481723837598134,190.96958826693486,1
ワ,139.5770524594948,167.1144650571639,78.07918969463879,23.137842444663118,146.41671587106626,0
、,0.0,0,0,0.0,0.0,0
モ,178.23211648928512,199.17648720679128,148.20991450489075,13.812381810384258,184.65076497750493,0
オ,149.6495670754158,153.71856546028008,147.12442670216075,2.4305264875447397,149.19415368692836,1
ウ,160.51157777499444,166.5727740498782,154.31104900306823,4.168310065884756,160.64083161027565,0
ン,177.8192048862933,193.88944723220493,167.28570182062774,7.84512809463185,176.0333984343083,2
ザ,215.01757218168876,243.78123620569772,183.74770961859315,20.171319043664397,228.37107636158362,0
リ,226.1237531290589,235.67724189914026,195.75479350732306,10.096278479783699,227.58465957876058,0
シ,203.75313550644458,223.6539009688935,180.78295262135134,14.567295468125593,204.77661932435166,0
テ,191.1003378142075,201.6247531350766,181.07210922080895,7.517886622544774,189.1067515821648,2
イ,168.90822620578587,177.5284277711827,164.86105454808614,3.5005600561549457,168.47930162473085,0
マ,164.27838520644247,170.18928512443964,158.43999966249305,3.472013816578001,164.5283813149569,0
ス,167.2643274997482,172.38227643916892,155.43282716157128,5.068548889742227,168.02788509702896,0
