Mora,Mean,Max,Min,Std,Median,Accent
シ,0,0,0,0,0,0
カ,276.88954958948506,289.4161891183257,267.5656762125562,8.033429194721913,275.002361180561,2
タ,308.9202189195188,323.7730468093198,300.4035978965,7.754796867486782,306.6682402306126,0
ガ,301.2316078379718,312.9319468691706,275.6192334969891,13.298338594761706,308.8633915952769,0
ナ,315.7066333125549,336.092660617098,285.83427961390913,10.01614127740386,314.29371581660246,0
カ,310.3264977810649,323.8391311760357,281.6728242585449,9.226285973509107,310.75952672350405,1
ッ,298.24908193122434,305.2167472409965,291.2814166214522,6.967665309772144,298.24908193122434,0
タ,201.1325345733314,222.994171960848,180.33755079883844,13.18648252605951,197.62309271475766,0
ト,170.0946856186636,195.7142426573911,147.4077584308519,11.549380327159557,169.11238722544732,0
、,0.0,0,0,0.0,0.0,0
ジ,179.27835506896488,183.27340833601036,173.65668892466144,2.2515134184485524,178.8831699111547,0
ブ,198.77844123462975,247.41636603280048,153.07504721898758,30.58329567041877,204.0189054651411,2
ン,255.76044995574347,259.7980680884074,250.00070550228793,3.1425472823842764,256.44891546534313,0
ヲ,258.26315271404013,261.79898765119594,253.5609616344376,3.0412027810550253,259.4735023288049,0
ナ,225.06939891696794,253.39721078684224,196.15540691731377,20.665887119176844,228.87946006789718,0
グ,205.19776796086572,225.20257785030856,193.87993485166913,10.746640570129488,201.6747808006051,2
サ,251.0616100724282,272.5138403580006,204.68685327915165,20.14954637912073,260.6367562516115,0
ム,204.18913178420547,256.5137476291075,157.34965514749322,29.5780596885028,202.08141094575996,1
