Mora,Mean,Max,Min,Std,Median,Accent
ギ,197.2778488984555,204.7606562322359,185.669900729589,7.329398852041894,199.80606409542665,0
ム,254.99280965570767,304.4965700249934,207.73379506109583,34.226791132791945,252.0189805403433,2
キョ,317.75976732183443,360.5962772040549,256.8003476559099,43.484720249563615,345.19137661370536,0
オ,354.6275193922259,361.5649040013241,338.80890779464943,7.55416736175389,357.70487144672677,0
イ,305.51946464420473,333.67737082960525,271.54770302624627,19.060687049980405,306.0508474988311,1
ク,217.0410330304262,255.06767522986092,184.0990260315995,21.66453282606862,215.80789947587755,0
ヲ,164.91608938970015,184.2438167125913,154.4309563579079,8.839199106909804,162.56645511268738,0
オ,158.20034713636414,162.84124705527265,154.72317991245762,2.4798898039803277,157.6344624923318,0
エ,167.73654496236256,172.02602181402582,163.33072956383228,2.6331507411502013,167.5837331955359,0
、,0.0,0,0,0.0,0.0,2
ニ,195.84810763688975,203.44063545317448,179.5211891962714,6.289643134504015,196.19382343696722,0
ッ,190.75238803784134,200.04339553340552,181.4747568517855,6.674312519856732,190.74569988308718,0
ト,312.0837364995949,338.69172481451363,302.62084820689677,10.42944812652297,308.5922332765217,2
オ,325.13612127486743,329.25781043631173,316.6236852492113,3.9898972028111297,326.7360936404451,0
ボ,269.5013058188561,323.4329848881185,245.492779696739,24.064196822339355,260.84822012373405,1
オ,221.12949474657154,257.5226175007975,193.04780282883755,19.774664844158305,218.03225255957597,0
ノ,167.9217101570255,191.5665136658925,145.84184149551248,11.943861678942303,167.08427899726166,0
コ,160.88450319515135,187.63630834757296,134.28292465323997,10.92125021504262,161.90221662707538,0
オ,171.92995430914587,182.38876516024519,162.6263953615168,5.813403297789205,171.5278001569054,0
イ,190.99437887253083,197.48763578081636,183.55883204704006,4.546796689596476,190.97325946488485,2
ン,196.95087242263853,198.50282270612425,194.41843178482887,1.3891928155571993,197.4740529119884,0
ト,192.37918140513395,200.4666085230968,180.2907425902376,5.600492808582924,193.90107910380078,0
ナ,195.97294805261444,205.42488560053636,186.62984264608986,3.265871874174128,196.43703754425803,0
ル,167.37362714145672,213.519992131113,140.37719965412856,17.718485250495807,165.2420007643324,0
