Mora,Mean,Max,Min,Std,Median,Accent
イ,202.76091804065982,225.44201752010744,189.76591950837584,8.432679712566042,201.75322281028133,0
ジュ,208.96722929125932,246.0082100899757,175.35181571280617,26.765504013228707,200.5658123675662,2
ウ,246.87087548703298,247.45174437243872,245.97845106560996,0.5180362501823805,247.09089774893545,0
シャ,208.82138185089167,244.87274180228098,175.04208832713954,22.341195073488702,212.02462597104758,1
ワ,156.53736290592593,171.96981751333243,133.21231835985827,10.57903131256397,158.59392312191704,0
、,0.0,0,0,0.0,0.0,0
タ,200.27515527284282,222.90148576771455,185.21888511994484,10.754702147631079,197.6018380860167,0
イ,250.07086842324915,270.80754538742906,227.74794454764964,12.930431753704507,250.98814293018347,0
リ,250.26735932082005,273.53698707264857,225.64796438547248,16.30746481870207,249.4771895127908,0
ク,236.12622848814755,245.58380125813486,222.4083537424106,7.604470651938191,238.24312192833818,2
カ,248.79320126494304,269.26247421280914,222.87871537343366,9.974659026811493,248.69048986415737,0
ラ,242.046691296541,247.17762324988425,227.82231372091687,5.300346254580682,244.12104429659146,0
ニ,194.27750224587479,224.13749277954176,180.10810653393514,13.76102522076412,189.30561432361782,0
ホ,212.53374429822918,281.2183081515396,183.91181956713504,30.655593932860725,196.2622700172364,0
ン,314.17388033278826,330.4242671905954,285.9712955040758,14.291715494918076,318.08574375455566,0
カ,235.15129800970254,287.40447536762844,198.455878581053,27.0497183172586,230.68775614602424,2
イ,187.5241400995036,195.15237796996533,180.28147511504343,4.787452221181159,187.09385117277543,1
ヲ,158.87293837912867,178.97958708265065,142.36272764287978,11.041010496539249,157.6671851286024,0
ワ,140.19352026234247,147.39743824569018,136.2725111920762,2.6315000599663194,139.9700786920135,0
タ,175.99900222146832,197.98595701253973,138.78503924927182,15.471513679589638,178.63155713189758,0
ッ,181.54830277900084,203.3303364602888,155.76449482935377,20.949624384151484,183.54918991318038,0
テ,260.7402566502606,287.1642073272459,234.5419198590026,12.99909116883519,263.22632824248933,2
キ,169.87995467338328,220.78723807396128,126.90123576893669,30.625920347676704,162.22373084679018,0
タ,174.42923657875087,214.9195812341279,140.676575499032,24.382510169577643,171.11809418796244,0
