Mora,Mean,Max,Min,Std,Median,Accent
ボ,235.77752560655497,257.58322539915827,223.2377347492079,12.64245234231564,230.49572565373165,0
オ,274.50541711219154,310.9500042918037,229.08045725035097,27.99339372392419,276.9888254477685,2
ッ,0,0,0,0,0,0
ト,318.7479859110414,327.45411989292603,310.73154230645287,4.456413725577562,318.36528302319545,0
シ,286.57637667243495,317.2091287721901,254.08539895101634,22.378097456289012,291.5448038046208,0
テ,314.5284954961117,334.0744177497938,301.25096604899187,14.114160895397193,308.2601026895496,2
イ,295.35450297802174,301.4677960595124,282.6826574035165,4.407999228860024,295.616198058172,0
タ,262.2300200067812,279.34121907890574,242.36174012936576,10.711857268292588,263.8697935253553,0
ラ,189.50528405946122,237.31188854956613,147.08962420985134,22.531063009852005,187.8497025620738,1
、,0.0,0,0,0.0,0.0,0
ソ,277.9753257256845,291.8189979353851,261.40265264609025,9.45402505489248,277.9875311020388,0
ラ,337.92216752684834,370.1888716661005,299.7607678083936,21.307864349364735,336.47874717346093,1
ガ,226.4294144710236,297.50533367712336,179.39022105453373,36.31262396458483,215.14663974294413,0
ア,157.83539256200697,175.00349277616758,150.7201671493441,6.4623351752239175,155.6732447191425,0
カ,192.81916851765857,231.16615401075134,133.73442723169654,38.43610565551886,219.38012055154036,2
ラ,280.96025781932246,319.86329494765124,234.53714161928607,26.671673822010938,287.3927460707284,0
ン,317.97214630132106,325.6708596578953,305.98352141007416,5.9198189472104,318.6419331536452,1
デ,260.2081672928234,302.47570829549494,233.43058097744506,19.533355640176016,255.22073598079857,0
キ,208.52092574910156,244.0092254993509,183.17745155184116,19.346887101827527,202.26476755433205,0
タ,164.10756495153603,197.21532253135663,148.5054379849934,13.194028393600728,158.87328043309145,0
