Mora,Mean,Max,Min,Std,Median,Accent
ク,0,0,0,0,0,0
ス,240.7773396469099,252.1251840018116,225.1955724855692,8.137003451006452,241.27969664257512,2
リ,222.51008414344815,237.73221717302314,205.25220607379674,10.152862869435522,226.6986565444641,0
ワ,212.6754582318553,225.45425333421463,194.12873265788483,8.399087198319286,213.72195762715097,0
、,0.0,0,0,0.0,0.0,0
コ,223.0307272294987,266.79054169257466,206.861115232415,22.31987768222486,214.68312964041255,0
ド,207.90110918795372,232.69020688852646,184.14018535096133,18.028934416417922,204.65359843977086,2
モ,251.16742312112814,273.8443550679649,225.0629716633381,16.82110286694463,253.82387997273958,0
ノ,273.4741057558347,276.88845369795877,266.01381490855385,2.94212222505565,273.8772541725094,0
テ,274.5454613701505,305.8379389967605,232.58934231346365,30.002971596396417,292.6670956706871,0
ノ,279.5459511498787,307.64135550968933,232.32476388906292,19.767827827738166,287.4934508705251,1
ト,193.02642848464842,211.23934426300687,179.9597395909632,8.668712379326896,191.91779294879723,0
ド,183.16449697110917,208.19581295224012,156.02284268765774,18.240999448508386,184.7211265982615,2
カ,252.4956619748254,291.061965600863,196.73967796626863,40.52227113872948,278.2157200962071,0
ナ,283.0710615761162,294.5505415922284,252.9284369157455,12.47489907089432,289.4721456800951,1
イ,229.56320630830226,248.86125485135432,188.41331598370343,15.964333885631632,232.3041081439381,0
ト,187.59292740167834,193.65322959867936,183.40995976492258,3.334580576446788,187.29849712160365,0
コ,184.52896270268684,190.0957873593175,180.31241792801816,2.8372527517141433,183.98492641035773,2
ロ,171.56515866027993,179.03448107251947,160.70472140609553,4.6063499914496155,172.4823180474409,0
ニ,162.07012835397805,169.1744120042603,151.6349257226772,5.268916769976861,163.7116216516011,1
オ,145.63259310289672,150.66084466907424,141.89252766277917,2.2884367019256793,144.649249399202,0
ク,156.68871167595523,200.21535016321656,99.17121086603677,35.36172205625153,140.53069018691454,2
ベ,210.385063964161,230.39312728760532,194.16410011222726,14.789228362310348,202.26621881938456,0
キ,198.94146088905052,233.59132409709707,139.14214154514465,21.313620528761614,203.1613405762317,1
ダ,156.1209611135698,195.55539460872012,137.59314047214562,16.076577106564585,152.53223216443405,0
