Mora,Mean,Max,Min,Std,Median,Accent
シ,235.34964337987373,250.14852345556892,226.8936790408973,8.816274643317756,232.17818551151436,0
バ,237.3142375776771,273.6116979549329,191.34323109494127,29.23993840771004,252.53535329543382,2
カ,283.4551229589759,304.4450592751841,242.2915610188955,19.548370699235335,290.8187781841947,0
リ,264.3474770616266,289.2280440126145,241.42613120248808,15.873879629634649,261.95466683574614,0
キ,204.44800790519477,236.50104070391583,174.62803410365734,18.556336678236136,201.316510003392,1
ガ,162.50225013420138,177.60696389748603,150.0285114778758,7.293295435217536,162.40513689433786,0
、,0.0,0,0,0.0,0.0,0
カ,291.90007366070785,349.14850555277917,218.4150531054151,39.72213472285147,296.7814184832446,0
ン,351.00509328927586,352.71924534119523,348.7210816351132,1.280190005613249,351.1849792496423,1
ソ,305.00214862216234,342.7648133837986,260.2201807119192,31.228942973005726,311.38479616997967,0
ナ,221.1320639918322,261.3505220311375,193.70019865225444,22.430970669453007,216.7463386120987,0
ツ,176.54404792887374,191.74951625288202,167.34924454929518,8.799883964371656,173.68846828773846,0
ク,194.45304010109982,203.00405004289456,186.5093516452471,5.832083727526342,193.63741319031413,2
リ,182.12335270185278,190.90974961504392,163.8466947140789,7.094315479021454,180.9646440859791,0
ノ,183.68629879896113,192.0105322361198,171.85238803263385,3.7444446005345773,183.52152346753405,0
ニ,169.14479524637645,179.12727675425518,159.2932371872532,5.812637872983791,169.5999905957889,0
グ,185.21609061537578,224.21628658157576,159.53816468599175,23.139460255202856,178.7979830137732,2
ル,242.39207262886381,270.843338184978,209.9572059201151,16.32471580716156,248.23347804077744,1
マ,210.25354052420766,245.30740815254498,172.2612899580551,22.243013122468767,214.4538847300115,0
ニ,160.59442042900085,170.7891797381802,144.66189830819903,6.81022945778778,161.73988232527716,0
ツ,163.8178251285792,184.02675525843426,134.071477809003,18.130598385726806,172.4958364647752,0
ン,179.884039633878,186.29357825854453,175.49545276164585,2.9693169593111097,179.0481313833793,2
デ,192.32568392385468,199.33084853470723,187.04606446866708,4.461772698801731,190.9064875694683,0
ア,194.5568466540468,198.92499747511863,186.79593147078904,3.10853942209177,195.19383493061304,0
ル,160.73858617187517,185.22775070872285,144.30720169205526,12.296263074325084,158.8039806199522,1
