Mora,Mean,Max,Min,Std,Median,Accent
ワ,178.16244091295826,183.1679070245624,173.74606551990993,2.8034015418024785,178.3370570384746,0
タ,217.79373838238172,242.92851831923633,168.16389123656327,26.45753527064377,236.48314862783815,2
シ,270.3284087284981,304.2108283479914,207.59899250807212,28.464772856324903,258.33872745590384,0
イ,313.6628489141435,319.6884375114702,301.9935608334212,6.06899804457126,315.9070880964664,0
ガ,251.39526829275647,311.5881417346699,197.15509520281827,38.084198702381784,244.51545235877762,1
イ,190.45607918851442,194.88941021958627,186.76451961990762,2.6898313508390985,190.15389801245777,0
ノ,169.1451730741064,184.45924414715336,155.1422153377957,9.56764076290941,171.00920707104092,0
ダ,165.06474526404844,212.44448764008874,125.70188414231403,20.87429398136506,171.94217854031893,0
レ,230.0801193358176,278.18649138470624,185.93119661974362,31.01441968163969,229.48416185208012,1
モ,253.69729180231315,289.70338570343733,200.1266017072517,29.576929375729737,256.9753480388033,0
ガ,163.45448756587993,198.65828537641593,129.68475055417895,17.699249318780446,161.79823225016972,0
、,0.0,0,0,0.0,0.0,0
ソ,176.64378666305802,193.9087190741737,161.93483246342973,10.539897858731646,175.67543606858004,0
レ,148.33022995749496,160.74692114001013,140.7815874417715,5.163521129827516,148.20034348552943,2
ヲ,154.40730243644228,191.17548104974193,137.69698344739749,17.04840515853235,146.8473290888972,0
シ,203.1887775126724,211.37214938888044,193.098575133548,6.340709091891717,202.98679302423582,0
ッ,0,0,0,0,0,2
テ,217.29956792480587,237.2884965103505,206.3930182253326,14.15391228100601,208.21718903873455,0
イ,195.73856970940483,201.48992696871562,192.50479522147947,2.2434463390060624,195.4107130960855,0
マ,192.43300853596307,201.11197800977908,187.47061842324052,3.4761533174436403,193.75469116314247,0
ス,194.7041018915577,201.22469281388194,191.73304154568356,2.901359406238324,194.0831178169875,0
