Mora,Mean,Max,Min,Std,Median,Accent
ヨ,197.9820806505835,221.09820808103564,176.99170351398905,12.931635250891802,195.97466682164048,0
ビ,225.71911029649368,264.32704500974273,193.5409916011649,26.014148764849427,223.50212435286903,2
ダ,295.07508422086136,319.9394974960127,242.64522062190335,29.04237259130309,312.8151237316914,0
シ,317.52682915386765,326.45822199143817,311.49719054096624,3.769108214471103,317.5831831933947,1
テ,293.1762406631482,301.5058863665377,284.8465949597587,8.329645703389502,293.1762406631482,0
ホ,228.30463844068342,295.99618697623754,189.19054520173114,28.883429423562653,219.28129108216103,0
シ,204.33818449389886,213.6698309392503,195.25225788353077,6.654374029409534,205.01598377779231,2
イ,195.4020782331938,195.73007259559222,195.08685720803672,0.21521349507400522,195.40292612301522,1
ヒ,172.85930492797726,193.2525678150898,146.76032946442584,13.866096155722694,172.29159927987928,0
ト,217.25595949885573,227.93506812209012,204.57536782816757,8.910344795023008,218.2567010225826,2
ノ,196.67881519738611,210.46200977235796,174.22577161372618,7.260561826284609,198.19023421538645,0
ナ,180.670894969736,192.4587964254204,169.37286879034716,7.291368137178444,180.96585746341754,0
マ,178.6587046379655,186.55969578313767,162.99624595550807,6.16302409082807,180.64745884562024,2
エ,187.0226169421603,187.50796302144246,186.5773001789464,0.3017544132348028,187.04257078726437,0
ワ,185.62215819351408,191.43416581440152,176.93506711787404,3.663079233273499,186.48259220205085,0
ナ,176.62501066358394,201.02541034840266,145.1972395877884,10.11900983628687,175.26287324335243,0
ン,231.81010973810106,251.57854395912446,206.11505422466465,13.971754225995587,231.83211200599322,1
デ,243.85020210532596,255.80144473543385,220.28641559271753,9.206612992578806,243.993350345833,0
ス,177.56493704395518,222.07180761953762,114.00130125385054,35.82469629420015,188.68298572458002,0
カ,174.48166835814897,212.06321314988574,155.3661019436533,19.90290083481398,165.05909474474993,2
