Mora,Mean,Max,Min,Std,Median,Accent
コ,230.39316104457512,251.00262439404358,215.9002565990383,12.044539537740691,231.8735968496921,0
ショ,282.7614191864633,344.2723893373409,193.24608256933615,59.36579959396026,318.54022473317843,2
オ,341.8967991928193,344.78511405977264,338.4312691767368,2.3571772249059153,342.7356659171626,0
ノ,345.4255322539181,355.19913785857085,335.34175685069,7.462695186014582,345.80378967248515,0
オ,343.7656359455076,355.55119616632487,278.8376931328485,19.26482557259293,349.63898622631683,0
カ,268.252406056722,300.7716286799454,255.23422573432495,14.107789408924614,264.3130392971267,1
ノ,220.50026164811797,252.39807353423464,192.9839008606696,17.02812374273483,219.63867552179033,0
セ,177.37847452269904,195.34232142560703,147.40141237159358,14.646767826877504,185.64692727890287,0
エ,197.56821358605137,201.5371991034215,190.19849267802064,3.5886906633405173,198.92179591179195,0
コ,191.65103349665625,230.5048404123078,142.32303928930472,17.88973491692768,190.06665048727936,2
オ,184.26033313435954,186.90617397723017,182.1830815984777,1.6255865922343753,183.55849783872816,0
ワ,179.0678426197395,193.80410141833158,172.14742665612468,4.8396227410479975,178.1571695300546,0
、,0.0,0,0,0.0,0.0,0
ト,0,0,0,0,0,0
ク,219.3304425752506,226.0154749181427,201.2678115467159,10.438243987372998,225.01924191807188,0
ヒ,235.133022288339,240.75092456713188,227.87566413864147,4.178860533792139,235.44361067246075,2
ツ,274.33405916311193,288.5042357762337,259.0410094642788,10.433359337579322,274.8954957059676,0
ニ,252.41609879599326,272.5721196151932,246.122714061763,7.116944807467808,249.1023361515562,0
ア,228.9174540247379,243.54261378970523,218.72431986753466,6.992697718909343,227.58910102530314,0
タ,211.13820034819324,242.3775943877388,188.3801315517486,12.889005069174178,206.57239726175277,0
イ,206.81802505697766,213.2063256033855,202.446126576242,3.693366164533998,205.82356875147423,2
ス,200.3899670608844,232.54833227582108,178.71273576723485,12.174058317438835,199.52102155533763,0
ル,181.13012554788347,199.63483423867535,175.59801153833706,4.957914378153106,179.10803412724394,0
