Mora,Mean,Max,Min,Std,Median,Accent
キ,334.0466046075759,359.1346947228723,315.0280598781728,15.277039479103214,327.59815234580077,0
ン,350.61262689852856,364.1415065269866,306.7248977918338,17.006535535074274,358.38370945716974,1
カ,246.65442955434838,294.9690102477867,208.4330497283961,30.82540929016506,235.53442097622718,0
ワ,180.65723828175547,205.0835942157711,125.44336012352952,20.608599731957185,185.65569194712373,0
オ,132.63909382806935,177.22623668251637,96.97045843383171,29.143993954314166,127.5737843842854,0
モ,223.27379675674626,293.17732904626826,180.67873398497207,36.23032656711157,208.7397329083382,2
ッ,275.3356435304365,291.466628468772,264.1366014451666,10.677803220114999,270.92816594981423,1
タ,241.115350152004,246.32477792714772,232.38491000046469,5.27472064802538,242.87585634020172,0
ヨ,185.08530295391782,225.1394286361633,168.51813664267314,16.704450882974502,178.47921562297728,0
リ,152.56878945855965,167.01933640074066,135.15384721389694,10.615993329333884,155.7638296964811,0
、,0.0,0,0,0.0,0.0,0
ハ,218.92500031157473,308.1532905241991,128.33686274477938,61.02097186468143,218.13060248193463,0
ル,317.30017068314993,350.364770583744,261.1260405338833,24.630439851378885,324.35121662301435,1
カ,205.26473742432387,241.7217724072679,190.08908953348117,15.757029084533064,200.95120689650227,0
ニ,166.26597678311907,187.70603869694148,148.03258746669053,10.483130474527263,164.51107905788615,0
カ,182.75090131224982,207.7160361979037,135.69091557153985,24.47019462771477,193.75101586911845,0
チ,216.1742450297427,244.59182484660727,183.52902413403717,19.792479480087046,214.9674069828984,2
ガ,178.31890216579257,191.8008007414875,168.2718696216907,6.856678117257871,177.6394550610476,1
ア,165.54565226250983,170.9523263252079,160.06964382999126,3.367282613882402,166.55742136939034,0
ッ,154.33596848441235,160.03180294925676,142.79644329934618,6.83614292118182,157.25781384452324,1
タ,144.62508436131856,164.18750725121842,123.576505767848,11.42577237212903,150.9108024378534,0
