Mora,Mean,Max,Min,Std,Median,Accent
カ,251.75378722810314,259.2484673736183,239.40609789583846,5.26364653232579,252.94594997578713,0
ン,281.88408067890447,296.5374991872566,262.0518522484991,10.287628738936416,283.1373981177113,2
ズ,288.53277878305084,319.7649796252338,259.67769407995877,17.39040090432565,295.27469321068276,0
メ,317.205398780341,330.1656278321581,298.7783622750595,5.990888288130555,316.4045888813097,1
ノ,274.05481742326873,311.54332849282605,235.3297123057632,23.70201931815207,272.8039206967474,0
ショ,199.9247710153153,231.74079692755274,146.88528964501248,19.806660446560777,196.0358094250455,0
ク,178.24364194618076,199.20379038145518,137.26788255211267,19.423400804853934,190.30890777718847,0
リョ,180.67749723843193,197.68494247625705,157.5223521356701,12.18379369045388,184.67759376726013,2
オ,153.8866206294878,156.62752483818616,151.406398369918,1.8690398223840408,153.99097715581607,1
ワ,144.94082522259023,151.08057228953152,134.8161471627848,4.444519029481042,145.3489417311383,0
、,0.0,0,0,0.0,0.0,0
カ,218.595308379537,224.93260540296515,213.8120351634261,3.930700815572573,219.0686991060254,0
ノ,260.80382072003687,284.4574630485833,226.71269415551185,20.070083372446614,266.2700632647653,0
ジョ,235.63990371241198,275.6267520948469,204.4510629153,24.284261627789004,227.60462318446278,0
ノ,168.24250711600936,201.4817711003568,145.28835288685983,15.778812532732683,168.6878012750175,1
オ,141.63440162151645,144.24679475321105,139.638682293538,1.4124464816376776,141.67049663326986,0
キ,149.03242469879652,202.86901270679343,81.15462318787372,34.06153770474563,140.6809482367713,0
ニ,204.78547438910053,211.83165975983627,188.05459053113367,7.54401592730659,208.2051800807191,0
メ,204.38070241987126,214.31540783985795,193.4628125049015,3.404325671759991,204.01478760003607,0
サ,216.65626090299332,234.15732469323663,184.58261771125208,16.3123385941412,226.91825623043934,2
ナ,197.65408837520465,230.0922747962262,156.51426385652655,26.140565731160212,201.58739455605422,0
イ,144.22885177508624,153.94197300423372,133.73471124813142,5.972230629053725,143.31794139060693,0
