Mora,Mean,Max,Min,Std,Median,Accent
ム,184.75049813264536,207.44105988430363,142.38663535970645,16.19034896417929,192.64415439999863,0
カ,190.6886339526795,211.21521068752975,167.74260361363528,13.178393687152804,191.79688613932336,2
シ,189.01204943697186,214.12754682174543,166.5926202283007,9.581746727513996,190.54391038560718,0
、,0.0,0,0,0.0,0.0,0
ソ,204.79090078805493,214.953809457613,195.9605019914943,7.559847524251152,206.30218056676964,0
ノ,228.10843681896623,267.0759795413095,191.79670235747574,21.71838936753913,223.08046798239616,2
シ,264.58791886838003,276.8161586695929,239.0968427178663,13.727187049428366,273.627034632659,0
マ,310.03235572022817,328.26182346996364,297.2940721843608,6.706550333812791,308.3022074021105,2
ニ,222.50858572618998,292.1545760822489,168.3435138495899,40.36258451845902,217.31279363365758,1
ヒ,159.84020665164113,167.88148465729563,142.11189861451888,9.456025605435004,164.23201470066783,0
ト,286.1844979292954,297.715560712859,269.3122638727695,10.081023901253362,287.8149285481177,2
リ,321.9317154818554,346.57527788003284,255.05517070881723,22.461970513178386,320.7551319076957,0
ノ,287.32661266469273,328.3556440042422,220.06301446493296,37.21110087715549,298.3053754072446,1
ロ,182.71068124262342,214.35553655686869,166.92146096989197,13.3981284286334,177.18372025304578,0
オ,169.80139761872917,178.70875109725958,164.55210942574948,4.541442665196697,168.95750855830772,2
ジ,203.6491172773427,232.23077538362838,181.03695552253984,17.11300323773276,196.98545053656085,0
ン,235.35463225347135,238.71939764208676,231.3301816472512,2.630539081202442,235.7231979844159,0
ガ,235.3623880544015,238.51727424612716,233.019374378923,1.328316678726112,235.18275654341505,0
ス,239.76126695947477,264.48294799447757,212.7273510026259,12.428620815539553,236.6409775381773,0
ン,249.02320836941362,254.38596174331397,238.69442036245047,3.6151612376161095,249.00713981369057,1
デ,202.1429653061499,233.2592300390678,173.63147336630968,16.904840622290404,203.64209113188645,0
イ,162.91093030492718,170.69558107371273,143.69173849741335,7.368627049759748,165.6895965971745,0
タ,156.35709608455056,182.6447992867764,140.7095708475778,8.386062323542046,154.7696321224288,0
