Mora,Mean,Max,Min,Std,Median,Accent
キ,290.7807605762408,302.97729256703695,258.83073929930424,13.103631522250527,294.85433199982697,0
レ,316.4279680068652,330.0616430769675,274.2607882176744,15.802652820849456,322.031628582621,1
タ,249.27723507121837,303.8430169370745,227.8966902606792,25.410395010625166,240.85784220177487,0
ケ,186.8166363069831,223.46854104787786,148.8099380168976,20.154258288648037,181.68001288915423,0
ッ,168.45624214061934,174.46292477663306,162.44955950460562,6.006682636013721,168.45624214061934,2
カ,193.66817339124034,212.9982905586475,182.18755776580116,10.481089333949422,190.3269081929902,0
ン,177.2247927293809,181.26908479645823,171.0687974710125,2.7115385429505894,177.62692803882805,0
カ,169.13972738705138,192.73184731670057,140.5962806271173,9.989446460594088,172.086573192595,0
ラ,167.43439077834745,173.68619561829377,156.0364065467631,4.165060664944401,168.27882977438867,0
、,0.0,0,0,0.0,0.0,0
チ,193.78527026715594,214.67416390958735,182.03841459186162,10.13388631148727,192.32083583933058,0
ガ,186.65995470122812,197.13405099231946,176.96821369852506,3.759161444108233,187.3723245217532,2
、,0.0,0,0,0.0,0.0,0
ド,211.87054268975854,244.97683978241602,163.5247568304584,20.934373630705636,205.41806574965915,0
ク,288.2580155325516,335.5402104736622,227.42802909368484,47.696647679593205,323.1315524470704,1
ド,253.84025376861555,318.79410113285536,213.9392550795074,27.811834905178593,254.73639739746477,0
ク,194.05065648842,201.45060657142875,188.78887001774655,5.229953778169407,191.68951837611604,0
ト,185.18923074398268,197.21525235753,177.4650945048405,7.48855830791535,183.03828805678006,0
ナ,157.43285992455975,174.63098506093388,148.03159432133532,7.4837083883085604,156.8813286079781,0
ガ,158.45340710260172,175.47209550368382,148.13794507085493,9.020341649600795,156.4554984284631,2
レ,185.94539359354988,197.681149029818,164.81335698643795,9.254201875996044,192.18872128228972,0
デ,189.95655039410278,204.25259920909082,157.37554936309158,12.185811736601051,193.97679394044232,0
タ,153.36851828394492,179.77720245934245,136.62978141484254,13.685676431165396,148.18481653311233,1
