Mora,Mean,Max,Min,Std,Median,Accent
キ,0,0,0,0,0,0
カ,323.9676746008139,344.29395283592333,305.5072841699367,14.81783091816849,323.2505311521183,2
ン,324.1714478418071,344.6985458937388,303.7051500282246,11.798211318053006,324.23348160770195,1
ナ,237.89414447588544,298.54325620340063,184.73122072112932,36.54355779813174,236.16520460854315,0
イ,175.94325142910034,182.23825021040733,170.2009459083697,4.031535645705771,175.83891724251657,0
ノ,159.6725263641321,168.33861418409663,153.0855465225791,4.219119833478529,160.47170672651794,0
リ,176.38359012699237,197.51917301305707,158.4049100685106,12.75366253355845,172.81215461722076,2
ホ,235.70373042544935,276.82924317391786,199.9840728003448,18.699191877355013,232.91426031062844,0
オ,280.48564239384245,285.0126436284468,276.7733673056299,2.450853571523115,279.6463988036096,0
ダ,283.9080923659351,294.85266998686,261.85617264768257,9.131402280623325,285.79942725640115,0
イ,284.51915329245264,288.9434557499831,281.6105808805284,2.7182837350443885,283.3760256740857,0
チ,253.42241922472647,287.15944689760977,216.07888141235148,20.33763081878778,249.22677880431027,0
ケ,298.5073147966025,304.9261379036805,290.67601538525946,3.1763227621476773,298.4600995662503,1
ッ,0,0,0,0,0,0
ト,254.70740992441117,298.25697989912385,223.33807752150187,21.071845507417923,255.2421455328249,0
ヲ,199.60874258800945,218.71542292025097,183.43227481714803,11.202239644784916,198.29159912838813,0
リ,160.9841794589688,180.73925578313492,139.67589563388046,11.342049212465804,160.46397197994116,0
ヨ,159.25185204652746,171.2563816150442,141.8002603440255,7.010291811285772,160.68218372820613,2
オ,164.52618950168184,165.96996852711416,163.6827837158761,0.8201045416458481,164.26959196328585,0
シ,175.99484693896636,195.73318805121338,158.43365804184486,11.479883884471183,169.95415915365524,0
ヨ,183.4338893828,185.3204287251161,178.2073961494365,1.8307196726647799,184.27444664691086,0
オ,159.78898257258825,176.52765856897088,140.8808870752856,11.434711708346526,160.11591987038508,1
