Mora,Mean,Max,Min,Std,Median,Accent
ア,175.32446426369688,194.73099890852737,143.99911184527735,11.704082536429206,177.09812247397156,0
タ,233.707853811808,261.0287374032615,180.21900553911058,19.94749912888407,233.10110781484755,2
ッ,227.79127126691648,259.83893735286375,211.85280611560952,15.026891122312021,220.90415996650412,0
テ,294.6972331050924,322.98780869416316,242.40679165233513,22.255733802252426,301.68262344010526,0
ク,216.16452850555575,220.3882324879804,212.09800175050702,2.822866772670247,216.20043496525014,0
ダ,278.7515037236926,288.3909840783063,225.946925477782,17.738144091927612,284.6771492565208,2
ケ,291.72960546292876,325.19790986579403,260.41721113529445,19.666157675330016,288.48425947244414,0
ヨ,271.01695947356376,311.52978837359115,204.72644643177566,35.327863301599216,283.7101138408008,1
ガ,160.40112818316493,197.5554915821789,117.14833244736883,20.977371548900702,157.82201231082286,0
、,0.0,0,0,0.0,0.0,0
オ,156.69628867498582,163.06606714107997,150.9096373986173,4.979941365813173,156.11316148526024,0
レ,169.6803917480558,188.4893955903027,152.44662339874586,9.678304214288804,165.60770680721018,2
ノ,221.15368816302723,245.120140964917,191.008170407159,17.086437452036844,226.6499916787335,0
モ,222.9239258458325,235.8599407593306,214.8171807691044,5.9895273264004,221.99001862932067,0
チ,213.32184348376776,259.71867938376647,175.90076872799142,24.20501621921077,213.29289792121426,2
ア,264.02750492930716,274.1084298975029,258.761868394702,4.512967470751561,262.12937523230823,0
ジ,250.61509523381713,280.86977481467846,209.75580652659312,22.548045817225656,247.682417061784,1
ダ,172.0173151711353,204.957234565328,149.22294484996726,12.40231976695284,171.87657427537053,0
カ,154.08967939552218,159.93341663072303,138.36761615526555,6.605220360200968,154.48003733925168,0
ラ,142.22177781073148,151.21569010541972,133.9392381841523,5.032433480471177,141.92455435555925,0
ネ,168.19413581421088,207.2908379749691,134.74437692541616,23.682369369632593,162.70573232486927,2
