Mora,Mean,Max,Min,Std,Median,Accent
ウ,190.0625308699881,197.9495063999217,185.4361290367062,4.737671558480459,188.43224402166223,0
ラ,200.12915048920846,236.16852919267296,170.63053972731592,19.42188147235592,200.7194393281768,2
ヤ,271.8541716913017,293.3398655917696,239.63297329465377,16.44902641470953,273.6257576085162,0
マ,301.1089209044318,336.7040255588165,276.85473804847055,12.972466039919038,295.7368099173432,0
シ,318.94341768242,331.28715309497795,276.5525803453151,14.2040454745867,326.64724309846997,0
イ,330.6785429684237,331.56869580721826,329.43419074809685,0.873240167718035,330.9589445965172,1
ホ,266.2377268930084,327.0664307917674,219.17407887505505,33.729902640571204,259.9185121350849,0
ド,193.2383640245572,216.1919030146109,179.6517352651131,9.062810484635508,190.6608815362789,0
ノ,155.9291342174779,177.65036311804351,122.35116506507657,18.39774052505136,160.85116179468326,0
オ,0,0,0,0,0,0
チ,163.46198915937,163.46198915937,163.46198915937,0.0,163.46198915937,2
ツ,0,0,0,0,0,0
キ,252.05093827859042,263.62984672960323,248.3414747932478,4.8266259830612475,250.1960034288625,0
ブ,238.5965513084872,251.917115025195,221.97916033791208,12.038342193524134,244.35885506311408,0
リ,236.6603404479297,249.64501208219113,208.37407713720995,11.67608798113365,241.0826127004052,0
デ,223.27713634309274,241.9238414214022,209.3183544127296,12.517001171586701,218.16323193133167,0
ア,227.38339645061188,236.34729978366096,224.19852931678275,2.957945134121835,226.6514532007447,0
ッ,193.8355401681611,197.3274520619198,192.02601682556562,2.4697000248516177,192.15315161699792,1
タ,154.36765681606073,182.5870352325958,137.39687688196784,11.716017307187542,155.19844114571686,0
