Mora,Mean,Max,Min,Std,Median,Accent
タ,204.61814598208576,211.3245156716862,192.101364808993,7.608742372310925,207.52335172383192,0
ビ,207.09978972580825,236.99733529999693,165.7205953159499,26.055133501892332,203.56147858954756,2
ビ,242.25840366553155,272.9167821468432,216.04471261500106,20.232801215936398,234.20593452823474,0
ト,236.43062432347452,273.0661332746631,161.84467399509435,36.387981730184094,246.04892277610853,0
ワ,259.8187747505634,268.13073271200096,251.74979319311532,5.049626460746193,258.047807965369,0
タ,207.4343500046984,214.55280240497447,196.13759501740054,5.913103312451327,209.67229072092772,0
チ,201.15895103365892,232.62698532712454,170.64602078253927,19.452669498978437,204.69388460849376,2
ド,214.70297548307835,234.96694086856456,199.52715670863776,10.803583031984267,215.87880856381744,0
マ,225.33696022081153,236.43297080949716,201.24794628804446,6.298506789499992,226.75481970048466,0
ッ,193.5092574749927,193.5092574749927,193.5092574749927,0.0,193.5092574749927,0
テ,213.60382021363512,225.8086023149192,204.8316953309516,4.445979152601379,212.54958569708293,0
、,0.0,0,0,0.0,0.0,0
ワ,157.1752892608109,166.61436870976362,110.31144928629367,13.604579420953216,161.07063550189324,0
タ,213.47632175737854,216.6727655389109,210.42941836420613,2.004171502531522,213.2534375292265,2
シ,224.4067123022819,262.5508145815009,189.74220586807274,21.907220721761988,223.73068024373285,0
ニ,240.8630612652385,246.8952159612565,237.76662375620342,2.0159381893865542,240.5419357992242,0
ミ,224.55491311059387,237.22168037747213,193.56261288035563,10.820621943712451,228.23205570189032,0
チ,220.75708736464063,244.79975889865494,199.95371970911498,16.623945990947792,226.7747420778405,2
ヲ,231.53876991955576,258.2601465099706,224.19465875675064,8.275374663008586,228.7417565262614,0
キ,209.04845571696143,230.81346107086338,189.59980273803905,13.008384469411812,212.7087540197237,0
イ,202.79836017818525,210.84090245880563,192.0442733365936,4.619969903517923,201.92711609278854,2
タ,198.74001385283037,221.65624548400683,177.0609460968793,8.561377395565726,196.97067932734925,0
