Mora,Mean,Max,Min,Std,Median,Accent
コ,212.63210242123645,233.82273352540872,160.24901527541456,20.60429308353837,215.9824278608233,0
マ,252.67321091532563,303.57831091055414,205.26742283179223,32.407642868810036,246.69954108360423,2
リ,318.9355237403657,344.5737141882307,280.8926105444052,23.832366978326036,327.480817641148,0
ハ,307.3433721590602,344.2495093646649,276.67627205437145,21.02289074051359,298.2524072111522,0
テ,439.9304019428102,519.3978883328526,273.57316376275026,98.02251056683446,483.3752778378189,1
テ,161.52639914633008,213.3326301206821,121.09929818729576,25.529429498198528,161.05666327074385,0
、,0.0,0,0,0.0,0.0,0
ナ,187.73687245676345,250.44737776980494,149.50300850495077,26.876800873072714,181.09028344555833,0
ニ,323.9893556964463,361.1188344621828,262.1398580743518,29.616940414413225,329.21851113622733,1
ヲ,306.8739670549454,360.2800338423026,253.50722512045414,35.71747761960049,305.9711722977198,0
シ,222.92004465735323,250.21207037500236,185.42137301334483,19.847029673867354,223.8479113356326,0
テ,207.52179050035102,222.4321541361505,192.627603878137,11.065393623306093,207.5137019935583,2
ヨ,176.0162718810596,187.45434022578644,172.63786895459162,3.507500600932495,174.60017847813333,0
イ,169.87939959891574,173.51179639060962,155.53639310784177,4.915245550142246,171.86803191476935,1
カ,152.42695708121676,173.63850480801509,140.8452600804855,9.956789149922978,149.67104770416648,0
ワ,137.85142464785537,139.556583931678,134.98421444504044,1.3443180084821593,138.0872728995458,0
カ,176.58707077415295,188.03568188218313,136.17829767470786,18.261401536736624,183.15974854175911,2
ラ,214.38440830498473,245.37094224202812,174.48332909975977,22.248053273159865,221.1526787818784,0
ナ,241.04639870228425,252.6181835458978,213.6524864156525,12.162192157941655,247.24098466402322,1
カ,166.4672612355617,207.06931231776625,154.21525693303892,14.41455114912638,161.29372994648506,0
ッ,155.7125593077856,157.24735887706248,153.5440695226215,1.5768661913137259,156.34624952367284,0
タ,136.04142393961195,161.15024398173216,121.7787279239371,7.9305186293090255,135.59355486850143,0
