Mora,Mean,Max,Min,Std,Median,Accent
カ,332.2813422446262,345.44740247753947,308.4899776066817,10.740853157216431,334.8567952004124,0
ト,361.86624498568017,408.78897158307205,334.5787856397982,23.14805505646733,355.1530591877438,2
オ,298.1251972592806,327.0665460235632,281.0752310394434,14.982314872019952,293.0664260369645,0
セ,236.63617033223332,298.07961832731075,195.4382792246642,37.1503756117811,224.2079662397291,0
ン,193.2479073515333,194.56763029506521,190.94722441736894,1.1976490306346566,193.3120690432981,0
セ,207.0438370028854,231.2892849113392,194.5091154837719,12.753780128260253,199.78460777426704,0
エ,190.1457499700413,193.85141377094715,187.33070479792113,2.1910409456401556,189.83585189471,1
ワ,166.39003530241246,186.69820892811666,144.61229891438427,11.588626860122353,168.36015154137712,0
、,0.0,0,0,0.0,0.0,0
キ,0,0,0,0,0,0
ネ,188.27054697381044,230.19508280072478,157.33265537572373,19.7168984531165,192.13511571414608,1
ン,171.07265023836385,225.79465935804146,138.9077074945108,30.90795562838063,155.01479485390755,0
、,0.0,0,0,0.0,0.0,0
ア,174.08209669669998,185.51169082056714,161.13487453744415,7.261655219559383,173.65559194679082,0
ナ,233.09246936717037,289.8174861276041,186.58117421946352,33.812402502492226,227.39103098974797,2
タ,311.5444636854769,322.03865104772063,302.29637786958295,7.425501110319718,310.921412912302,1
ノ,251.88700048190677,298.7887381322976,210.20961954307953,26.60450527773713,250.49427545280338,0
セ,198.64183067356785,215.71845270506293,168.15405267722073,10.475316248113145,201.65127146237407,0
ン,183.31426060127603,194.73756259098315,179.87434758864717,4.033997352692056,181.7690124757277,2
セ,231.5445729448724,257.7920468009406,172.27533799591615,30.514339667399767,245.98917851766294,0
エ,233.27779854360932,239.76686058237584,227.03052170702077,4.013870550730885,232.95062248610634,1
デ,184.08661819670428,225.84714871380987,168.0516253075862,18.792033086238384,175.14264367030074,0
シ,162.49836126697573,170.53955904624593,139.49649912563083,9.870658455394473,167.8363412313577,0
タ,173.05815156315143,195.0558287169524,158.93591778010148,11.24750575190054,169.31529038160028,0
カ,189.20007953014826,271.0340031905722,149.1221296150748,35.64019976415525,169.98486041126577,2
