Mora,Mean,Max,Min,Std,Median,Accent
ツ,258.1521083604668,277.3460911382472,241.47805090327063,14.75108120987442,255.63218303988256,0
ギ,268.64819443140175,344.096671042515,231.1677299928329,38.31581288203052,252.795909385227,2
ノ,333.9869211762985,355.03785302493753,315.93956378844854,9.924656437543543,330.21809352340154,1
バ,251.8809267553088,309.02211380633184,228.4683191790698,24.55750385524023,241.25956496984145,0
ス,226.43740884539355,237.42988873176938,211.45374056628802,8.547395555385833,228.72050938775584,1
ノ,202.0547739169302,214.36192094648115,190.3081902796611,6.8881374870809475,201.64378694380412,0
ハ,158.15198707499295,187.3051507494427,130.72724404310154,15.972847048702546,159.62465443757156,0
ッ,163.33259661843385,168.02608550384988,156.0904093811235,4.31409573335746,164.75254133709558,2
シャ,181.62488649039338,236.55258292914644,124.88332789833575,39.563269360767976,156.73583340992926,0
ジ,222.29272432054287,260.0420500293321,206.53845465027007,15.234670919413107,219.69477038756702,0
コ,249.57114630978066,270.12264437118455,225.50005981155027,12.805810260163664,252.7901382962325,0
ク,190.09105859336086,220.66518046602275,164.53222725390927,14.945693781105698,184.1444158250664,1
ヲ,168.88133403314143,176.58904991338395,163.88646343164993,4.027893683548005,167.84699740657152,0
タ,168.88166180937577,189.86077235554393,154.09110013359435,11.63558140503976,166.73345393815708,0
シ,149.00118303843982,164.9764559397128,125.25098651965578,12.76610649695386,151.84090675048503,0
カ,236.0956916138478,240.8029782798467,232.63154615719367,3.4310835847409824,234.65450129432276,2
メ,257.6909516917164,277.98513646842827,227.3558166244858,16.346208456965364,258.788600706731,0
タ,256.4788302981186,274.9940347125884,241.94589720625282,10.797544311661204,253.82385123967248,1
ホ,196.85279277682739,246.07846532200344,169.86655765839265,20.087163656776827,189.1722640720054,0
オ,177.15561433277685,178.80220010128932,175.91473140774121,1.0946096835348404,176.91958690321053,0
ガ,158.70182993945795,175.06926282439937,145.56480399505364,10.410442785072354,158.59429997101472,1
イ,167.13959336202458,186.0677967372661,146.7379467445336,14.771954056648081,167.34707265686916,0
イ,175.95535975762903,181.02993997493374,169.3043993498855,4.17852724726634,176.64393488045323,0
ヨ,156.16924969253643,191.63917021467054,137.9020974865168,16.936187368512126,147.8627522976327,1
