Mora,Mean,Max,Min,Std,Median,Accent
ル,197.69704103266727,218.65628889188386,160.5325711243668,18.718360001504674,205.84133214876147,0
リ,249.90837210586344,309.98077148354025,188.0013967989764,37.361330445443855,257.62240871077347,2
イ,336.3421178261996,345.3117622092061,316.7059671738422,9.358029989188902,340.00754167822976,0
ロ,337.24958361173276,357.32932237951434,279.22762872471515,22.668253809626478,344.9600123279058,0
ニ,331.7596051161719,343.6133359336279,316.82537653930916,9.355322908047425,333.32614782417147,0
カ,270.39722424957586,299.558086157795,259.84846624531724,10.575737260684882,267.20564393105656,0
ガ,295.90120163586886,338.526658031987,264.0699686053886,22.528991282404085,294.5985059090532,2
ヤ,338.8515773228646,357.50904383203437,268.42746368893705,27.054516119298334,351.0847429237697,0
ク,225.4487129665739,271.7499692129497,197.48338858340657,20.059444889539762,224.58702844568649,1
イ,197.58687730844318,201.57643950449798,195.55554684303516,2.1276116131541136,196.72268885708132,0
シ,204.55215196981248,231.6815010485689,162.33242531025758,20.732067656566887,203.63964188511812,2
ヲ,216.8502791603765,234.30882967972633,195.43522569019817,12.674743211966915,216.1931067583499,1
ミ,172.42839865637535,193.07357687020672,160.02021283653502,8.900607692505343,169.72896689711496,0
ツ,140.62771839235964,156.787513450206,120.67044167370217,12.982612180479576,142.14081730264323,2
ケ,180.89500967293677,211.45615445207036,162.213235367475,10.332999739831338,180.8264750137688,0
、,0.0,0,0,0.0,0.0,0
ワ,160.70572911608943,167.00623129797526,153.0891950232873,4.717652041598311,161.3472476502796,0
タ,200.76557006421424,227.16751309823917,141.65242719753172,33.56039204166953,219.88011303527318,2
シ,233.00929248168748,275.6643539427309,173.65325544614907,25.95810739212917,232.8120702565443,0
ニ,261.79399035554707,268.53501744306607,256.4418046902381,4.566495033147502,260.34680055580304,0
ミ,257.41725224866394,273.3419709496644,246.94815758361787,8.712896692730235,255.69970346555505,0
セ,323.6414983653951,344.44870739922976,260.93687274332893,28.00474132186066,336.13655967208524,1
ニ,262.50400373909645,336.82491917009037,187.41317336850028,45.35488039809997,257.28920755922945,0
キ,163.59854810729306,174.72769009852328,141.30621236116832,9.853483590908677,165.10995709070784,0
タ,162.1348783310493,207.74404186326902,137.69663355549844,17.620676728140854,157.1239767282076,0
