Mora,Mean,Max,Min,Std,Median,Accent
ト,213.3949935783136,240.84553146263497,198.304514862126,9.661209898335306,210.67364951150427,0
ン,226.99241677041798,243.84358720234496,212.0755838251791,11.190555816516254,229.7159046374675,2
ダ,244.9034705138035,264.7100646562997,229.4214608876463,8.30646151319123,245.30473827057276,0
リ,185.76381648238947,230.8169010051417,109.31831580218267,30.813339837632537,189.29401565705194,1
、,0.0,0,0,0.0,0.0,0
ス,332.42615755954085,337.59205733748877,321.03531030471015,6.180002135526393,336.279249014159,0
ヲ,283.0859848106548,333.1767885171311,213.58380884352792,36.62904360538852,284.9025164018333,1
ツ,197.819519577104,226.2049585344988,188.52425710084503,13.230972300832827,191.58970846560055,0
ク,307.4417236017662,307.4417236017662,307.4417236017662,0.0,307.4417236017662,2
ッ,0,0,0,0,0,1
タ,292.21558231032,315.73240518196144,265.132023325312,17.15009862426619,290.92873048727097,0
リ,217.47033662969784,257.7850347455627,197.2472572597025,16.818657407267402,210.24515236425268,0
ス,181.47762883606734,208.86478378490327,149.0884740230713,18.58794145029949,184.99165423200938,0
ル,175.13319341905193,185.8028533081345,163.07257901200484,7.612099981830618,173.89472876421755,2
ノ,182.2413808736737,187.3645067617298,171.05888967291784,4.681704661328326,184.4404197437672,1
ワ,159.9552284302851,187.27792770184453,140.5916847545655,8.614698664285822,160.0465815616911,0
、,0.0,0,0,0.0,0.0,0
ト,186.40395152538093,197.1072575451252,180.12877170867293,6.233888066111825,183.80695361589736,0
リ,189.28479084309197,218.42385789620056,163.2907643429238,14.119608588732056,190.07716810579225,2
ノ,232.91897008768763,245.49615211068388,217.21798567780246,8.300159144533959,234.35168682407254,0
ホ,235.4426481551683,261.51099290355614,200.91163947054469,14.821518534479681,235.08950278474998,0
ン,278.6650016659928,288.0024204916941,267.154985200282,7.167859158891315,279.72601376847535,1
ショ,261.699972491174,292.2103121951869,211.9814066038126,25.897973365703567,266.0389315373653,0
オ,186.36267778495474,206.70304488183245,171.3896129710685,11.254419286883158,184.2601642498554,0
デ,160.70756487591748,174.02117728953223,146.40279248832798,6.957720546599524,159.29333936468188,0
ス,160.96446642437527,165.02485359301392,151.07049291702958,4.625300968741303,162.9517902756113,0
