Mora,Mean,Max,Min,Std,Median,Accent
ヨ,279.6429044108142,317.49988369247205,243.23910842856574,24.195298879351554,275.46747518768234,0
キ,277.2387064038325,302.8033278014415,263.20792623200447,15.293734429714975,268.40592212986195,1
コ,197.2240394271734,197.2240394271734,197.2240394271734,0.0,197.2240394271734,0
ト,219.1858703673378,230.40344901610868,214.29958630972106,5.273740825193052,217.34095565737385,2
バ,204.88502978486756,217.0514539154611,194.21782304160934,6.9714208241458095,204.97120237269968,0
ヨ,195.1542510134662,203.06149362833312,182.78796611514198,6.437762842120695,196.19896408588212,0
リ,155.03582120310537,185.49963433164768,128.90643590958192,15.2817832453056,147.2662677732344,1
、,0.0,0,0,0.0,0.0,0
ヨ,212.89325239088072,243.26712391502664,189.4112839414108,16.103706197749965,208.51659781988565,0
キ,216.3099714700677,256.4569574069527,185.86085716681703,22.174679749604504,209.1857803038519,1
オ,172.09102179076856,207.00585774308513,150.01879305149532,15.627949943609659,168.59459822282525,0
コ,166.59541207223725,198.5367964642129,129.60293801480032,28.839522420585674,188.87245412925554,2
ナ,227.05860843667708,248.8771111183965,191.27375406329884,17.464043855151154,227.49658578637974,0
イ,245.03685825915662,246.05466215937676,244.32672181585863,0.5404101135872798,244.9114390755111,0
ノ,244.13715732558705,251.18790606593817,234.06267647340772,3.958735226363497,244.12020080214273,0
ホ,217.03807474178635,250.3436009700925,170.94767005718802,23.217812467208116,217.3951261726489,0
オ,245.71602721835671,249.92049839743626,235.30841096691228,4.395189688819719,247.6988699636546,1
ガ,187.00278527578274,231.1111674566393,153.5751770604935,22.0345592929358,187.1084944870419,0
マ,141.2227425165651,151.70014147063887,136.99606428699167,3.4873355803091433,140.45944213501923,0
サ,173.5382647555051,189.3365514427707,132.109845585234,18.88532919090268,182.0666005959517,2
ル,158.54023197765918,191.9112639135373,137.02825112727447,15.312231385482256,154.6303584581426,1
