Mora,Mean,Max,Min,Std,Median,Accent
プ,225.75724161728712,233.945933887702,219.56034361403763,6.039411405232105,223.76544735012175,0
ラ,256.3577184211782,311.9142990039849,184.2071477615769,37.59128985979006,257.629986061511,2
ッ,309.064402598597,310.5343422924973,307.5944629046967,1.4699396939003009,309.064402598597,0
ト,316.9434792260479,331.19449299477657,302.27401147645605,8.36374904978892,321.25292577154215,0
ホ,307.34599112986484,327.7290638845101,292.1319708232713,12.193394413829814,302.7134688164168,0
オ,316.86917584489487,322.1713753254027,310.06696677402954,4.182973929972246,317.38293076489276,1
ム,289.63269632048326,308.74086515468304,273.0854067459463,11.366812735463503,286.09062371934635,0
ニ,226.52916406223173,267.7787216836384,189.5217860414465,23.840745001279505,221.67677038791146,0
ワ,161.66558869425063,186.8773533457349,131.62606509893584,14.059239921953754,165.78753124774508,0
、,0.0,0,0,0.0,0.0,0
ト,0,0,0,0,0,0
テ,191.37701378156092,202.87398525926602,186.4061782031471,6.092007901235287,188.76099165152226,2
モ,181.00637274599546,193.30703557816554,163.578994998702,7.270382055419816,183.77907081214147,0
、,0.0,0,0,0.0,0.0,0
オ,226.63777793127966,256.90150649604465,186.4025619309116,19.885098787428614,224.7525474363746,0
オ,283.7055871780132,300.7589574912069,250.76335279907963,14.20386604578733,287.13463152843167,1
ク,241.52860813777085,259.3048856590811,201.14997700638244,20.614745278601728,250.128412402881,0
ノ,201.22956951647708,241.13292596453311,179.23544560966084,18.38172903625877,199.04852704629786,0
ヒ,169.33837709019136,178.7508923414239,159.82393999442013,6.654824555425285,170.36134722109028,0
ト,172.39307668676824,194.01258050069126,163.947379607579,8.506954382783022,170.17145934714614,2
ガ,156.64023295296653,163.6501884333826,148.04862565170583,5.522900759047013,157.53907024993615,1
イ,141.38143985546859,147.63916126015798,127.50705683888764,5.924333990549418,143.48057331970665,0
タ,146.74817906702378,187.1491760259927,125.29018520277117,13.545803374630621,146.01945632722231,2
