Mora,Mean,Max,Min,Std,Median,Accent
ナ,192.8917291323469,207.0346495832206,182.54847845983178,6.658168976798154,191.37032860955065,0
ル,253.23943259987718,311.1982041618944,184.41338168166172,40.55880896475453,245.14324636728801,2
ホ,313.66589875272416,333.0128661036936,271.0309083444244,18.340310908526074,322.1726051207761,0
ド,296.1360503929105,341.5615582056538,253.69821380655858,23.15569799697089,308.11737145406875,0
カ,304.7859266718989,326.4045843100773,252.4481001073085,23.423335238077577,315.3555119735104,0
レ,333.7255837572846,342.41731102212333,323.8398634930684,6.452597143151252,334.231015953107,1
ワ,226.6712270468039,319.74112144053896,160.09800588606436,50.61984397380983,217.09740112118675,0
ゴ,160.74090950870223,178.62709010563574,143.50666092256807,8.820208574350897,165.34274060759694,0
オ,189.49683994697094,224.3088917973794,169.44842883700233,15.777560910846384,186.125979341497,2
ソ,257.5227495834281,287.67542217338854,220.40170010101573,21.252984941734653,254.54602368578134,0
ッ,247.74090817409765,254.62140464408708,238.17240487342798,6.979084653693183,250.4289150047779,0
キュ,263.4067721333168,286.70468445803783,212.11086141090894,25.01188111653102,275.5950532422646,0
ウ,270.22927226485047,275.1358698497286,226.13448977045766,12.958559226775296,274.8050634876718,0
ト,289.9461964007502,294.5835977586926,284.94115858031574,3.1801161816755825,290.42959998346305,0
オ,282.92094200873373,284.667940421346,281.1695497388066,1.0768866637210186,282.5499562361258,0
シュ,245.6709768093735,284.2446305014758,196.03913951494874,30.424747021182807,254.4016204638795,1
ダ,168.67550973571645,189.59403612538816,142.7090303134538,10.465573616587319,168.32471232629865,0
ガ,147.84214457204806,160.06746609253017,137.81214309132326,7.800143437473071,145.0065113257191,0
、,0.0,0,0,0.0,0.0,0
ヨ,193.51447280344587,213.41797506677182,167.73007178984548,14.19065162752586,193.09445394269648,0
ク,168.9983572080205,193.34823260113106,104.4634891951848,27.38228032455769,181.0428736775837,0
ア,154.55593814244253,174.0092845295318,148.31297690162336,6.666410128767489,151.88578737094144,0
レ,158.9530763402376,174.84629102224366,131.33099475418092,10.244621877257075,162.6519717619947,1
ル,181.0100175883797,268.5089301808677,149.09693018788738,20.91226415919617,180.62620429140821,0
