Mora,Mean,Max,Min,Std,Median,Accent
シ,0,0,0,0,0,0
コ,266.898251141701,308.16889053348797,255.10745186799596,14.194884492326942,262.49686155677034,2
オ,275.47912955265025,290.1516081064425,258.0336938920112,9.309474786184966,277.3342932592602,0
ガ,289.5936541762533,301.7201476654059,277.8053253635663,5.817762733340352,291.7109122637562,0
ズ,261.6636221671172,303.48267821557533,196.33968990242477,30.14793117620787,263.06587816185566,0
イ,318.4973881194259,331.61622311977084,302.3349317841436,9.730713929539858,319.55354182058977,1
ブ,274.3519573442492,332.4317101100409,241.23624365934333,28.611618434927017,269.34058400089555,0
ン,236.78472200416098,264.74052977862453,216.19481460845674,13.51137780481338,233.93199363111572,0
ツ,218.29405144222136,237.23254800407153,189.73181564825586,17.75105540031762,229.01336445355147,0
イ,221.98571572562668,234.59638373681364,199.68087420009485,14.21685685015772,232.32241425881182,1
テ,222.7361127355501,259.0090840786064,200.7850310119728,16.136264772308717,221.76131961134442,0
イ,198.60179684248848,200.95162546964542,192.7113634794926,2.509603228084264,199.6746295644361,0
ル,177.8821867552544,188.81550120019998,136.87141601164495,11.162298600574525,181.05606848535538,0
ト,165.10783881233115,183.1374839604144,158.47260970959272,7.380985738991834,163.18450874190515,0
オ,157.44893568364492,158.3542539547997,156.32699293171797,0.7934896008333114,157.55168224249314,0
モ,165.1510369444229,178.14691503568005,156.32963285365517,6.993919261939939,163.54454893232514,2
イ,183.20473897548516,186.77085774875133,180.00759122374626,2.1904845805443625,183.03579758884248,0
マ,192.38237187731272,205.84112539246618,182.82333703695065,4.521624032886131,193.27036885037518,0
ス,192.07310503069905,209.7373417594178,113.88805020025875,24.607689195485055,199.92895859461993,1
ガ,163.997333403059,180.56915189005034,136.91049542154514,9.069563874622038,164.12813224372934,0
