Mora,Mean,Max,Min,Std,Median,Accent
チ,246.6848312998656,266.4549703624745,239.44878197256753,11.43753905733024,240.41778643221016,0
マ,255.59432300866504,279.55121311703067,228.56604086807295,15.431075091793645,252.5041004030478,2
タ,286.0678980666734,290.59457339088624,281.21197721299995,3.2234916868806667,286.31046823633494,0
デ,266.99094864504957,285.5449775693201,243.61040044251902,14.087640219158446,269.7052883968677,0
ワ,192.20541096525164,259.04036005402236,138.00526576980099,37.00854265172346,183.786538215865,1
、,0.0,0,0,0.0,0.0,0
イ,202.32180895036458,222.91881170980048,179.7121050442813,10.870592177042479,201.46171853213062,0
ン,250.54940248505903,262.0856204739736,229.6144692695966,10.899883106040168,255.33967825092415,2
タ,297.0740865645067,327.646311574773,231.55740776053048,34.529159934286604,313.65817065782176,0
ア,306.33425068779707,309.92780228341763,304.21637987365466,1.8424553566380069,305.9073281953347,0
ネ,311.2105200731577,326.3837199947218,271.5812126312763,11.89959363092174,308.5234218859064,0
ッ,0,0,0,0,0,1
ト,253.89542786504072,265.26758696424486,245.4793259390755,6.786448577159124,253.9303004343278,0
ナ,211.05704163864402,244.42870684183558,188.58888451873221,16.557515094077203,213.21595834660417,0
ル,184.41903132044442,195.3283233886066,169.30522005507459,5.862121208333457,186.1083105329913,0
モ,168.1508447410643,180.25690405525756,158.05833655775493,7.3746070495965705,168.39989719688873,0
ノ,155.18945989911956,160.25520495309763,150.3157972118254,2.2438175912020704,154.551341246008,2
ガ,150.92052778519474,156.35663681979443,140.637507573194,4.780005552311218,152.2781661597972,1
ハ,144.4886265154914,171.81268628918798,117.2147346612502,14.028186388229749,139.87698246684482,0
ヤ,174.42303844403398,216.1488275282434,158.50308198751117,16.361454775836616,170.7405950660993,2
ッ,220.10839101688177,221.07946418995073,218.8160680087766,0.9515396858500803,220.42964085191798,1
テ,206.64511352279683,212.94657563915433,202.4007479355668,4.544399856677057,204.58801699366938,0
イ,172.20852587536393,202.8872049971045,150.0419011369499,16.961885009073406,168.15274224367755,0
マ,143.2850742863411,152.4038277676873,137.69848314115902,3.375715335921834,143.57014947298148,0
ス,148.3736634392,151.18749611585025,145.20279725292863,1.9043031749128116,148.4781500905126,0
