Mora,Mean,Max,Min,Std,Median,Accent
ミ,217.14620445772428,245.72563569946473,188.46747519290767,16.17572400677246,215.7071580436064,0
ン,248.3498026853941,254.4147655533084,241.7532458385358,4.5565946145575,248.78228002710358,2
ナ,303.7455171793937,329.98900308981973,256.9013352885884,26.140243351367957,317.95603396643554,0
ガ,264.4832396016594,312.20911260175245,216.9167865512313,30.24237186821179,264.8615087295027,1
ネ,178.10089620448488,211.5896050908883,154.25913592097785,18.035793557561053,180.57423236299644,0
ム,186.98933533028622,218.39584091615816,157.1151043953862,19.030624882890365,190.450338706762,2
ッ,214.41518823603292,252.07220617099537,201.06871352337225,14.461422391928306,209.6815377457812,0
テ,249.2738606550394,253.74634987317754,244.80137143690132,4.472489218138108,249.2738606550394,0
シ,241.4008540799019,265.2161911618106,210.86430137123716,13.520324996869247,245.01616041961546,0
マ,248.96970705872556,256.02329910002106,243.71528549309767,3.6171190384390095,249.03229661744308,0
ッ,214.98699513830482,219.68876054546212,209.33949905783507,3.8649085297666512,215.32537242274122,0
タ,265.39234451993144,266.3149137579843,264.6081246621674,0.644585898816841,265.1359762544326,0
ノ,254.9753678414847,267.80060434126534,238.265824924044,8.175020931845015,255.62596601635303,1
ガ,187.946792005475,235.57262893471844,153.1899599199897,25.337873747919527,183.59293145281927,0
ワ,145.7740094405876,154.93619834035763,141.05712849509916,3.6632208892564337,144.68631835546276,0
カ,184.35249409108866,195.0963698909968,130.80318459554593,21.313554204655112,193.04352384477033,2
ッ,191.71952520886492,214.27900695755974,168.53012688582402,12.481909940585117,192.2091697934002,1
タ,147.7472371405807,189.34345716323625,133.08808664011534,12.915760009921302,145.28990519282823,0
