Mora,Mean,Max,Min,Std,Median,Accent
キ,297.96446156607186,314.40482739285903,260.3434421457904,16.642097274676914,302.1056531786814,0
ギョ,280.59935411926745,323.9874844339482,230.7193136016099,26.651793221300373,280.19216094762135,1
オ,215.9613460561153,226.63634823987937,205.68680163709018,7.152698854328494,216.01149004836867,0
ワ,179.76407597330035,200.15757389934672,162.83389113369532,11.7650369476351,178.3301722448361,0
ソ,169.96247501693213,187.7315791735618,162.57579988070339,8.825845257798164,165.5970384877464,0
ノ,190.78251010152903,221.74020493350162,173.73775723954694,12.814763296920543,184.70785091304413,0
ア,279.6687409547331,321.83392110662163,228.0447057440292,31.67895946382142,280.926352638768,2
ト,274.54953631978464,317.56697741370226,247.52158185116326,21.327672979262314,270.70305059421435,0
ヲ,228.46959038598504,242.17179929536195,217.12165452496137,8.578049157373867,228.01316287367865,1
ネ,183.6405932288296,214.19751182114257,165.2868686963635,15.26305615512094,179.0208228731709,0
ラ,182.04775096722128,200.2173852294719,167.12069686238178,11.53639974933564,182.78742024740097,0
ッ,190.9517502736028,208.11803469548445,157.3127230016119,21.85204627793444,205.05489969426628,2
テ,217.72613435110685,261.43698551946596,199.19775816516318,15.605182063192041,216.09068225123858,0
、,0.0,0,0,0.0,0.0,0
キョ,196.8573907938322,211.466883065198,190.7049648977291,6.400948642516954,194.1119671844403,0
オ,193.76192879248617,195.06290071654033,192.66565863237088,0.7243066360985395,193.83686699990375,0
ソ,195.83431112569656,242.7335781896451,169.30533984782303,14.436019650014865,193.34417232335204,0
オ,186.64660126426793,188.35479963267477,185.746582402192,0.8106767735943011,186.44116849168213,2
シ,182.82667091302523,187.34966421863896,173.79283981724828,4.575399249431062,184.93363311935587,0
テ,193.62156983156765,212.205681163821,169.48447581198974,13.80975272840227,193.94740587665206,0
イ,180.2821160055856,186.48560721960155,177.21601924133986,2.658404979239443,179.2019890406957,0
マ,173.36665425204848,183.01179056004986,167.76656983787487,3.502689521165886,173.1397938121957,0
ス,173.47219063290584,175.14072012952346,170.55989761992336,2.066590506058221,174.71595414927071,0
