Mora,Mean,Max,Min,Std,Median,Accent
チ,300.85245708545114,311.0414281272809,277.7331399055161,10.730087813187142,304.37052481432045,0
イ,313.538355709007,318.2607055766593,303.6927821938317,3.933491371621837,313.9256441993075,1
ノ,237.77665990184343,300.64682490351606,172.95255508813273,34.46770060075979,237.3960637722823,0
タ,185.188411559374,208.14062706173007,164.79857551755325,14.195344631351306,189.44415178218048,0
メ,163.73230185618573,176.7304186648329,149.58192535100457,4.951776234511073,164.48762173604234,0
、,0.0,0,0,0.0,0.0,0
カ,236.30053080723005,240.166436154042,229.26031953738726,3.4330562794659545,236.91908199772706,0
レ,243.8657161125481,268.68343303687874,227.11529214848815,8.947721492590839,242.16768222492732,1
ワ,210.42723243364904,243.51631829051553,179.21108260023223,21.08793599228716,208.10435270841052,0
ソ,182.67620615053198,194.88132895123323,176.46308837444374,6.034733086914008,179.47248403700496,0
オ,190.55477734847256,198.73992106628225,184.88744722813763,4.491232752471548,189.77008725497518,2
ス,227.37030114192032,259.4457967690306,203.1880941531035,20.33490386655323,216.2826779065475,0
ル,231.95714804250153,246.67905625232405,206.50840370843883,13.145562401949135,240.17067695557785,0
コ,228.37231142893154,249.7578910563703,193.98461012159143,16.84672529660439,235.8805986319343,0
ト,230.19791067648637,276.0359659593719,199.86727866968437,18.056735701265413,230.11742890395715,0
ガ,199.30697801702772,220.91336546128605,178.30853750503678,12.381783284332892,199.2465146325288,1
デ,156.2179039092662,176.9579275563494,132.98098045621356,12.88033231119637,155.2173580706655,0
キ,145.06951345577997,152.59689473128591,133.11195662710958,7.372990577163781,149.08727529741915,1
タ,135.7558918035896,177.69701040349364,103.12366140072112,17.96636670086462,132.85853790391644,0
