Mora,Mean,Max,Min,Std,Median,Accent
オ,202.57669217020182,217.44234967639545,186.61253813295565,9.254460440581868,203.51090776625784,0
イ,245.3435734962089,257.54587469751567,222.61018336822596,11.918899829110464,249.0171609661333,2
ソ,286.96265115225754,328.15821545777845,233.7191912839304,32.22218237792474,308.7594677149219,0
ギ,276.70121310191115,308.8351380691594,254.3038611004632,16.84006630212883,275.9662894184424,0
デ,278.0063589676233,306.07637454111216,255.75302254064644,20.516901329730945,274.06028476482686,0
ナ,305.8408928542838,321.1773394846593,285.29546301143506,12.077608534331784,305.90208957143443,0
カ,284.34018046594315,323.76296985280163,257.1302485917855,18.41051740895965,281.06635961032265,1
ッ,226.2619478282114,250.31411931581724,200.0334903074904,20.584582888522796,228.43823386132652,0
タ,189.02563227661432,236.82540394474364,167.20555773780563,20.829389268907804,182.21312911534397,0
ラ,152.45815276643114,164.74410737598635,129.5097793075829,8.907158056402759,154.65415031328362,0
、,0.0,0,0,0.0,0.0,0
オ,157.65315774827016,160.20181336796722,155.76798791819095,1.8699130237419253,156.98967195865237,0
チャ,189.65573958736184,221.7246893051509,147.17420644417868,29.642361399622214,207.02015281269135,2
カ,229.5772489381839,273.91413263099236,189.44189766808498,23.23653096596824,241.45946705797107,0
ナ,242.67663841749433,254.1800701268221,227.80870162045457,7.56402914395486,240.71388591125228,0
ニ,250.28150212226183,261.97694170965383,206.59732995282175,13.728129687418338,256.0167980416899,0
カ,178.6237645108578,208.20341998796692,152.89277784029625,20.719999737154957,171.9131640001488,1
イ,145.12951034507836,152.98916320813439,129.73571368316277,7.305195603306116,147.797318575811,0
カ,196.02797590147293,208.3636814546159,183.69227034832994,12.335705553142972,196.02797590147293,0
ガ,199.53064450128915,211.11057671407085,182.03168420503312,9.57245644117714,203.6849760489813,2
デ,174.79765141772933,200.66214418902183,159.80767662135943,12.12630293571725,170.52680576163402,1
ス,146.8114369062056,157.11044391503344,134.12636208722034,8.076119428550328,147.07006069590375,0
カ,166.92459246152694,207.1600152782344,136.142858003016,20.540395291150805,158.21235585349547,0
