Mora,Mean,Max,Min,Std,Median,Accent
ロ,203.94097757203846,228.38815259577177,183.94611391027365,11.81697892044208,199.79356767138484,0
オ,254.99931350829496,280.17734979849956,228.8770127032341,15.665753274776863,258.3323661158221,2
カ,277.04109830174497,292.627762199481,230.45673537386443,16.99510081094001,281.1910436340522,0
ワ,277.01727544358397,278.54898101240883,275.4826283715006,0.9954849782820857,277.0511103397684,0
ス,259.0823545317715,286.8926334618994,212.67407073161314,22.93612975847036,266.1232606228812,0
ベ,222.72743878430674,247.61982525896696,201.23564314477875,17.57186118502381,232.34716952658516,2
リ,243.6626057227331,280.1737627278563,197.93597363621626,27.165380248652806,226.53100020154076,0
ヤ,275.99178229020316,280.35418934508664,269.7265986905846,3.6792374545023567,276.3739557337445,0
ス,268.5074167743326,281.8598532271247,251.35852304302995,8.839960967157205,270.805693015592,0
イ,259.7526435799678,271.12739148811266,253.07342082129273,5.939074686904196,258.2613063511427,1
ノ,215.4417277976465,252.53034117195074,166.84812560062818,30.700310765217928,220.63040008680008,0
デ,144.667785155167,166.15723407290847,121.41978009336411,12.113890564762709,143.1325070504033,0
、,0.0,0,0,0.0,0.0,0
ア,154.65182371672293,160.27083452615426,149.12223393976842,5.1621898943504005,154.60711320048452,0
シ,168.84876259204282,267.3378870372477,145.64976758870694,33.80195761088245,159.40876681200112,2
モ,290.06384634676004,305.80226204925896,273.85964799102743,9.570516260289432,291.69509162165775,0
ト,242.28606559041182,278.95734855831563,218.06201135255205,26.53973993165418,224.4292533529151,1
ニ,172.89235221055463,212.55368529444658,126.93559843748791,18.756587560055614,173.53359206438873,0
キ,155.44925573066962,173.95890302857364,120.21187980909725,18.317189130916503,160.94389972244787,0
ヲ,174.6814836203558,192.7615379951277,167.32667096844233,8.164077175665232,171.62526999397994,2
ツ,187.47466622131833,197.36751737081528,163.88062380028754,10.883820382844883,189.29270184364935,0
ケ,226.13166044772487,238.41674698905703,218.79894041788896,7.365676972652144,223.65547719197673,0
ナ,201.57413509818647,211.57714460021435,180.63433762713177,6.427955835171393,202.5779500522003,0
サ,194.5841125493183,218.58511755068892,175.36873064367714,10.971264368545636,195.87745272648908,0
イ,159.19300971056515,173.16443754916915,145.66149925578628,9.814049303983868,160.49370958923308,1
