Mora,Mean,Max,Min,Std,Median,Accent
コ,232.7428212647099,235.9929913469753,227.14641466012534,2.7244478680491357,233.06962320261607,0
ガ,276.21012903692196,326.3833251542692,232.1297503012871,31.209070817941818,272.06971412452907,2
タ,374.19227538059033,374.5804649083314,373.98860616313027,0.23092217826657838,374.10001522544985,0
シャ,343.87537089994487,373.98912377849535,314.1451603666917,22.127830194546917,341.0606885235604,1
ノ,253.4076410872853,284.3091174605203,216.5270473200201,22.44595173472037,251.8439804690581,0
ブ,194.28211102772752,214.36311807086452,182.54068298892716,9.848897485817025,193.69269487115469,0
ウ,191.74771481758043,195.94531163976185,189.38038027768212,2.065978029443665,190.8147442026155,0
ム,175.82883061397567,189.49387157063197,161.447921237943,7.448747031025431,176.9744205514931,1
ワ,154.71759322467952,161.3564655164408,135.0477141740814,6.232940747874373,155.4410305956945,0
オ,127.17937735386953,145.9463253993891,110.65450988580508,13.86858442407595,122.0444130977963,0
ワ,170.24491515562997,188.8183059097761,150.28048716455413,10.572517943799198,170.71053370397476,0
ロ,217.88186164912054,235.90792325986004,184.5567504084022,17.63865021948194,229.42598854764532,2
オ,236.03983559123986,241.92229523495638,199.50415705539876,10.654666462636673,238.9776783210886,0
ト,230.74707882496622,260.14530737338987,213.14240038224932,16.898654606180223,228.36231343762202,0
シ,221.68595529151807,239.01089558903138,190.6841215969129,17.149301353401537,227.50091164281162,0
テ,221.71990753979975,254.06217063898305,209.67780258348589,13.379298096819314,215.95632675260083,0
イ,207.3586684940623,209.77484554870583,202.52491238303807,2.2639465969655297,208.30612903382155,0
ル,194.88217881542357,230.0290986837433,178.41517880499433,9.885457439249384,195.47260713757277,0
