Mora,Mean,Max,Min,Std,Median,Accent
ウ,184.50722003149045,189.09384920245364,168.84655278023297,6.969944912341,187.59283047987134,0
タ,257.83160426263635,318.60303158073935,159.69445281826214,56.312064509712684,276.19030379975044,2
ガ,289.13626028899773,317.3080499786829,243.19550181159323,22.63918564393994,294.9412922962848,1
ヘ,185.38981052377443,236.78912762834983,154.17713871058504,22.80845427447917,182.61976600590452,0
タ,221.11927762456855,237.01178174095207,217.80671798013094,5.79125004394389,218.75847175077544,2
ナ,228.93894912260512,240.28911782856596,207.5424393192593,7.138056537476897,232.20802590605297,1
ノ,201.74421419824068,222.42038299255944,176.8580691481509,14.544802179399419,207.0977903445433,0
デ,155.5194693749243,177.1192363905046,137.83374386369218,10.5641278580152,152.2340304918165,0
、,0.0,0,0,0.0,0.0,0
カ,217.2989208529973,236.97589981205442,214.01057779753043,6.607128705485692,215.2761538502135,0
レ,216.47136607477432,231.90956342068876,200.77516987426375,8.529689763059329,217.209279740135,1
ワ,162.9327921613887,200.34282650422242,125.66354286720984,18.20714351923622,159.8926142278995,0
、,0.0,0,0,0.0,0.0,0
ヒ,0,0,0,0,0,0
ト,230.3013143629824,242.85607160730783,222.99450324518514,7.577775164054398,226.2611504108567,2
マ,251.2489198789182,272.17406789463234,221.6117621954073,18.664521415218502,258.77054076136204,0
エ,271.8489647915335,272.85416465290285,270.9573886374601,0.6693277333566112,271.7325092123515,0
デ,257.7563351285084,283.11344718657256,221.89813545677373,20.401631718883372,270.0996152978627,0
ウ,263.4507912350629,268.2512678946964,255.8402674278894,3.203778690401681,264.34220051268335,0
タ,280.0331169262753,299.81766724614295,226.69790807302917,17.55625871453954,283.24835535311576,2
ウ,277.0900382246686,282.1007363378523,269.65170338168997,4.046259167429105,277.741517223031,1
ノ,200.42323821639303,266.4243616092254,150.94954996764187,37.19053106789979,196.82078647155726,0
ヲ,142.9667326342043,150.12293960882334,136.9587735151666,4.075278306033637,143.08739235379636,0
イ,144.95711687404668,149.4798620806993,134.8882195847316,4.3158656138188976,147.07372306925538,0
ヤ,153.7783366867623,169.37328547798273,148.94462721951373,5.147758650683,151.91213940618297,2
ガ,205.18261454868494,218.79700322590674,174.30030128945106,13.156449328058926,209.84875660551648,0
ル,151.51200816316305,192.2631155148147,129.43494207522482,19.084709958004005,143.84963099033678,1
