Mora,Mean,Max,Min,Std,Median,Accent
コ,222.36039199094392,238.59987538378724,214.6865005423198,7.32732723313064,220.8823961322687,0
ズ,222.1097155366751,264.2630575455934,196.24077522800204,20.491403952028083,220.25396542272205,2
カ,231.93273288528522,274.68262200046223,193.15300008285152,20.980077414536968,229.73161789592308,1
イ,178.5011722546436,189.47876914613374,169.88805442367013,5.662664566754797,178.48067864096097,0
ヲ,157.18346092601396,168.5100246674719,134.43196091082328,8.628357809882061,157.79680770152365,0
、,0.0,0,0,0.0,0.0,0
ア,155.77250367960704,165.39410794820952,150.26867963028116,5.312132522942015,154.76963778045268,0
マ,184.12494562595984,207.53825632494252,154.79272868339092,15.4722782324139,185.63226836116849,2
リ,215.17623608494452,228.13038200477033,191.24242809935933,10.45491943537838,214.87047834934924,0
ム,189.49962296098178,219.4767010062399,172.06202406449972,14.225633923206066,186.0052803151367,0
ダ,191.00149071691632,218.0522236182468,161.16890879465132,16.786107940036384,196.24363497046897,2
ズ,236.96359685592532,287.1559378291201,214.23436098585998,22.653446099195676,226.4916660664404,0
カ,222.3189481153403,286.19842801978433,184.55926849259228,23.730533289844818,222.7835031298216,1
イ,176.6438118792485,182.08342673800675,172.56178527477363,3.4113531604195746,176.26502880098087,0
シ,164.77881320220598,184.62728668414573,123.45936595567849,17.66395763316671,172.12533040738623,0
ナ,179.88705153318676,199.65865633392303,170.29529389260588,8.966422618832306,177.6246600076425,2
イ,213.5365550168457,227.93706646152128,202.44753711692007,8.025390004456536,212.58641509772582,0
ヨ,244.0795697931655,258.364979340363,230.47081037154345,10.47770333307257,241.92962946864506,0
オ,233.0856741144447,249.91594764513218,208.66488996975448,11.476566727398065,235.8330395830012,1
ニ,166.35233679208974,203.32386520893542,139.08759874214684,17.420030401444183,160.26932384155813,0
