Mora,Mean,Max,Min,Std,Median,Accent
ホ,237.70846311427667,245.8403252882174,232.63180083620537,4.266463161061612,237.46503596977863,0
オ,257.1514834951438,272.2716555436704,243.9994824609676,9.348166559800543,256.4500614672159,2
セ,271.370893447818,278.49234541199553,257.63479296428807,6.556709109403342,273.8080473103949,0
キ,282.54635890235744,324.3933726851417,251.43761390372725,20.678513564985757,285.77480261055564,0
ワ,264.4612369083219,289.53372250609783,195.103282924794,28.127415714582945,275.33101305901846,0
、,0.0,0,0,0.0,0.0,0
オ,175.60588085291738,179.4452157379362,168.13942176412075,5.2802946153167,179.23300505669528,0
モ,211.01503514635905,285.7264622041781,177.0320386557657,32.93022609709095,193.70467713824314,2
イ,300.80531150326806,306.8917152171043,290.7980577252163,5.7668832765078974,303.1303996694412,0
ガ,316.63157997825505,329.8265074501379,304.1783256414731,9.0640806095339,318.16451687776754,0
ケ,353.6061249744535,387.1067910013015,310.26176400436714,24.4412640833828,364.6416737823384,0
ナ,326.2915223719661,365.7065877505081,264.14217779307006,29.666369715961412,338.746523860226,1
イ,241.5260841979886,259.31577171799194,225.06152539241344,10.959355302886587,241.1578930932726,0
バ,188.64971977020522,222.18379336746503,169.56944961537894,16.046530133859154,185.60656023345447,0
ショ,189.74548029355918,213.5138367178117,174.5119418250613,10.16014070223807,187.81296679804407,2
デ,171.1672716327427,183.19905242558823,161.23401286062787,6.26725180915995,171.3342377157892,0
ミ,163.80026565933144,167.91647415643732,155.41948638860893,3.2101258246229993,164.13630502135192,0
ツ,145.0283819903982,151.725620513719,140.06235122347582,4.916351821967387,143.29717423399975,0
カ,186.20189373877975,194.49938966888877,178.13972717914095,5.64959743581982,185.80557350888802,2
ッ,166.5780982040057,176.74243388079864,149.72721846826838,10.417099617012385,172.1048493512409,0
タ,175.18820314996398,209.18064973356329,149.90066933334623,11.312506500998584,173.4102415442624,0
