Mora,Mean,Max,Min,Std,Median,Accent
ス,0,0,0,0,0,0
キ,311.4021970994373,333.6256297029076,264.29610202517415,26.64057583578308,323.8113813490421,2
ナ,336.0708368851039,350.69431647734405,314.86633300766175,8.896071781737295,335.9923601630844,1
ヒ,275.0698342951652,329.7379421933784,208.0640435905164,41.30915825084513,284.40669252871413,0
ト,243.86709460641276,258.31641855404513,230.56374649262926,9.67447959914112,243.91055948963125,2
ナ,202.2454977047557,226.66083936913608,176.04817917184033,14.946710720889687,204.64396638908005,1
ラ,162.7886999848821,174.37045021944698,134.88045059734887,7.5449221877155415,163.3737686436781,0
ダ,167.3996959058576,181.10158430913856,162.37470692533424,4.7281329328551776,165.8011096313068,0
レ,172.88377950706234,208.76909014645372,155.96568546189698,10.600095934336705,172.89905083807076,2
ニ,222.62554056782213,244.01844843490153,182.6830063089153,21.68686475086866,233.33758672229112,0
デ,219.246410415362,238.44253003474842,194.53457386795128,14.531550038021539,221.32335447717435,0
モ,225.64222667343756,230.76098901778093,203.64991890661847,4.148860875359334,226.19705772850622,0
、,0.0,0,0,0.0,0.0,0
ソ,218.7965480185951,227.08928428966203,210.07167650789594,5.686345182671083,219.73245958629852,0
レ,203.54118344612635,220.60037482083672,177.65124816028003,9.218574309641088,202.78608732401267,2
ヲ,227.4448599998091,234.80368434321534,217.5838151245751,5.0788073958226985,227.7867700624554,0
ア,220.47259841281198,221.23932593504432,219.69185544400727,0.49954285034095175,220.36347995654052,0
ゲ,224.35355359829313,227.79529174533056,220.71521987264197,2.1458737560603036,224.7684832533601,2
ナ,226.95196591240625,242.3041397727116,217.5319922806597,5.416187807106128,227.16612196794551,0
サ,220.43771123779385,238.893748727659,192.9154966200644,13.677254622642307,222.73699864024624,0
イ,163.04785843924992,188.99370013827925,140.6023667770327,12.057301837492108,160.7481320132262,1
