Mora,Mean,Max,Min,Std,Median,Accent
マ,187.2227617760634,198.0230370997839,177.22511587230048,5.50296885864531,186.31942529012528,0
ラ,218.26885326717996,240.37760091152302,197.9334287377239,14.517781788018683,221.08995805888753,2
ソ,236.78963329880185,265.2840821170631,192.759211011237,15.709897404348242,239.2091469683009,0
ン,224.45533378069095,234.9186851784361,211.70749813432954,5.584655846590195,224.23590911133647,0
デ,211.42653141689686,222.27061301767867,194.44812196504236,8.473069424443576,215.5450004692218,0
、,0.0,0,0,0.0,0.0,0
ダ,179.02553338314013,185.0255854211529,177.15301245067275,2.3889663391395843,178.2448560827519,0
レ,198.10272455351026,227.0576571244409,180.49218018540805,14.960644330013206,197.2679191567742,2
モ,266.48726157154715,291.6112159956612,231.74195755295614,16.13274392787081,269.71002466481207,0
オ,278.9785001203752,284.6297498805599,249.05307396420653,8.933904178063774,282.32465402838636,0
ク,240.22418385571382,242.5223539034768,235.6881897640528,3.20752679487208,242.4620078996119,2
レ,282.1661674805862,309.1240473012451,225.01920672916424,25.957003973224207,287.4954000137093,0
ヲ,271.5543072284399,308.4737762392009,209.29933961428648,32.61952404126377,279.6920005238113,1
ト,191.51369789092433,193.47468556913418,189.87939579154812,1.4904932942359095,191.35035510150755,0
ラ,186.30874904052715,193.62394369795663,173.34083715372816,5.195022260574615,187.42256869160525,2
ナ,206.25545095848096,218.17742667463264,194.12027402471367,7.057577435465944,207.30852714540111,1
カ,184.47047702161083,196.462880126098,173.92177981681436,7.802254650736442,182.91597594016784,0
ッ,170.91603251498657,170.92322214298707,170.90884288698604,0.0071896280005177005,170.91603251498657,0
タ,150.9090298939077,172.46820681734204,133.06435705655895,8.14695930843375,149.18767671731658,0
