Mora,Mean,Max,Min,Std,Median,Accent
ホ,286.2128990067385,302.9012989742749,268.58453829139177,10.90813062970499,285.994588683257,0
オ,320.5190145066233,327.263128239685,305.89573139647297,6.5826440718193595,323.1099112026848,1
ル,276.60967849241126,320.67398047018423,228.5439971012063,30.73715666334507,264.96962364576905,0
ヲ,195.38641701404487,221.49431004304793,181.42250553815893,11.255384143788204,192.2342223952769,0
キ,201.37847418240978,244.69678301153337,153.14323502438293,31.505590551168982,182.1761883168661,0
レ,264.6406522909077,277.6762876194586,239.4341024996802,13.493509852258823,271.79047776361847,1
エ,259.07508564240004,268.2128199001144,247.5845631690381,6.803377054225242,260.5869892443545,0
ニ,210.47871256159772,245.52273791312925,186.38232507414665,17.776628619906766,211.53767891597576,0
ソ,177.25443230828245,188.25938472256271,154.90707638059274,9.00678209022154,179.45842141603157,0
オ,176.42030944001567,181.02265952907652,173.3698105450122,2.4424553758544065,176.09907516639777,2
ジ,188.41474533700767,202.64792254816282,175.77320669896048,8.041471414436915,184.37478270597592,0
シ,180.19812030285095,202.78874394028432,131.74236284488904,23.473625493673932,187.00284874979718,0
テ,236.7051668988933,237.83690718532966,235.57342661245693,1.1317402864363686,236.7051668988933,0
オ,210.4020440947403,226.69955895432244,189.9260739323595,6.552261759263253,209.26247510037297,0
カ,212.9923291081062,248.28114824308722,170.1307691127422,16.903674838396093,215.07327401231208,2
ナ,216.53692605743265,219.07953602355,213.26272428128848,2.1376900242016363,217.6168946147527,0
ケ,200.14870266410236,235.8053453439187,146.5522763834473,27.238962048113976,210.68891366965389,1
レ,176.14419808139223,204.4337067163934,162.9194219044589,12.614418350982694,171.90961872582676,0
バ,153.27813591003925,173.17401571120232,137.44853593539693,8.069019058040293,151.68752442693102,0
ナ,143.3073015313139,147.38118436960625,139.55168605995135,2.4710097967806193,143.99650065066322,0
ラ,149.80213404046262,164.6941269569134,126.95226051493457,10.295128031729385,151.84772234351303,2
ナ,149.30172040435798,165.6619777309494,131.4218249880747,11.991655175802528,149.59609470017028,1
イ,142.12303556993953,161.41241407069015,131.8276615608317,10.32644349832274,139.02732858761215,0
