Mora,Mean,Max,Min,Std,Median,Accent
フ,104.91851884739651,104.91851884739651,104.91851884739651,0.0,104.91851884739651,0
ロ,314.7078064548602,364.92251988192805,224.1957391762625,44.629200733999475,329.93597632892,2
ニ,345.9325988515505,368.029093470112,317.20781654999496,14.499568420512407,344.7789785087134,1
ハ,230.38506115738687,309.762786396455,183.00248247368808,31.78132870008617,230.14709526638322,0
イ,222.37126025405865,233.4506134284608,188.18504786850366,13.956188700778954,228.7536074980112,1
ッ,198.38628577524224,224.25859119533956,187.3634264633503,13.92756700767498,190.65342043149624,0
タ,202.96664772717796,211.47560834265852,194.71315051814227,5.679192806195942,202.99339412680115,0
ノ,178.77541310396774,193.29880479419376,161.80258448236157,10.40030615392175,180.91375800117575,0
デ,149.5703419463594,164.8546904769226,130.2809496259885,8.27317962204876,149.7028848424004,0
、,0.0,0,0,0.0,0.0,0
キ,238.82738596450898,248.4783463261626,232.61076593174917,6.918142670509821,235.3930456356152,0
ブ,223.61468863116937,243.73430485286096,209.03566559794243,11.855474591329468,219.28303058842903,1
ン,212.7972251925471,239.96711732044903,191.10795838760745,14.560783206514367,206.41606903165496,0
ガ,162.29644144438782,188.6543556021266,147.53896637311576,12.992026733311885,161.16499062761488,0
イ,147.6677025279591,149.7553234267275,146.23665207030396,1.0324573169925628,147.46835456042538,0
ッ,147.80434685823246,150.04463251023782,146.05427001046618,1.323230559673102,147.54051950372863,2
ソ,214.32649874342272,250.07284980001901,116.0392453706638,45.72272354467544,233.84124220495906,0
オ,258.2442071187769,267.2482279864838,245.47320327679364,7.497868330465854,259.6594742134676,0
ヨ,290.00072038406154,304.9354350303656,248.32045088487328,14.269933372319304,295.1402286977348,0
ク,253.6522400429058,293.6961677301672,217.19132609467312,29.633016463215952,239.9829774967197,1
ナ,208.93029103540056,276.89041685814703,169.38058457669982,31.474660309355333,203.02193928709704,0
ッ,163.74881351921627,170.07154487581968,157.9333091748805,4.4954273490010666,164.95479529738762,0
タ,146.60956190364578,156.59253760471782,140.8229971441141,4.785201855437185,146.2408346789385,0
