Mora,Mean,Max,Min,Std,Median,Accent
ア,241.35020351359887,281.5322076107183,213.57160605315644,22.188305285394236,230.97235780552515,0
タ,315.0073439112603,365.6303010290514,213.8380070588099,50.02955083043409,338.49079815159484,1
リ,281.47144619673423,328.2823136891714,242.3871630743572,23.17570282623122,279.37297159589264,0
ヲ,216.74584131571171,238.41580686281313,196.90033854140364,14.240654121158856,213.90866433089946,0
ミ,182.75682420526098,195.03511822959842,174.17214932377118,6.135696500859823,183.54670755098624,0
マ,183.22170144908776,204.59659485488325,169.0612221660858,7.093903106685231,184.3569008519049,2
ワ,202.7029121201902,211.23149634021405,193.0674157676428,4.906143914942053,203.6480228379681,0
シ,218.81134846229384,230.26872886946694,195.1745951222466,10.404508803358759,221.24574229889328,1
タ,203.9592757924408,231.6955146478532,187.59480613012028,12.808593014806657,200.7592577526237,0
ガ,160.01616412245477,184.60609091590752,143.45917578738428,12.518368508253607,158.4045244844089,0
、,0.0,0,0,0.0,0.0,0
ナ,170.26205946963267,175.55094507579886,161.96929166446972,3.2570336618261573,169.57094699668144,0
ニ,181.00655600194239,193.49005069360393,170.91909884160808,7.618750348154749,181.85178428061465,2
モ,214.40111029035003,226.56481719024845,194.6080962526071,12.016289792655106,220.27009435197067,0
ミ,237.5357368666044,245.31859415972787,226.32789806360773,6.172288361434125,236.84806420578244,0
エ,259.80699979624023,275.58937241337884,245.49325016737575,10.358886449973939,258.5046954292578,2
ナ,267.301827337008,285.77095634798087,238.19494927485823,11.432508859574925,272.04315902943233,1
カ,194.21598521959933,226.64836310942852,180.79540029407883,14.233684182932052,188.10309245653127,0
ッ,177.34132115638818,177.78357355831096,177.07873994966857,0.31454613626330274,177.16164996118505,0
タ,150.33792633969827,193.35814129347378,117.03354950602566,17.550006802773698,154.7914224836853,0
