Mora,Mean,Max,Min,Std,Median,Accent
カ,282.79571100188923,298.01656219201027,277.78707411815674,7.645458580875833,279.6963265327574,0
ノ,274.91761747319816,280.305093940676,262.52301304093726,4.087182853021677,275.07330417061786,1
ジョ,217.85332463398612,268.72097383402416,183.71657693070227,27.322673480872055,206.1938019994974,0
ワ,167.27456261603317,181.51995854933267,146.69293896099572,8.612468539912697,168.66175197402364,0
、,0.0,0,0,0.0,0.0,0
ネ,182.11020660360523,195.38740493764877,172.69937694702057,7.269264824500544,180.94392551200292,0
ン,222.24300749522666,255.9291738822211,196.16519224134709,20.13461318963114,216.8550697027321,0
ガ,274.9410109321365,282.64137965566505,259.432659625625,6.480649632208915,276.25297306957,2
ン,268.2031288184301,271.17879429736297,263.70623453529566,2.0832575669990074,268.4119505133864,0
カ,253.51757562942495,279.49250025398345,209.90013761064552,20.28486861089173,257.8453160526594,0
ナ,267.0014675691607,275.3166815889138,248.8242408296904,4.801375729434703,267.7803410509075,0
ッ,218.29098808483644,244.13412552414013,177.01940422056248,23.99976792625859,228.46800381799096,2
テ,169.67790720728073,196.2909364520368,154.74777042838443,12.232616083398709,167.5482223730171,1
、,0.0,0,0,0.0,0.0,0
コ,275.23824890270646,308.29978674521857,191.07809412823747,32.028058793505544,282.0232637679885,0
ヲ,294.4013094770269,310.05067837710266,261.12288513866827,15.891242153032408,300.63904907887263,0
ヤ,200.08722099780795,255.58765699168117,167.60310789810785,29.97856399798357,192.50453045507277,1
ド,175.45819753025978,203.61981508572174,152.66628421522415,13.676869150021227,171.82770687926615,0
シ,184.87779772739233,195.88017312289583,154.82226705708598,11.569554855075058,189.1922332972024,2
タ,163.70823842063865,194.6332347081659,143.9036564948032,10.757661098294562,160.52122496504433,1
