Mora,Mean,Max,Min,Std,Median,Accent
ド,206.88787846293098,229.7220655722157,200.968936406138,7.925426088467646,204.13820190780893,0
イ,203.9795997716803,218.23837057074903,187.22933513889106,8.594399675870152,203.6722238788086,1
ツ,184.89678642263232,211.0448530448275,171.6965602092259,11.560688739394362,184.9595655836315,0
モ,157.9915161497946,179.19811470648895,142.73050616085754,8.728474389767957,157.98733267177084,0
コ,217.08020609899083,243.25642374041527,133.74780216244358,33.370855843468945,227.0115433068945,0
イ,257.30211700100307,274.40900395357227,231.48794205892722,14.648320794004627,261.44954861478254,1
ツ,227.61160447501186,245.81809052548638,198.56999619879727,13.899624078365402,231.07802401287304,0
モ,187.69024135091615,217.70213485046597,156.88961469926662,20.78583879160609,189.32834990831327,0
フ,171.16355194689763,205.5667453754278,146.0125661918842,18.08419227108587,169.94911720833733,0
ヘ,203.23844639890982,256.6869374512022,153.80891923855594,35.855257146235154,191.281718781442,2
エ,261.2448514403297,270.2769824523084,252.68012309856965,5.700771081699391,261.55873588267985,0
バ,293.8876643401058,328.12015763549306,252.7880444765848,30.34889799372592,312.8270828935252,0
カ,290.46280621019395,351.4105991407966,238.06827434892526,24.839293888726232,290.96030536400656,1
リ,208.61400779598995,256.68856604538877,185.93667646350895,17.788783983543834,203.70705881461248,0
イ,177.7220538726051,184.00156207238564,171.16779440820733,4.3867349560461895,177.84644145682788,0
イ,166.89652161185683,169.37842732340903,165.02312990679926,1.4729227731303978,166.70091743979515,2
ヤ,172.57867866219826,181.58328181680625,165.4528346473026,5.4663393656584995,170.93088703618776,0
ガ,192.61569654709623,201.5078920651749,181.55040244649226,6.295005344234911,195.6118006985658,0
ッ,195.9565029025,201.82839063179225,187.1536168903691,6.339311702437561,198.8875011853386,1
テ,142.33683667725472,153.70414795984368,121.07840357451518,8.439102528119589,144.2560962368455,0
