Mora,Mean,Max,Min,Std,Median,Accent
ト,257.45682071098855,268.41673114804485,250.76287124696097,5.672636695053445,256.8083247575044,0
オ,283.9425570110316,293.61368609593643,272.40435366631664,6.880757181273559,284.5540132896833,2
セ,302.97373732634134,339.7840406610411,281.79821964153126,13.653659086626208,298.1412432866449,0
ン,296.3126832816646,298.52109995125306,293.4940839467098,1.7839027869962516,296.69488323820866,0
シ,283.826899448189,301.95381296052835,255.37403816806045,16.968224168627373,291.10021201995545,0
タ,304.8432483192911,327.7555391039611,292.7213375251966,10.581231395157968,302.5406799757362,0
イ,288.3358264567252,292.4396736858394,284.04537668933074,2.7218427365604256,288.7241650843321,1
ナ,219.25737495437969,281.7551290077195,172.51257136749373,36.85151269283638,215.55555631800513,0
ラ,152.6787330850261,170.71585181190227,136.76460674497196,9.984703749961872,151.39856482759006,0
、,0.0,0,0,0.0,0.0,0
イ,168.75475496146444,178.7838436992762,139.94998255817893,13.036661892238971,173.26994842586373,0
メ,205.28370682723897,236.02916712649392,173.2013144617189,18.184904566227658,207.71827314900395,2
エ,260.82921111244417,279.0832078060346,239.91879308329865,12.086842235062011,261.8429409651002,0
ジ,270.5474339597842,345.6914386921063,234.30670395656472,27.093716876712122,267.2264649955448,0
ア,342.42950596051566,350.5477043120177,331.24627727014075,5.068681955216736,340.15629463267965,0
ッ,0,0,0,0,0,1
プ,0,0,0,0,0,0
ス,220.63790005718326,221.5533548090046,219.72244530536193,0.9154547518213292,220.63790005718326,0
ル,190.60637776199172,209.29159827740907,184.26114051614422,5.5190459500531155,189.93187339125072,0
ツ,175.63288061908298,193.6740911477608,156.30318343379915,12.979161893039864,179.38855131175498,0
モ,177.84840242590042,183.3104585634833,169.04324017450898,3.081876964508667,177.53449365596109,2
リ,179.91996343878955,189.43842910149638,174.1607121550089,4.404437799218012,178.99174911939429,0
デ,174.8110119473274,190.96930487790348,161.0138359428126,9.090630497073624,171.88816498950706,0
ナ,181.37897348220866,187.72877848973116,173.00728104464065,3.2622597232199637,181.33767138790756,0
イ,172.1809615323556,179.81657392519432,149.8084200027641,9.995415752797493,176.73785073805857,1
ト,155.29030523237827,184.53833120139927,140.91077419884954,14.426639569222935,147.2947641002428,0
ネ,175.26226948595033,211.62836269081996,139.44403159009238,22.416594385489752,175.96363272512622,2
