Mora,Mean,Max,Min,Std,Median,Accent
セ,234.21481323474907,256.3622082261704,180.63820768046762,19.832062547657056,240.43566264797934,0
キ,232.3235937205788,270.2829064614338,189.72970078189238,30.811239686981406,244.5982033348646,2
ユ,321.03669379197163,337.373770386206,275.2913918716634,18.987069880107917,329.5691424282522,0
ガ,322.9372147055035,329.5660118534855,316.3410364654333,3.6256548656624803,323.0278772135249,0
イ,324.9900339130459,326.0278761162536,323.8293620505426,0.7377720729965422,325.1247935570352,1
シャ,239.26697989311947,312.1464340407264,192.28170100797382,34.89407295088988,232.04093084731045,0
ワ,168.58257582885932,189.655673338452,140.9523522804651,12.987051438674083,167.24494822829288,0
、,0.0,0,0,0.0,0.0,0
フ,0,0,0,0,0,0
タ,228.23751878292154,243.35397441578715,219.1333879631481,8.460643576133641,224.8933793194192,0
タ,217.34899523525635,254.82892031527814,194.4751032064616,17.621367205484084,225.46288387642056,2
ビ,211.5134729622403,227.75583654113686,188.36875035554138,10.118946448002324,209.57423186016734,0
ガ,173.4694215493944,182.95797303246115,163.93122748490987,4.089012474130544,173.16850507806657,0
ソ,200.2125775215378,237.61399653082805,171.64945710998077,29.15636196986269,181.37706250020847,0
リ,247.58669067366992,264.7995865124981,224.3921107642248,14.278137731911,252.35833314538917,2
ン,252.34665879234046,257.29099987576217,244.82358503565084,4.4595810155573865,253.07726770385756,0
ノ,256.0010781139516,261.4169896244093,250.2034802789881,2.1925580772027957,256.20762161107433,0
カ,242.26447487196222,253.1455328352304,227.86118269870389,8.345692082659387,243.82798387903244,0
カ,244.28324712408963,269.16181612371986,214.0098958225369,15.661584683433777,251.62415493432565,0
ク,224.3529301359396,260.3949899169997,188.92595468043086,22.464121556998425,225.69119307312826,2
ヲ,236.64466574475384,244.23035811047478,229.95230863952878,3.243068819742048,235.95101194782603,0
ア,188.30486800330382,225.19982167949576,169.22122549367717,16.601857502630544,180.4866576001213,0
ゲ,187.5037356045041,190.74015483330243,171.17305722537245,4.155422534184373,189.45721027037294,0
タ,190.17767127140561,242.62394278067958,169.61010562334016,13.05451056175473,188.25134964762316,2
