Mora,Mean,Max,Min,Std,Median,Accent
オ,179.44401895997456,182.9194684635988,176.74808992105616,2.579045998686376,178.66449849526876,0
ダ,210.01818672719415,255.88116523024084,175.86469367396134,30.900875466156332,189.19411666276076,2
ヤ,289.4306929875527,317.946525749064,222.85920512966862,23.173089643994917,292.94720377824467,1
カ,207.90476592211672,253.33874024149765,189.57432769126763,19.02497049978412,200.14816588100663,0
ナ,179.4977973529755,187.5736860048933,172.42193304263813,5.550458682337718,178.99777812724727,0
ウ,173.02104940457872,173.46434904017735,171.4433247403364,0.4692640267364809,173.0937801306674,0
ミ,166.4188915061554,173.92862427965568,153.49548938319023,5.857294515427987,168.72613799033854,1
ニ,145.24512856150957,152.46659206760606,133.50105391536468,6.010108883998927,147.30354353456067,0
ヨ,192.04016839451347,238.58703400759376,136.96385344334828,26.032900716642754,187.35939213606983,0
ッ,252.33152851631417,256.34700697629165,248.31605005633665,4.015478459977501,252.33152851631417,1
ト,236.92940422564197,301.5695133389119,202.75867913359673,25.99813483486165,231.29264754519852,0
ガ,166.46212845918552,192.45997290613036,145.32881392537845,11.970868671295747,167.89237629447044,0
ニ,148.7858419228699,174.62666356341614,127.84153951388542,11.890316709128829,146.37782958095312,0
、,0.0,0,0,0.0,0.0,2
サ,190.29323270648192,201.84047388419225,186.970106784017,4.111608305651679,188.44686309055473,0
ン,185.1806716419723,193.2071119246557,175.62652475780607,4.539039655434446,186.2859335024951,2
、,0.0,0,0,0.0,0.0,0
ウ,174.0827677860262,182.4419788549216,160.44659134774327,7.004816913565233,177.93314090821303,0
カ,178.66288539948528,196.2096154323492,158.59287447882022,11.84242825163132,180.88651935888615,2
ン,177.8445483764284,179.7663913198569,174.3319965203902,1.6474031618560285,178.18289349758305,0
デ,170.99014091345612,184.47282794731453,154.02108897836047,7.192705815459375,171.45110835869008,0
イ,168.93378508881804,169.59199961597983,168.31507320956305,0.33755424653003496,168.8594666560653,0
ル,167.90259252966626,182.7432693399887,148.92647545165045,9.209718156528849,169.44089457659123,0
