Mora,Mean,Max,Min,Std,Median,Accent
ゴ,272.60086236264334,283.7028040523069,263.92632223048935,6.208762670301397,272.5690738172866,0
メ,312.871115407347,338.07695731895546,275.12244936984473,20.309515893081183,315.89654432463647,1
ス,295.48271988707603,308.6124141610964,274.0439296078404,12.072172826658722,299.1430449754551,0
セ,202.18566383230137,223.1882963338671,192.74399895972905,9.066675654770972,199.5521910164333,0
ン,190.80387338000472,192.48178177448705,187.22501328360443,1.820688737547475,191.4767361428858,2
セ,192.73054069805363,227.6544804755953,143.12513753394634,17.88981266659857,197.3937538387496,0
エ,193.33630187165636,195.46983252571192,190.95137327281975,1.5858365809147152,193.29670573282536,1
ワ,163.41345134187227,189.4092814707736,134.72026976444394,13.970993905902104,163.12722055470078,0
、,0.0,0,0,0.0,0.0,0
ワ,157.6336415490579,162.00413301151346,152.53029383694212,3.003351176178209,157.50808292234456,0
タ,182.8046617518713,212.69528469387737,130.13606888777474,29.70704539493628,199.4508550474598,2
シ,207.56621748581216,267.8043937541908,186.19055354723244,24.8229235957885,201.97793822583296,0
ノ,252.47844769247598,256.65798263320215,248.3951342505933,2.321287378846403,253.35306392188613,0
マ,251.80571033227187,257.1550015666761,247.58095337507555,2.706275056839549,251.76424918205782,0
チ,244.05001786923995,285.4373312368926,169.26143891573403,33.388014436059805,252.99059403432238,2
ガ,262.0084391236745,276.81958665590344,238.7881414071002,12.165574892584807,264.4705173909614,1
イ,215.18549882342467,236.45438143246994,187.2669268418918,14.390674357585734,216.74786672573003,0
ヲ,168.24138019513342,183.48183693450935,154.27152222287313,9.090448644673602,168.02264846960466,0
ユ,147.32740072907396,151.986510019056,142.68732823473658,3.0505107069005484,146.79126874545346,0
ル,161.0629682532649,201.77786507431003,131.6036392941946,22.72410546302521,150.61340687997793,2
サ,208.36342960198922,244.83819647473254,176.03002560241427,24.101290540650112,198.41092459424516,0
ナ,249.22979251098843,261.19891746929335,237.67173053251858,5.336238759483996,250.37503716351023,1
カ,184.44051261672067,230.81316783233683,130.47220669165316,25.2143993690979,181.46682824082947,0
ッ,159.04431346138583,171.82287177292204,137.38256261408029,12.715897122259264,165.25145544647205,0
タ,136.820909808181,161.66755342881157,128.7172227462006,6.943210677249368,134.29899237246963,0
