Mora,Mean,Max,Min,Std,Median,Accent
ピ,312.60087453626977,330.61559499378313,295.26145365435553,11.137297355534228,311.6110940715938,0
ザ,313.6785914256168,367.174890758141,250.34467569650846,30.808666725390406,312.9153902367945,1
ヲ,217.5284025601928,244.9196446901576,198.07845922135658,14.964417629964709,214.62016912623028,0
ジ,171.05037611875602,196.60063562891222,135.1772040079695,14.808134201652237,173.21047886925356,0
ユ,217.43187477593762,273.1365092479683,180.7271284950758,29.65872856593907,212.23268146075398,2
ウ,301.49968421003814,317.88175605361624,278.58798124490187,13.000653765817654,302.96237887871666,1
ニ,283.58232120648756,322.03083899949655,224.7768969843386,31.124552077913844,292.3507200185991,0
メ,177.28773837399606,219.66590799535913,155.06431777939596,20.360473053323467,171.94967752930518,0
シ,167.70631792727016,186.45232570124597,142.51378257765816,14.614568721083538,164.92137763575766,2
ア,185.05357390435023,190.01237433606636,181.31090873563434,2.725517999119721,183.8382732609373,0
ガ,203.60367281337344,211.4246572038589,190.13673235263337,6.247855344521106,205.55512871085733,0
ッ,201.51218775284894,216.47467225491715,188.4957969904944,9.33520414954506,198.73442110967216,0
テ,215.01000211938555,234.8091371101756,197.09415377743989,11.4648640320693,215.97718423253156,0
ク,194.252339323103,245.5842963058957,160.4048549942513,22.14176671263497,190.84935993099506,0
ダ,200.3289287290654,214.63636218524874,184.36915866661423,8.40216921062618,203.32358494297594,0
サ,206.09401518468846,224.70280751365596,186.15084536509966,9.153054706829318,207.02233840200034,0
イ,165.17501245248658,181.0799195611826,147.07455375677392,10.559327020963767,165.0314933443984,1
