Mora,Mean,Max,Min,Std,Median,Accent
ア,231.08892278968864,267.63546552242565,169.97136922954041,22.259884403105787,229.28145019366366,0
ニ,257.077828913033,278.712173937224,235.84213136128258,12.895100571874485,252.9645138039137,1
イ,224.9583833372802,233.31131593235915,215.96713105727585,5.500404359840218,225.15586177271598,0
ワ,173.09721878249945,213.7613157452836,142.20918970925428,16.378100253465846,171.1006277398409,0
、,0.0,0,0,0.0,0.0,0
フ,201.32087744444527,211.72293879251427,178.13298824079635,9.088980038284483,202.9344326236337,0
ア,224.7657170278022,261.6190078345526,201.8725817040427,17.432532135016963,221.0280344395114,2
ン,276.052926280075,282.68950301908245,266.80836268248106,5.254389166898526,276.43192662364424,0
ナ,276.4776288775062,288.698543439248,264.9226784466753,6.635274481245871,277.78034279511905,0
キ,234.83679389199645,276.1191040344169,207.69363071084615,25.81165022447243,225.30033808932023,0
モ,260.3914835654048,270.4233622030946,253.4386936993396,4.508626465387659,260.74816434250874,0
チ,250.24015463376654,278.5344644974451,203.4542186674025,22.13821186507105,259.4905960911483,0
デ,240.03106818314225,263.2221959267142,214.16492296542953,18.245808286307565,244.15656912222238,0
ショ,239.20499564069573,260.145109952382,205.83176084444213,14.705325422117216,243.43914391403985,0
ク,230.26547312781761,270.8607613056723,194.9845605912353,27.927446863108948,229.15567135649104,0
ジ,244.6079585471207,258.07754462272493,236.063108921023,7.898825939755107,241.37597484616865,2
ヲ,252.0857615965614,262.4606920480319,244.74067513103273,6.426350225858034,249.54626252168373,0
シ,239.72085355147567,252.17235717528277,210.2193198522397,13.691613171972026,246.23578981823542,0
タ,259.1374021959969,274.8985241353282,247.4764972609924,10.24299314996486,257.0872936938335,0
モ,230.64214432339614,243.6750473641476,221.03932962569726,4.813443733418476,228.8969095037797,2
ノ,235.95206713860566,244.01466922181507,219.72710860526183,4.791048851280847,236.0335576386649,0
ダ,170.9333544706121,228.8127858196379,141.68223816961745,26.346787221108364,160.2183204606035,0
