Mora,Mean,Max,Min,Std,Median,Accent
ネ,227.70713451122722,294.01131347838844,190.70719955977248,31.209772817353855,212.9549396142554,0
ン,300.0721733656219,305.1964102105015,287.8419152071492,4.857705690814911,301.7923123564433,2
ザ,294.60668302552085,334.3053740303767,250.6201635785349,30.00577609855422,288.6598468462845,0
ヲ,315.4662989065279,322.93670271197743,308.8323157614869,4.712233685253765,315.9682375176103,0
シ,300.4151009678909,322.151525529016,274.56702294217183,16.966440989315448,301.39293950313436,0
タ,307.23620952934846,328.4149671233913,290.17277011057075,11.218855903503249,304.69274287402664,2
カ,272.28763621327806,317.9634915448078,227.48284968215867,33.80501962507337,273.65067817520963,0
ショ,277.1418509295004,312.65591049896165,223.54056862044254,28.496531429797507,275.7444858070031,1
ガ,187.5755341495252,215.28913163385968,166.47415622998685,13.363663785031795,187.11222488541287,0
ハ,159.6641289487955,193.56102426285477,140.7565602152443,12.6201199660888,157.92176885479086,0
レ,193.4896765493486,229.91037848531067,164.8832598868546,20.487258949320015,191.69121798305676,0
テ,259.37896797719475,296.72508028749587,211.897740859062,26.486813100337006,271.6913133255236,2
キ,228.76126960286723,239.29803896835537,211.15074875311814,9.381313593605913,230.95308551817217,0
タ,186.64520037272092,234.05060433728121,144.00100506722742,23.100563027275342,186.86518814115294,0
