Mora,Mean,Max,Min,Std,Median,Accent
マ,198.97030235488458,227.77704864508615,182.80726452432984,11.296804094632245,195.46122542894793,0
ン,257.8437309589564,274.74907122554424,207.0612240661057,17.304015060115706,262.33623496632555,2
プ,0,0,0,0,0,0
ク,297.420575348134,316.8787212122585,279.9091083863361,8.84697991510145,298.31349627814166,0
ナ,287.24854021958305,293.93717266709103,280.53373074993885,2.774172430730139,287.0652749337838,0
ノ,260.2502267779175,283.1655336227826,220.74548215295968,17.498677124245123,264.7920386865303,1
デ,169.97565695059237,216.01915273760406,140.27892541504718,19.278035883923824,167.1787303470026,0
、,0.0,0,0,0.0,0.0,0
モ,217.50514053982306,238.9547902818909,174.6729214247038,21.70692732710722,225.90289967410035,0
オ,204.51194880981868,232.0038946815797,159.89050087519513,22.38007025250262,209.86123089144044,1
コ,174.22219430045317,187.48679129070524,157.06115344006034,10.499204842824811,177.93640573493187,0
レ,198.57992213799827,254.0116665749155,163.32358561966007,27.707951335480647,193.72298537879726,2
イ,259.6615231596706,260.8506252308017,256.8428443118677,1.273494916313573,260.1001384291931,0
ジョ,211.68250188180318,258.97977210619854,171.3877672837812,24.10575659348376,210.37812038331876,1
オ,155.47212349421605,168.60128480402213,144.21339981685307,7.483648171783233,155.14491253107514,0
タ,152.35042421952514,157.4307908040755,149.95036851193473,2.7536684739031125,150.92585252673945,0
ベ,163.3015602413084,184.97308861443526,138.32255823598607,15.297859825654001,166.6149913264925,0
ラ,197.74481185562925,216.09432280805947,171.15605144081084,13.01791135823426,198.52111402470183,2
レ,215.74087013861376,235.1714695495074,200.25850539959006,10.209270555195062,216.51136163385053,0
ナ,181.66309553745677,224.71273027071112,141.3298602008344,26.84790726153407,179.98332178194795,0
イ,151.35774048120524,175.9266497123663,130.83630392699564,14.916083432979415,155.49477983987265,1
