Mora,Mean,Max,Min,Std,Median,Accent
ギ,192.52831833513773,212.4342806518004,141.11859467873424,21.248362312590366,201.43002364163772,0
ケ,275.6648998592324,310.5686354519017,188.28619972673138,35.54091447530969,287.80418305827817,2
エ,316.3033108439392,318.9159009998203,312.16969104119863,2.1447877747294797,316.95344412834925,0
デ,291.8212245754174,328.4709213016427,251.4979482786783,29.86759003683325,306.5262798764228,0
ア,309.4032651437088,316.90573645914003,279.36784824449967,9.453025694855043,313.69683780489424,0
ル,203.3962082921648,273.47438192523236,129.22640869444803,37.42018584851908,205.22019642404788,1
エ,145.69087377881124,184.43598544926283,70.44368290255431,42.57184229869071,172.09201607281082,0
リュ,225.15223237349252,281.79163143287957,158.0054652642111,36.814121024748765,231.907801868894,2
ア,299.6820221918644,306.35368621222307,284.6665964287096,6.012860223738284,301.814392262544,0
ア,294.97376723597625,299.92666726786786,286.17974438276974,4.741100553925978,296.61746775130825,0
ド,221.02036079643545,284.3496262848209,178.7884045340558,31.013284424050052,212.74323781805404,1
ニ,160.03443356334898,175.9003578996671,146.8768430697124,8.115602746730657,160.4169254253472,0
コ,198.27215632062922,294.580171426161,131.32228473801572,70.03594085701226,145.41795715234994,0
オ,331.1871661916152,344.52542328782414,303.5747786074327,11.46704910223523,333.3827967534952,0
イ,285.583443805608,310.9796594624562,260.9368428254335,16.245488731051303,285.4514480371114,1
ヲ,192.9598413800129,253.92906431954896,153.29817828535099,32.5120657836597,182.85905120298625,0
ヨ,151.50728082056582,154.46873991436104,149.37243718176768,1.3036098004687846,151.67353830440118,0
セ,161.32272772355168,191.28449240930897,125.89578634560063,16.04329404851279,157.32546039379815,0
テ,160.77896777061844,174.40405622798713,140.6523153312911,9.210228483976964,159.6939394568372,2
イ,157.65490593866636,162.79254036409054,155.08270025343035,2.3106946661778203,157.1110546145958,0
ル,155.46129893500816,167.23015564507963,132.8013750506144,6.937142369422021,157.20354272511827,0
