Mora,Mean,Max,Min,Std,Median,Accent
ソ,266.95295404929686,272.91088895592355,263.17410690144044,3.1243702342187496,266.08817391271333,0
オ,294.2736982713445,305.5483070375083,276.1314101025039,10.125267055308537,296.5257347453705,2
テ,301.7914111027747,357.2894281892103,285.2531008442295,17.782452009173614,296.4605421119548,0
ン,283.7386718569464,288.02198241263983,279.46154517300823,3.151526813745989,282.9291855664528,0
ガ,277.2549340936924,281.6025420975145,254.8664241161892,5.303337455162381,278.8480136658715,0
カ,238.51713162283193,248.77779027176626,226.41464909687082,5.114015117910119,237.88395343056257,0
ン,247.90327951485332,250.1513396778738,244.71553698657607,1.3699489579282695,248.11266801809555,2
リョ,250.00846291276366,257.19451508066794,235.3433063350989,6.566203205026964,251.5795995408737,0
オ,239.0607701628766,246.14814916433252,234.811527107501,3.6962321331959385,238.25928819744058,0
シ,225.37379099999424,236.03754206773533,200.1592763290593,12.008388268389979,230.98479690605456,0
タ,213.81271570462616,252.0257608643234,200.92322737217674,11.437378482830624,209.5883152083646,0
