Mora,Mean,Max,Min,Std,Median,Accent
サ,224.03327840443362,233.06108530203704,208.89927082792477,7.489175307099174,226.14203940400625,0
カ,287.4985891869603,322.4941183452563,200.1335531808313,41.35178735653394,305.54019475807,2
ザ,313.0971166109464,334.6885740671169,279.4495485919606,18.167384068940965,321.0460901277945,1
キ,223.9118019468727,314.78344162414817,162.7818488116165,51.51216370417376,211.82052586136678,0
コ,173.65346468207235,187.2391066499654,145.59927273622066,9.55581267753592,173.37994827008546,0
オ,181.1996323937258,191.3700634666073,171.54779056143857,7.262721064134243,181.3021270493018,2
ノ,200.18010237554387,212.45996691833804,190.13563472122462,5.650792335961709,201.88084545491424,0
ス,195.4068061778341,203.05338186164911,178.1304986751974,8.052951939934562,199.47922512110117,0
ケ,194.63199608689013,204.00688840019302,177.47787646734392,8.960296082080255,196.56975717984443,0
ワ,179.64837836872726,227.02495251942383,147.50335254718527,12.743884641058713,179.93999018371218,0
、,0.0,0,0,0.0,0.0,0
ア,190.61873234625364,213.70485283183814,164.22793091089173,16.09666690489235,191.28993062167945,0
ル,289.5974768719732,338.25396268683266,222.62441687858947,37.51758814658119,281.09431818421524,1
フィ,269.2825272922691,336.2778978813182,223.6885088182928,37.622642653757914,253.27249245591813,0
ィ,210.2486562483813,221.5761175880466,196.53811144441264,8.199077523080497,211.01232225369003,0
ニ,173.39576661097277,192.13813222991888,158.1975580158653,9.677165484795939,173.4616435971631,0
ショ,154.29848597183243,176.5618399206196,127.73902328027894,14.964935515867895,155.1101641926511,0
ゾ,166.33461457952978,200.1847129982691,127.38547741172748,19.876137853849837,173.8642967660996,0
ク,190.67228619863317,215.09140826861008,160.91006765552152,22.200156330583106,204.96473730390846,0
シ,196.8540842466102,208.8678359055224,175.85319824243413,11.616406486164706,201.55988623988176,2
テ,202.54781157469637,209.40682848951596,197.002935362227,4.434821523732113,201.89074122352122,0
イ,189.54054960930867,193.5302818882724,182.1510331351811,2.1996346794898387,189.84523759229015,0
マ,179.0704776632352,183.59601433600034,173.11250672977027,2.5500429588068263,178.46600879459643,0
ス,179.35386922097243,181.9903560216737,174.90379922074703,2.7026626853647184,180.26066082073447,0
