Mora,Mean,Max,Min,Std,Median,Accent
ゲ,233.29837136053987,279.5804172804297,205.18920547604097,22.744942495419103,221.98708514103936,0
ン,299.8385370909589,310.7472087431249,281.91662010706887,10.105988551242417,303.09618453012354,2
バ,311.4423350481676,345.9492122392303,289.3306518197044,13.950501103745541,313.39822690959795,0
ニ,310.89320793007147,314.5819951087309,305.823772190297,2.644985118944281,311.3883147199761,0
ワ,218.29124298922216,303.27394312923695,144.13684531200346,52.72705793838592,211.04254582217965,1
、,0.0,0,0,0.0,0.0,0
カ,293.5348878067875,315.79563788965123,269.80572888292727,15.103531897959096,294.31786965426744,0
レ,344.25801989625614,362.9595181215865,304.05912046083495,17.429367007787977,350.4219832812455,1
ニ,267.7788273573848,332.65058183026724,235.4653990490712,26.34312930945635,264.3541498341606,0
フ,199.59147297345365,235.2090788384922,138.63917272149914,24.970915628955197,199.88682717557666,0
リ,201.64581009724822,223.23883264517335,186.90171387928282,10.048266625694943,201.63259973811373,1
ナ,175.9157478139121,198.12420435613797,153.68513172338646,12.308642094451825,178.96793195958927,0
ショ,167.4498825227873,199.04961520497085,124.77562289218702,19.022157680014175,156.66354294634064,0
オ,184.07567912635204,187.1871692323621,179.78308738073832,2.6165496336879275,184.6300751304015,0
コ,186.34685766661235,194.91719920251037,174.1860080830366,6.366230282643559,185.70586496720802,2
ヒ,184.2194448354756,205.60319768144777,154.85753775825512,13.480573672737997,185.2926029954471,0
ン,174.5779358870137,176.53511088838772,172.87500893485768,1.2309071887089,174.56337415682148,0
ワ,166.91628724338267,173.39686986021488,158.32098643803914,4.516162054780213,167.35308765865366,0
ナ,148.36853356947924,158.35138963929828,141.6956558691218,5.3826318317120085,146.7282952031629,0
ニ,161.77302712030487,176.9625885627716,148.1916881739763,10.411327577428244,159.0313115123844,0
モ,205.72087433373053,238.30623698056763,178.3058807963909,19.640948985574564,205.85429332020328,2
ナ,253.16582562073842,261.08140552496263,238.14204518795793,6.89085148748136,256.93919094660316,0
カ,199.78942632064366,251.84742330315032,163.80398017328633,23.56810595421763,198.27021884334442,0
ッ,159.9009148834747,172.0481410804673,138.62625430831685,11.889019482751689,163.42032194633,1
タ,146.00487876251722,187.933292544952,134.26431285318117,13.444946929781215,142.61354131233,0
