Mora,Mean,Max,Min,Std,Median,Accent
ニ,224.67916465610864,258.8667488957941,179.47025659261,24.275942855650932,225.65280857359994,0
ン,259.86869426495565,261.13365558545894,256.900274258649,1.3823384920320665,260.5584796091556,2
ニ,261.9478896137162,266.2818961243565,257.7169976050009,3.002366186163882,261.32223981994116,0
ク,235.2114650724925,260.90519041442826,217.59677892876937,11.55297023203206,236.08331990714183,0
ヲ,225.64522851224024,245.2080884551484,184.71296316662801,12.111578727658864,222.938237527545,0
、,0.0,0,0,0.0,0.0,0
ヨ,255.83908138983358,335.4259058485606,196.32174167946067,41.3574410935332,250.41524409319166,0
オ,354.802414268296,358.70701747129533,342.7228508125256,4.134951050365132,355.7175954878854,1
ジ,261.1885806879613,349.52391086582,223.9133090148195,37.27244154929832,246.35382097476983,0
ン,217.17247904073656,221.16295736529557,214.4675125069825,2.367414699353206,216.686837681991,0
シ,202.6904192563453,214.79757323063424,175.25146595137502,13.397011557439734,210.44324208914946,0
テ,204.28835177971283,247.25274225047517,187.40319224693727,16.918729421986956,201.53159695195524,0
タ,185.8116050232743,200.22897576889255,160.13969463199354,13.554390935715004,193.62445548060862,0
ベ,186.0852907772672,199.03131124084905,161.2544407429192,10.100716214527946,191.19336981417632,2
レ,187.19166234064784,194.87339409932918,171.65843868919097,6.861960271058737,189.77923162251295,1
バ,168.67872967608582,189.38460708371755,154.7318785473754,10.549725733557432,166.60343641276467,0
タ,185.75962691733636,190.11523852730286,172.88772589135002,5.890169596762417,187.8168906777289,0
メ,204.333368159301,228.12449410227356,163.6488397951072,16.749950787848626,203.58572884528567,2
ニ,223.7617648973733,235.09172527643577,210.4120594178764,6.920290900934421,223.15920613584805,1
ナ,170.7459348748379,207.82174682861793,150.45932503478048,17.62043170888449,169.24387046042187,0
ル,145.62046719852125,159.78367153523948,125.4884610124282,8.553922397417095,143.96728682624843,1
