Mora,Mean,Max,Min,Std,Median,Accent
ギョ,219.51709897466367,234.84671277331918,198.4601083504878,8.16748146427795,219.39100234444518,0
オ,253.2290221982418,270.20524477373516,237.79014355478154,10.839983653953015,251.92999870325298,0
シャ,258.6519037509174,279.2584222074683,234.0583311967613,12.9306069157934,259.9822516237658,2
ガ,237.05652699823096,247.36652898212745,206.8560494424504,11.105042582732477,241.16707448773676,0
、,0.0,0,0,0.0,0.0,0
ゾ,192.28828507178926,194.2045848537504,187.68892651612904,2.2045469231553074,193.45714730329476,0
オ,230.39789521902924,265.2762600615043,195.6331736745406,22.55851512562136,229.85455416526767,0
カ,293.70943023738937,309.2766371579772,252.0246917825961,14.380745649746494,297.09440601279215,0
ノ,292.83498982770004,305.02802745022825,283.31193655056444,4.7571297983961225,291.2808796640445,2
ハ,256.1758311647315,289.21427034450346,221.66656890198917,19.123431639221376,259.087857228465,0
ナ,286.4101933472824,312.5400806691145,244.39296456353873,17.38990865043821,279.54403854660666,0
タ,298.6258720542237,327.765161647457,280.9130893343452,14.036222319137403,296.30475721907857,0
バ,223.94412190186418,277.5661494969883,194.59232712330814,26.007680604701797,214.00798940799854,2
ヲ,167.46758374278954,191.3747771906073,150.0969855618741,12.006503764859234,166.82086830370946,1
ト,172.46838140359765,179.55224571077324,163.0147402645903,6.95625154184578,174.8381582354295,0
ド,170.18899155607687,204.56155731797762,134.1409643425352,19.623693808987568,174.56501195752733,0
ケ,189.52352345709002,202.76381169863222,182.01154189484802,7.043911781234951,187.66508426787124,0
テ,160.10229100808138,170.45050943691461,153.39125464973677,5.1124039430422075,159.7681968337934,2
カ,155.74136062094118,168.34039533261065,130.5881363612121,11.393395558411093,159.09910867404705,1
ザ,162.30726069477313,173.6142477273759,136.2401703443035,9.645950248541226,164.22771834212733,0
ッ,177.20888495438425,178.09736368731726,176.32040622145126,0.8884787329329953,177.20888495438425,0
テ,208.67039963741377,213.99594323696752,203.34485603785998,5.325543599553768,208.67039963741377,2
イ,188.2112176769457,206.33604954323857,176.43128404925312,9.054758613083505,185.11572039810403,0
ル,175.9822263644116,183.80318651354918,166.8344427739718,4.4872334785591805,177.3055574434453,0
