Mora,Mean,Max,Min,Std,Median,Accent
ガ,218.17389582774553,229.18549093791978,210.8484509228704,6.168045165499848,215.98145638837582,0
イ,258.1001534484318,278.80933348475315,232.3750704802042,15.010621882868655,263.5330616860907,2
シュ,261.2076094615994,278.86720552662837,232.08015784539145,15.687921220760256,266.57398650632473,0
ツ,290.69638759364125,312.10756132354163,273.9321841103129,12.970686750235556,289.3190886618242,0
ノ,288.16796154669555,296.1381801043134,275.1035434334836,7.1340654787524445,291.3945503587709,0
ジ,214.00111562941862,288.2361853128838,181.64405553580482,33.16092607841082,200.11240394654726,0
カ,254.23845557711897,286.7892391698522,183.8054644375884,27.360812772567012,258.5486418911463,0
ン,291.6236725541481,294.04491498648576,287.3163733164608,1.9465654709395603,292.22483935533114,2
セ,305.2234086996135,319.7694498966677,272.7196413793871,17.841097117920448,317.3165572869979,0
エ,323.03326218168553,325.546522562398,319.97726922197705,1.9751792321428572,323.6177825358634,0
ゲ,293.7226091425086,313.6861868657048,273.53026508457503,10.05178935709577,295.6969740154451,1
ン,254.57622100336502,267.69335030279086,240.72215301820415,9.187799087871419,255.14569603631207,0
ヲ,195.33856791331027,235.36781068775264,172.44984086540305,19.345166147578215,189.05544325796728,0
ス,175.62457467596704,206.3427562559427,137.26486963076383,16.97145723564897,173.61091231151937,0
ル,180.71152678753867,188.65505380727487,164.3045697321842,7.049486932133714,181.07482522896603,0
ツ,197.84594734436564,220.01547793562193,173.07343081589315,17.936084012020626,197.61867673699408,2
モ,203.54058371432455,207.3225446357633,197.42935228485334,2.7014073396014693,203.84255290400904,0
リ,207.06263648622192,216.5583179286843,193.67698921521156,6.393095659983393,205.89663671098032,0
デ,202.28025980839027,216.7296038057072,189.06913713163178,10.4689875985581,205.75256533027118,0
ス,199.8256620682494,211.53171259474763,180.3147594436655,10.991043889200222,206.02942423894484,0
カ,178.93756059983266,228.6034057783708,148.54864224921954,23.075146063481036,169.12961373365744,1
