Mora,Mean,Max,Min,Std,Median,Accent
メ,206.19088406254085,231.69177414702762,175.42323185903857,11.67575816976853,204.9539024630244,0
ウ,287.495681986998,322.4007674984346,235.6168826251911,26.396099616259498,299.53641515912665,2
エ,331.7929549888213,334.1383247718983,326.3776352843353,2.0062720542807324,331.83238273854437,0
ノ,324.531070666732,347.15653109009355,294.96821295642155,19.419466766715324,328.4517109930782,0
ヒ,305.9303105488319,335.8162676053079,258.45150196535235,23.94114986776564,308.8950172722527,0
ト,350.1305579054318,364.958956642343,344.7961590232231,8.565128926102021,345.3835579780805,2
ニ,302.64138692938934,343.1610369187404,253.24556146566638,28.003946471318322,301.3107111894643,1
ワ,171.67916392931738,247.36177057679274,96.2315014026061,39.321426441317364,172.810507414204,0
、,0.0,0,0,0.0,0.0,0
レ,163.99956939652117,175.50636691604845,146.22556819651797,8.42759871589101,161.28723226249642,0
エ,180.07385198827873,186.06640354165017,174.5315212348526,3.987064640228863,179.88272440925948,2
ギ,237.36628366690385,274.88878490739063,188.45096870198364,28.053682086155174,246.75960574114208,0
タ,271.9791451653224,277.0559003998781,255.45131583765635,6.33407644110105,274.0729384019435,0
ダ,259.0777945017043,281.3310161859818,232.1785518894291,16.835074142958355,267.1104716887281,0
シ,270.59107347940824,291.39593482891064,230.56604267945033,22.223906966808375,280.16548375402823,1
ク,203.22091193007424,233.7330400190241,146.39191254746027,27.644251152992016,214.8938939196563,0
シ,179.57788392339262,210.85760350245195,134.52277203205696,23.007622417628845,180.06051018728607,0
ナ,191.53782446290114,203.2396317787788,183.4155979925493,5.266956951668916,190.09784629693667,2
ケ,220.59146119791941,262.0939823911699,172.8282262003902,31.45879538180979,209.4119209640813,1
レ,222.61849991010865,238.97052723928894,204.69888003183598,10.26068913231692,223.50936886723352,0
バ,180.43794235466095,220.6704891125327,159.71686348373672,18.398558044734273,174.12140282373304,0
ナ,162.49518580690426,168.51449757897117,157.09173422307015,3.4773944262562084,161.53779537368058,0
ラ,172.1051883941334,177.8746083151803,159.88623001668367,6.502971227741241,175.5136875903333,2
ナ,160.5136067561108,179.7768997389986,143.28759213452219,13.557179388764276,156.02631499167535,1
イ,151.06654913380567,194.48594486651433,139.76163381667092,16.355328655331576,142.76511416616898,0
