Mora,Mean,Max,Min,Std,Median,Accent
チョ,346.9021102845064,366.4981239757522,319.13984691824817,15.384657289022861,349.6005145696107,0
オ,374.29351397320653,378.26349354293353,367.29591473501984,3.5614646801658045,375.97527635640546,0
ショ,328.25103365795337,376.38184963813006,284.4273259869422,31.538220892665837,318.21038469008977,1
ガ,244.6575983063327,279.47786545600104,215.94329413352412,16.451831613530587,246.95515675953197,0
オ,202.97916289187955,215.23816855402816,199.55923852149942,3.9159087144407723,201.53405714180514,0
オ,223.77095613455427,235.22125670184084,202.2469869988581,9.96763817517659,226.1325508129184,0
イ,218.9381839342896,219.95421116959056,216.95176721436485,0.8067132830534137,219.12999037004823,0
ノ,198.6272004377695,214.9638898288564,174.8588167300589,13.84462972451483,201.87932420202648,1
ニ,162.2907753636941,190.6740444023653,144.95253865782743,8.754643056203898,162.35521023564323,0
、,0.0,0,0,0.0,0.0,0
カ,256.7502488351679,260.77617177847196,252.6731697187096,3.308234505056245,256.80140500832215,0
ノ,257.5347008432107,266.1683800699589,245.99575919077424,5.090004326752838,257.1874493320514,0
ジョ,204.64922359035907,248.00492096314977,175.73795939238082,19.830990343623245,198.1549469377627,0
ワ,158.43889312226162,172.40733134329437,149.81565786042543,6.839031621740268,156.9458468980559,1
ジ,150.31174383660286,179.2746215870416,124.83399389852775,14.459509304117901,149.77968925982552,0
マ,195.5184702336286,227.9173595306588,153.1549130265736,22.038489036541208,194.74275543476853,0
ン,231.26084378428513,235.1881770608375,228.40222876527645,2.3335168680052747,230.65088820272786,0
シ,229.26721184165223,247.07429652529368,205.83917825911203,15.664337123807428,235.46483778592645,0
タ,244.46079425702573,251.08854499429052,240.10388276175308,3.950524304738632,243.31181449140053,2
ガ,254.7039558955009,270.2578302766882,237.15098590312806,10.78637265521559,257.6262202155469,0
ラ,281.9324991459198,290.53503528555456,271.6013126512908,7.261395094446957,286.1400352561001,0
ナ,279.48204967489005,294.0270335049681,246.34773671325615,12.695878120079602,284.20715161928484,2
カ,184.15832560161275,231.33638118740288,162.81709987912865,21.26638314828554,176.299332742944,0
ッ,148.8443283952428,161.69206356693078,137.9267224196988,9.797683705734908,146.91419919909887,0
タ,139.3926728321839,150.51935153483194,129.47140340075634,5.595326025421704,139.91589269095027,1
