Mora,Mean,Max,Min,Std,Median,Accent
マ,238.08738040061016,302.7833312159297,178.9470563483725,36.328327868972615,231.3251078290303,0
ア,287.6081379851701,327.9663856279025,205.12244951496666,38.81579422852373,305.40332596957853,1
カ,194.00915446703738,213.31289050048332,160.26666767429327,11.114013893820223,193.4780313450019,0
ワ,215.5569982177891,258.6422027844414,190.06276606222866,19.333593177961305,210.8719282277553,2
イ,296.89443984384866,315.79507225925204,267.2905131544011,13.461801546900915,297.76024734908276,0
イ,239.19713190092264,269.97256447990554,198.26880539686738,21.72820456903578,240.98531928731768,1
ア,160.7355713608345,190.5143351646633,130.2901253087893,19.375197619311898,162.0636464897084,0
カ,199.49395041883773,223.30639873533514,166.7667805142876,14.75000076820194,204.255706046616,2
チャ,172.24633101158426,203.23873184660852,123.05384472884892,17.70764687270118,168.22135358236355,1
ン,158.66698906505997,164.19155229175647,143.57659417945226,5.740065124172391,160.3230060084889,0
、,0.0,0,0,0.0,0.0,0
ワ,175.56037331624952,179.77347439830405,169.23249113997147,3.1211108015206417,176.0694105766587,0
タ,186.99447388650708,219.23601763107,157.88348016250794,21.56185286343782,178.75866368255407,0
シ,208.69792690711282,238.00563235717243,167.00748796303927,20.259658419210446,208.32428388210946,2
ニ,209.35381462076452,215.0465351901029,199.48052512466816,4.412526100912903,211.04213517677925,0
モ,181.863895226314,197.79555172929872,164.9708245103855,10.494202426110967,185.8753347192067,0
ダ,157.49203869420916,182.66521931484246,140.05882565345343,9.272571264107516,156.79613123817325,1
カ,187.86241839429164,217.6290535427068,143.0418762691876,33.86878070653131,213.3233344411645,0
セ,207.6759527098184,213.69864719580897,197.91837593793755,6.071933073497284,209.54339385276353,2
テ,253.99633117974375,262.12862403886385,244.44185483692033,5.565275449800169,254.8000959545241,0
ク,197.14041526848462,232.96951564422255,148.10608784027298,22.6873416300643,196.33051106002608,0
レ,246.64839283850654,251.18401488855312,239.01879686030355,4.152882331178908,248.3140259470357,0
マ,245.36035384393483,264.68333464213066,221.05355626612877,10.674098935559057,245.26457457242992,0
ス,260.2966725170133,264.86859532917526,245.798819058075,6.390306919059763,263.525067426282,0
カ,188.97796494626678,218.8206321389207,171.27071307794486,15.74349653709764,184.11562340311662,1
