Mora,Mean,Max,Min,Std,Median,Accent
オ,185.1123581104481,199.69741377007838,172.4675834785972,9.961548003280774,185.82399001233276,0
チャ,209.60312310223676,244.26442743018927,152.34108420474982,34.03790663225273,232.7866758299292,2
ト,274.10610723940613,289.24558975887265,236.39423114812885,12.790440912688696,278.79672571145386,0
コ,257.3977913783201,281.31994333619735,209.61516099812542,25.251725191477707,273.5169452570313,0
オ,273.47559558523045,275.44256879836195,271.3060774770591,1.2974552274575888,273.37496131201925,0
ヒ,244.95094097786364,272.74942545897915,182.65962555317148,19.47337979955172,248.93643296772316,2
イ,184.34667761030047,213.41855628540267,148.8303285120169,20.287138745771507,186.7557417651191,0
、,0.0,0,0,0.0,0.0,1
ソ,180.49325951613005,191.21105931963012,173.2331794311861,6.185636063127732,179.431869809022,0
レ,171.29169752919162,182.35968894086324,151.65651415584173,5.282007857204479,172.1072230124513,0
ガ,257.24601190847585,820.6240211345878,156.25382075312106,214.38221053155738,169.08030283026082,2
、,0.0,0,0,0.0,0.0,0
イ,175.61663361382992,186.42483471336095,162.08079504670926,7.952794630743472,177.46684319954616,0
チ,180.69725862935053,226.0467104753031,137.42049599410635,35.83139594679049,155.0749873593968,0
ニ,232.86426794679636,250.2261023209709,204.84878400170538,13.44758102773441,233.77121063389603,2
チ,256.9416521182165,301.65158731788034,227.10080324601483,32.50444593847165,234.43490518729737,0
ノ,248.93203128024354,285.8221018633195,194.1815598867052,28.139015746499375,259.8600583568058,0
ス,181.5197211127253,189.58085693345595,173.4008729140716,5.250618451878504,181.07082930563416,1
タ,246.2912306774627,252.52873514608137,242.382092338665,3.037859144872513,245.3817972182349,0
ア,268.4932993671004,280.20364318136524,253.49895944621332,9.32614432489606,271.02550384403634,2
ト,203.16974032890133,235.49219045650761,179.74969062318928,18.82679052247213,199.66011482625302,1
ヲ,160.22008418994014,176.45403127089017,145.85767956327018,9.43346082242404,159.4811937317238,0
タ,148.79296652782656,164.27192961408906,137.11339689093506,6.291915393162697,147.0206466545819,0
ス,145.33107500377068,148.8096749798521,143.19288742029636,2.4812100084415962,143.99066261116354,0
ケ,176.35357877709828,204.34994966364596,136.7556778994767,16.461771592494753,178.28493364063314,2
ル,149.54333295565723,172.56353381377315,132.31754919441408,11.603388052626984,147.9518630251822,0
