Mora,Mean,Max,Min,Std,Median,Accent
コ,317.4309412970445,324.6508928530885,311.771485882463,4.1536425176986995,316.0577213092156,0
オ,334.7649855164234,349.03847600669974,313.23281794915886,8.895053200617115,334.0216402958455,1
キ,249.810349263324,300.2011077629785,223.17819684475893,23.624056854996795,240.94985727811812,0
ガ,185.79503533876994,220.24824778146237,154.93626889177688,19.742557549649145,185.9529374922015,0
ニ,148.8954221179624,157.50174926044355,141.060570261433,3.6996544208228386,148.2558591915669,0
ド,184.21634145347113,206.49769728517765,148.3435424940826,22.32441754941318,195.097829162399,2
オ,194.58506388256995,202.51236689492012,187.27766332629943,4.980431526938293,194.23429091429557,0
ト,214.77994870605815,224.7369748765786,189.14464203378859,14.827075390375107,222.6190889569327,2
ズ,230.64955586861493,277.1755533581798,208.401460985674,19.795132896130774,226.59804312691415,0
レ,284.1668371257717,310.3103304037324,244.610087303061,25.779127651596255,285.45133240528264,0
ル,274.2898354777792,309.01359506631564,218.11042048485638,23.694888124238155,276.61938713873093,1
コ,187.5060564471557,228.62109632643205,155.2624286632166,18.38747166036475,180.84665756668585,0
ト,168.46320457972732,180.32850412969688,161.51256832968505,5.3805738083184576,167.47881957218385,2
ワ,146.66042216202075,160.70659293942194,133.4307648534571,8.357454266926199,144.6529609099727,1
、,0.0,0,0,0.0,0.0,0
メ,203.78573923622264,266.03430582429945,154.46002055328572,36.811332970526216,200.1379032980854,0
ッ,0,0,0,0,0,1
タ,237.02565054108064,291.42904581974403,198.5323434841514,25.83471382613398,234.59189667252852,0
ニ,189.33321414460838,222.71292853629305,167.28891234669084,15.95273219325343,186.630004276203,0
ナ,156.87368768325427,167.2994014461955,142.54666858228825,7.053210804668523,157.20629241822985,0
イ,146.93250939124644,180.2550960372359,132.683382975795,13.922347806869002,139.88812757860074,1
