Mora,Mean,Max,Min,Std,Median,Accent
ハ,222.7494543170423,234.3198275151791,208.66581615025962,9.695473290173036,226.61200548540396,0
ヤ,276.85665211634404,318.83178517329867,211.44099943630266,32.95256051334004,288.4502616969769,2
オ,330.0583633280861,341.49231856185713,319.2562995892709,8.104596406529131,330.66058766781384,0
キ,300.7061198164854,312.5488803597408,288.73589507164166,9.722028335171672,300.83358401807374,1
ス,229.8765921559044,232.1050906999955,225.93994667802272,2.3432402172090594,230.73066562279973,0
レ,192.46168098240213,221.02839897964287,178.21279297273153,10.647911930757834,189.9087628008815,1
バ,141.79355096031514,176.62549656692997,85.31791083451309,24.522052906318805,147.78313136751976,0
、,0.0,0,0,0.0,0.0,0
ソ,214.1183233783313,231.6162568498543,199.60002126348428,11.645979972713695,212.6285076999933,0
レ,194.63880905796506,201.07593437758894,174.199833604104,7.286172253578696,196.50721237038985,2
ダ,200.3015795968806,223.91936533952304,179.46001638584224,11.858940604533366,201.30408305333316,0
ケ,198.1313174200308,214.8739579353169,176.94522342779902,12.370382550203246,200.54293863205586,0
モ,219.8612584935814,312.0249372039358,169.07928693222465,41.63406262948259,197.66778255820307,0
ッ,0,0,0,0,0,1
ト,278.6443515151621,287.64218551546435,274.12929341498176,6.362443087255909,274.16157561504036,0
キ,231.29160701203162,268.04360118572,180.67769665758973,22.56133470586247,227.1705437109882,0
ブ,189.10883081036118,225.344567784212,173.96441498352263,14.4435400228005,183.2150027720381,1
ン,170.58145520046622,172.8697781076489,167.06285682964358,2.058778890719575,171.09596851266446,0
ガ,158.88800036266355,174.26738150621264,149.88338226246464,7.592196356472402,156.0331187425645,0
ヨ,180.95855566133758,231.60562328433306,152.27776500262925,27.57421959706069,171.37846968967517,0
ク,184.65372453940515,184.65372453940515,184.65372453940515,0.0,184.65372453940515,1
ナ,209.1233801986863,233.56757896771785,179.51326215833697,18.83580212856163,207.90784038287526,0
ル,169.46452921751035,178.39390708079313,154.16597120134477,6.002191800416557,169.89543751732555,0
ダ,149.6419990940875,169.45808103988028,142.8403183268863,7.437905494297856,147.46816718165434,0
ロ,145.4838459006675,153.35246626546723,125.74807208596555,5.990496640757023,147.5977369372565,2
オ,140.09803708637133,159.9530550571401,133.62712979996527,6.218544442936608,139.0182453412687,1
