Mora,Mean,Max,Min,Std,Median,Accent
ヒ,210.95903324742685,230.59480937582055,205.7421297539229,7.093306005124196,209.27878792604943,0
ド,236.55675801949457,267.84026904485813,187.8900176732128,27.111333653411595,240.17560966728996,2
イ,245.19459829519232,260.5260761199091,226.65013996963395,11.095174742820996,245.8486549870695,1
ネ,190.40391970941414,227.20994616688995,170.3613399890764,13.386627158581453,186.43729950523263,0
、,0.0,0,0,0.0,0.0,0
ボ,215.3184182535921,224.8859606468984,207.83073892442746,5.779491371322183,213.03252543491408,0
ク,273.3451963672172,325.46829691508225,203.15384600640556,54.21363896898794,298.37678940984847,1
ラ,295.9428520151759,325.78644470041917,259.64112650474203,20.842870301448716,295.6986336628599,0
ノ,213.34694672452784,255.2170594886423,180.3955617598269,21.362161140875063,210.8576498240159,0
カ,175.6832224427443,181.85014416936914,171.4290843539878,3.438065878241375,175.05197886705292,0
ン,169.71611315098454,170.87911568396026,168.98664654141183,0.6071932546791614,169.6133978429977,2
ケ,166.34779781789618,177.77418407369518,142.3612735375845,8.118875157637964,167.51688925267825,0
エ,164.12825849303482,164.83239947506496,163.57872157018815,0.4376867635310052,164.0786134285754,0
ワ,164.12621994165698,176.52162040061071,153.89908814174552,4.023942777703571,164.20131202164555,0
、,0.0,0,0,0.0,0.0,0
コ,185.2314880130525,195.70367071060187,181.1451155720122,3.737010279279301,184.07966773285585,0
ン,196.4436167942677,215.5711723039774,177.04435806140933,11.518651346461366,193.5515853215441,2
ナ,233.85797425803776,246.06261491876893,218.1958419881429,7.386580933346265,235.29615220147343,0
ニ,252.13962791630757,261.6263126705,237.6908409088048,8.27732409386074,254.21315408373616,0
ド,236.66442422970078,259.0364334668917,216.19430316619372,14.465556051796487,244.54983275236233,0
ラ,256.655341417913,279.87859044045257,225.5105634170406,13.041875840993479,255.84075047830356,2
イ,282.95430097872793,284.10149439134034,281.2017460046492,0.9792058873749071,283.28359536358573,1
ダ,217.16833443261476,283.7904062229145,180.1971224716852,30.891172675335227,212.52038433830094,0
ッ,176.53520102186553,176.53520102186553,176.53520102186553,0.0,176.53520102186553,0
タ,150.50316124564443,150.50316124564443,150.50316124564443,0.0,150.50316124564443,0
ノ,153.77843582304402,190.38645388898587,134.76011745539066,14.98710492165736,147.50713192693078,2
