Mora,Mean,Max,Min,Std,Median,Accent
ノ,190.7830882548766,207.25144776758987,183.208058191522,6.800270304513163,190.06083401915072,0
セ,218.51427308959126,267.0116635213915,168.80746148297774,44.31844593317739,217.1867652919723,2
ラ,258.6637070735191,267.2561048426204,233.23313732421164,7.612304755669255,262.0028097005181,0
レ,279.20590730614526,288.3969330975364,268.64000574293516,7.270157042957672,278.9079175035296,0
ル,282.8364535929508,290.2036649040655,262.70440349699095,8.871965432674822,287.3299974030229,0
ノ,245.85732504922703,284.38845068584254,191.60541756095424,29.380717015722812,255.45693547684257,1
ワ,154.1753064909229,187.7083880551069,113.30352873781891,18.10214482748147,154.34923174224792,0
、,0.0,0,0,0.0,0.0,0
ヒャ,312.4748426811574,360.9561850588176,259.5699138390569,35.412642283127326,313.1674044477343,0
ッ,351.27910667337375,378.0140311531839,335.394882219916,19.01580451879314,340.4284066470214,0
キ,336.71820050150944,356.5944505433064,313.8750034338587,15.75060825650305,339.9108253108068,1
ロ,243.23750250656724,305.2020143203903,202.52452826781953,28.399003511560377,240.7051303738455,0
ガ,184.81242571638512,197.63491572664046,167.7634732852385,8.315442686039825,185.64906324995425,0
マ,174.3680357490373,201.38178494905904,153.37883407504552,11.211207051984362,171.48963515619045,0
ッ,192.81963217094713,192.81963217094713,192.81963217094713,0.0,192.81963217094713,0
ク,0,0,0,0,0,1
ス,210.56122113925827,220.4792606036591,203.80751673505773,7.164566662167885,207.39688607905805,0
デ,160.31468751335404,193.10129568519852,145.45657110017254,12.467960734016259,157.88995440013935,0
ス,153.39477396205373,157.7471239271373,144.82252436923974,4.08690400246672,154.0543559533686,0
