Mora,Mean,Max,Min,Std,Median,Accent
イ,259.2323381300477,282.1857362453765,204.22109620123032,21.189086935467458,265.3593915876499,0
キ,313.62768927467613,349.5529421083005,256.0915272384614,33.80925913056551,328.31160480782955,1
ガ,281.59233746864265,336.0338023056365,186.3938606420282,44.5697927522575,284.53833967595995,0
ク,202.2974789849275,218.09517480828114,181.12226412280617,11.960916764059945,203.8248807197289,0
ル,193.8201994490901,199.25270707111983,188.5573152006085,3.434402738049144,193.73060012412043,2
シ,197.6185596551488,211.79672551113038,181.47952896987232,10.083586649027948,200.98145500286626,0
ク,0,0,0,0,0,1
テ,153.59923158480186,167.79791832305372,139.5472886875002,9.401571595179307,153.3069503634584,0
、,0.0,0,0,0.0,0.0,0
マ,201.9356007360568,237.99178430775052,160.35561130755985,21.23963507190741,199.33560940652225,0
ン,243.71451957252052,248.1891354877661,236.29603214029765,3.257476251635888,244.24372893989909,1
ゾ,209.94361341105173,229.88428922491153,173.12677361879392,11.535132811214712,212.1377829264481,0
ク,174.2079081612751,191.44051988682114,153.61336739589404,12.043750118092463,175.51611040558325,0
ニ,162.58757235690118,178.1758828151364,156.75559544960646,4.9862390071027205,161.4830717619222,0
ソ,168.16917242146533,192.74346880099674,130.2053783708372,17.984745348739832,175.78522565963436,0
ノ,192.3681457503782,212.4487091820682,168.3236175311046,13.430648900849533,194.1182725652589,2
コ,238.62583633359412,258.1753479291203,190.17312123019772,25.574641783525678,255.61891885612715,0
ト,261.36407833512555,272.8635000920871,224.2310128099105,16.77447585975944,267.04630286918473,2
バ,259.8700055403394,278.1886172068434,243.2115030347081,10.75324779441573,264.1837745899712,0
ヲ,183.7140241459111,238.64057098616158,140.52592082810116,32.04334839493938,180.33238467905,1
イ,164.49225595833317,183.36213540248053,135.95500131494452,11.338600332184457,165.1240766755718,0
エ,187.80213834664553,193.32812808509405,184.96936730448658,3.0657220446323996,186.3111442353926,2
ナ,232.86615364605964,256.3114129503786,197.55858105541876,19.645650139571874,234.16197120472611,0
カ,205.7231352321307,258.6130209486128,180.80960057974522,21.08806451834264,203.39740505406422,1
ッ,175.43877079820805,176.0077107172894,174.86983087912674,0.5689399190813305,175.43877079820805,0
タ,146.388384184667,165.1851635700976,132.106756472003,6.1871039486679225,147.64342278731039,0
