Mora,Mean,Max,Min,Std,Median,Accent
マ,192.60581566917685,209.04839145672466,176.74451804629618,7.211157715183529,190.84087009540843,0
ト,253.55513631694794,303.3464662224397,181.4320079512423,54.65983636025279,286.4608446373678,2
モ,302.54897989617865,325.2403080400278,273.70693200422244,13.05226891285129,300.8713031544488,0
ナ,320.71443072421584,334.6597846914675,301.74440322781993,8.336663655058882,320.975145320608,0
シ,310.81020375968535,331.3510410864944,256.0068045312021,22.288140826878713,321.80073175452384,0
ゴ,302.93387934984924,313.7016380804038,292.5014199630138,7.146089203751854,304.27252952129476,2
ト,307.65332545908865,344.4881518632499,284.37980733709236,18.54164089840221,305.2686951570808,0
ニ,293.42793864862983,301.2858277661101,260.6688772505353,8.659176293208123,295.72686457444314,0
ツ,248.56905846508315,252.16047540073814,244.97764152942815,3.5914169356549905,248.56905846508315,0
カ,318.39469547056996,330.5425353474527,313.79731322766054,6.2492179652013435,315.9579868206875,2
ナ,336.06276526529166,364.765598340258,296.3429549495874,20.1602401367424,327.9050948958038,0
ケ,262.4373055218361,343.10694340943166,194.0075054385321,41.76702491425015,261.4406842370957,1
レ,200.7358279886815,216.60131527618816,190.389132715007,7.149772102761487,199.07163135125444,0
バ,167.20909110004214,189.32380391289556,150.5300444735412,10.96395083404475,165.94930439873968,0
イ,155.32795261082055,156.83560877167827,153.20461133479185,0.9644922450652009,155.26328336699893,0
ケ,167.08939785017176,191.17380359974817,121.6909807079429,21.16929322231949,175.6989293678868,2
マ,178.87797431496702,193.61932273823814,156.29571150389464,6.563059930567141,179.59129145748557,0
セ,185.3325448687357,216.58920947295655,165.28876377519518,12.497554797314388,181.15104672804188,0
ン,170.2369367374401,179.29656480204352,162.818193838985,5.341770286935209,168.9109520619035,1
ヨ,170.8819724778095,225.80200580372028,150.28020911589246,21.096591728316493,163.52023711939822,2
