Mora,Mean,Max,Min,Std,Median,Accent
カ,313.0242931666007,331.98622491797283,284.8400424697803,13.222456542082423,312.6912269279716,0
ノ,349.0349018765417,362.66285220728395,336.47102809175806,10.222790756332344,347.8440741723085,1
ジョ,306.98888995985675,359.0702215354401,272.04802458229443,27.543557383647613,297.8646953691473,0
ノ,238.3478183060123,267.7073674445915,217.6121626530825,14.831802093374048,234.32274941541908,0
ホ,300.35323419431865,331.2292428069965,218.46461049014397,42.571966385827096,326.0086409056372,0
オ,322.1240695707136,327.13859702559375,314.7212820251451,4.604281843886983,322.9909225285054,0
ヲ,259.1020835782757,309.7172987859351,223.9863601450155,26.442553019246795,251.31314291005015,1
ツ,202.205178587952,208.59177956023964,195.28151841980556,4.756615054316253,202.47370818588138,0
タ,198.2999351443418,229.74657599357297,184.89779250731848,12.830083570592851,195.32728539737775,0
ウ,180.1648694465994,182.93691443530395,176.0746983742682,2.353713286497276,180.80479835527487,2
、,0.0,0,0,0.0,0.0,0
ナ,202.94380530111167,223.0037015326169,143.6543476101191,18.50700581169571,207.09856213047442,0
ミ,274.80659623400646,309.53660208134875,227.13479655524648,24.98242299849914,280.27265968474865,0
ダ,255.91234770080553,279.4652633679832,235.42116047044442,13.18746609199472,255.13222957462202,1
ノ,208.4075304117242,243.87422061997282,172.76780138497472,20.200953595991614,209.40849736123016,0
ユ,160.0010941722884,170.3798681484577,154.97172720208417,4.542742742605043,157.17914988926333,0
ク,154.40059686474586,160.9848270693094,149.13675010624675,4.091489925977514,155.37499565729598,0
サ,245.01074591194472,260.76307591596037,238.10227136059123,8.81036470118793,239.50089498675658,2
キ,245.10264284179274,279.8198551749585,178.38318872036422,32.70413727271045,267.5008732060757,0
ヲ,266.34682144594325,269.316295510625,259.93031627790003,2.430295160768211,266.0686355734931,0
ミ,264.6774555999946,282.0460874740322,240.40143662778604,10.776092642365999,262.8918834438359,0
テ,261.19591050516357,298.438812092438,227.0438805961031,19.68035095203318,259.7051511482769,0
イ,201.27084940002777,253.78115400234594,157.78237302857798,27.25547642611415,198.77103507891604,1
タ,158.75922641593132,192.79119921940597,146.9606405995724,9.35526975860968,155.8802555338837,0
