Mora,Mean,Max,Min,Std,Median,Accent
カ,232.82144651570533,245.36708560194796,224.3474451197999,6.950556016310689,231.27109382002635,0
ウ,257.07976992010504,268.2643499054398,247.32997838378532,7.185154306740529,256.7909457554938,2
ン,285.132084180341,296.0097932744175,263.6826459501519,8.528152971792037,287.544104976385,0
タ,291.31526869948334,319.6420856558867,286.9269839825087,8.917461023965476,287.8178507423293,0
ア,291.2536108570227,292.71845671475984,288.68378812713695,1.367923307536689,291.6329124342879,0
デ,264.48836394487535,292.2192868455863,229.34052795716445,20.311788585544814,255.64523574642675,0
ワ,206.81432244764835,288.067370509378,144.53468892728188,44.189165608987885,200.2518085586613,1
、,0.0,0,0,0.0,0.0,0
テ,187.5700654271703,210.00607859669503,166.31173090814767,18.067232453389753,190.69248205377056,0
ニ,225.13323611442863,255.39860015461343,197.8103815413218,20.402516066613146,220.85927458224754,2
ス,263.304345279538,299.7583870316448,231.28064701657885,24.89518946599449,252.79443331859423,0
シュ,291.21651640215407,330.7920566223694,237.85670972797567,24.572538450180105,304.37561874856755,0
ウ,303.34518459942666,304.353474383295,301.589684401041,0.9320272613238526,303.7644987502677,0
ズ,247.03516334764294,299.0390796519593,217.45880815034334,22.771908722863188,242.50469202679952,1
ヲ,195.41334719152994,212.60029181498464,178.87843546554893,10.350847507381083,194.9018507335781,0
ハ,154.48891367628178,177.65803375259134,133.98848716636667,13.673703812930937,157.1657437139296,0
ン,167.7790971100705,172.08847274633027,157.9770514599778,4.028712987245169,169.90501218356144,0
バ,166.32449675506487,185.66927806298807,151.1852683456351,6.041916773057611,165.94280221412004,2
イ,167.46804489616736,168.3024239895867,166.3744608380856,0.5906349029952975,167.59967498573224,0
シ,150.44033639603077,171.34179093770226,119.58747894137204,18.371230331732438,154.93968603092998,0
テ,184.7967116817047,218.78574078210286,171.17540857213007,16.26475499328499,178.81342475131163,0
イ,166.4491777328131,170.64948738362617,161.76809241643238,1.6899260507573741,166.4430239347176,0
ル,159.63533018798833,176.23225535221752,148.02589664211308,6.5705398038192735,160.03719573852788,0
