Mora,Mean,Max,Min,Std,Median,Accent
エ,191.94495637766542,197.76114064884024,184.62099678078027,4.614723372387522,192.67428982975986,0
ラ,233.33792535307754,316.72350113476136,183.07809200781233,43.21276312205511,223.1414111839847,2
ブ,296.3643913318931,321.1255375577228,247.11192508456298,17.84822821123611,297.21580428153624,1
ベ,219.3358589789941,290.26900822888274,174.11257989032464,30.06100927005655,208.70558437899473,0
キ,194.92590194437344,238.1716294056538,170.39796575715297,20.57901595855572,193.74495664518813,0
ワ,173.96972900916444,190.42998500897914,162.83058596945338,6.813043796805883,174.41837663507383,0
タ,198.10239673849256,220.2104594972251,156.219631284428,23.376051789560027,206.88548232658633,0
ダ,199.2107124638318,218.35228805109423,173.5583156441847,11.77699689894684,203.21127352967915,1
ヒ,161.26334494541453,171.9132126713751,143.20117770820073,8.595373075125424,165.6131088604963,0
ト,205.46155887047243,216.08962336495236,196.07193754952561,6.986857923322695,206.5139058421247,2
ツ,157.48468314849322,194.77675652611205,100.17492033929007,28.599391123198487,163.02443530792388,1
、,0.0,0,0,0.0,0.0,0
セ,215.3872815403989,218.50616484062178,211.97437639709509,2.780406370304107,215.53429246193934,0
エ,229.4144025718992,239.55658379489833,219.6639488315962,6.716871055351549,229.59092516373065,2
コ,223.9889242982142,247.16275148501506,201.62886683948733,12.065481907580866,219.310942813751,0
オ,206.4642571091861,211.95616496012053,185.21218721001057,8.410732918682058,211.26602276200532,0
カ,198.20616850772618,216.5926825892919,180.54817909148247,9.22111456410859,196.03916654330442,0
、,0.0,0,0,0.0,0.0,0
シ,0,0,0,0,0,0
カ,292.2283999185574,360.28706075776853,259.94702225233283,27.042034669803986,287.1775896596647,1
ノ,191.59559830760716,253.7972684129763,148.6639870107325,32.48732011993948,187.12510380326515,0
イ,148.0574828579663,153.43821257684323,143.22100260586748,3.0295690929363985,147.91852851286808,0
ズ,154.41261124284583,183.20791021143035,131.37720897097682,12.291733632470903,159.82682237996596,2
レ,156.2100140076516,183.25671192834832,137.73037514454938,11.750422429461219,155.4451813872943,0
カ,146.9356305926472,185.10493922666424,121.82194666750674,13.580789487277206,148.52213982665458,0
