Mora,Mean,Max,Min,Std,Median,Accent
ク,246.96764853245207,255.03726700023014,238.898030064674,8.06961846777807,246.96764853245207,0
ラ,244.56140565127876,271.8301444869001,222.1178745289327,16.125792028047087,242.86878029299896,2
ク,259.7212024563466,314.49765024147206,209.6518944951287,41.527745747802115,242.7113194796838,0
ナ,295.3628347777737,305.6686832303292,277.6551319387893,7.034957647318666,299.1060627715263,0
ッ,260.3350323464489,282.2753611043609,242.93669279242908,18.044013333426385,250.53834912548388,1
タ,205.33612553672253,216.4294763545687,193.46134365300978,7.761512934130985,205.59866074559636,0
ラ,170.0544144885899,190.060169780941,155.61751151649125,9.880047140739046,169.7857133529967,0
ヒ,149.22829663779802,153.89623060837192,143.23612565242675,2.8985737090388195,149.5498191756675,0
ト,276.15628938773756,279.5195946734968,272.3683999263013,2.6292851161247732,276.3685814755761,2
リ,287.8333723423906,313.5013728105225,251.1354695393089,15.51477868946821,289.91980660654224,1
デ,219.14621964662842,237.6364641745907,206.7422513041625,9.09971880336612,220.72752720079185,0
ア,164.1651345859986,216.17483967174942,149.06471110373366,19.37592312245595,152.8692829712252,0
ル,162.2770844231372,194.52036904710891,143.23829848699557,15.014325172498143,154.3402730652382,2
イ,211.77986705125028,227.62892175406265,188.99541841304435,11.841531489170086,213.472723487447,1
テ,222.73467889587593,258.3562994421965,200.69377861753392,21.336007107020812,218.94407876489743,0
ワ,173.65083621738398,233.64749921103012,146.16762280782962,25.643523342178757,167.18920676058556,0
イ,146.82761201382587,147.8397589851174,145.97943262033849,0.6400655065250266,146.69680527490897,0
ケ,157.08188555302615,180.14815358292702,130.6851301731536,18.933079248815933,163.75613082156707,2
マ,168.97199870700652,179.61823529621563,155.63007451395083,5.633082516355483,168.38464042162258,0
セ,184.2054335540969,213.33756997532038,153.5780231288926,15.0249926485616,183.255302451853,0
ン,163.88048625929045,190.23860243235708,150.2835579420636,11.456648197650967,160.52559077842025,1
