Mora,Mean,Max,Min,Std,Median,Accent
マ,211.48771057702695,229.78776767812872,201.80794711277784,7.882626156431518,207.74241651366154,0
モ,271.5163433131079,354.95360083992927,203.41269813849502,54.34290082404996,252.44674819904847,2
ナ,330.9506830024595,357.8287071904319,287.639558998238,22.68708402458114,339.8293894970051,1
ク,248.86301418008728,282.9235189053979,229.1217913919517,24.185916663146582,234.54373224291234,0
フ,181.7044712551857,216.68063967231325,122.06694656871751,26.21841063811488,186.75796799244415,0
ロ,205.4794883245895,218.90211240822975,171.34348494491599,12.389599051205327,210.78414050803025,2
ワ,166.98198833720915,202.91329582837875,105.52562173596864,24.258152853037558,169.88924396736218,1
、,0.0,0,0,0.0,0.0,0
カ,273.1742015681139,290.2545046989468,248.7059276784133,13.344354089941003,275.5935175195742,0
レ,319.669884882636,348.7221090626239,289.91179978206566,20.46050245641125,321.51264618172104,1
ガ,235.35409200937923,294.14059407768866,195.0562255550728,28.71519272494635,234.2888297570408,0
ハ,189.0989216891142,231.0901351591728,124.88193576038597,26.26242906765547,190.9082747358038,0
イ,249.2469842577437,257.8258007212131,238.95770358234697,6.215400610850074,249.97342878283828,2
レ,272.7081214127901,299.00977068928455,233.40548874668528,21.27066777652102,273.29603463734884,0
ル,277.28742295552115,302.58129348655467,248.32976862989463,17.912837818324125,280.01724602641764,1
ホ,197.00745143294773,236.99551512990868,174.01380259304722,16.100995658675334,193.9903388608089,0
ド,169.39125321140185,186.9465988158602,157.72386735469402,7.680543342079515,167.27849329170633,0
ヌ,176.56076935043174,224.06038361580354,145.27008034880228,21.022088843766532,174.01109673796537,0
ル,282.81556941146374,325.0459146686376,226.98603694035006,33.793341369926594,288.5935737376224,2
ク,231.21849350905728,241.82475683978882,214.0431649017286,9.654102032549929,233.0079871160354,1
ナ,193.41709969456983,213.37688523688894,176.69343750980107,13.153871261042084,197.3033352280067,0
リ,174.25190710965796,185.77172635480707,162.30985977448645,6.338061579545542,172.03588655921408,2
マ,164.42634570312208,169.99296778499235,160.05010331314386,2.8554005579332156,163.96343656615704,0
シ,170.69546406023164,179.5794393379774,142.59139683579718,10.397320873635644,177.06639222048616,1
タ,165.13215554617665,191.7943527594369,150.93554636076533,9.32585242201885,162.52242346228846,0
