Mora,Mean,Max,Min,Std,Median,Accent
ゴ,185.42740938337647,187.42764157774567,178.2902760750651,2.958267854502148,186.93782904805363,0
セ,251.67777989375588,291.9700479226417,170.64206589433763,43.30919168792208,272.93223312778355,2
ン,299.97253274419796,304.7561164265257,294.3760154094327,3.6227083994210245,300.6796828075378,0
エ,309.8403183994491,319.1459478652702,301.1896786915217,5.727725138175342,308.3646407599357,0
ン,297.63754738605587,299.90767134567193,294.58575761203707,1.700599571001868,297.88067738452753,0
ア,286.4929134960419,291.82683010440417,283.5891867300542,2.3019395083730907,285.7588427692495,0
レ,278.09600294988314,286.0859435289671,264.1890075869906,5.889116465185296,279.3336076822705,1
バ,164.4146996286712,257.24630788052,89.00246600984782,42.867172370111476,165.2283268383008,0
、,0.0,0,0,0.0,0.0,0
コ,201.67286881777733,218.03828255614764,193.49608566597666,7.459923812291453,198.89226908598621,0
ノ,223.48824273027424,248.3433088696955,188.07404879474882,19.3828880737774,230.23554227141182,2
ジ,246.62909419487477,266.156976314813,224.207180787743,13.139857824825848,250.59324275297726,0
ショ,228.3904743144454,266.2888209306834,187.0313645636998,25.16628841464893,235.2794411556294,1
ヲ,167.61964373047002,184.3550089748322,134.18457147409885,12.404180581946774,168.72846731222262,0
カ,167.6330822405159,186.86961914609475,163.46265339701304,4.575280723167803,166.13925244896882,0
ウ,170.43123659241294,172.6683861352225,167.61564673569472,1.5168871700986737,170.6527685552083,0
ノ,175.92983871431082,184.05793513580565,165.34220316152565,5.454108326907871,177.14015046607886,2
ニ,149.86139520652108,164.40312800256314,138.07728690084826,8.912476606399292,146.50139181724177,1
ジュ,163.30099245012426,203.55586253570522,125.78332377755065,25.04691189917603,155.09958654172215,0
ウ,211.32812442904105,217.18141860753357,205.97176986612587,3.7695380235476854,211.0328274376343,0
ブ,218.17804623709992,237.0783970474797,203.7270332321758,11.95261809862637,216.84888318864353,0
ン,215.7245887866151,235.227412960944,186.8929895399603,14.500408663241728,216.4772156788374,1
ダ,147.09619124999068,182.11309847802292,118.38710599156418,17.89409962189387,142.55646286921234,0
