Mora,Mean,Max,Min,Std,Median,Accent
イ,230.44263452313345,242.5295666378712,206.97971566996802,9.575061347393392,232.5264640687856,0
ソ,313.8511452523567,343.17794676441935,202.2773716970361,50.248378121762535,340.9688633368915,1
ノ,320.606953454771,338.5846479094269,299.1566184949102,10.909319330951224,321.46078047835897,0
サ,226.09432025430044,294.9683170281251,179.5774157713377,34.09870751319263,219.71267032440448,0
ン,174.77376415612954,177.80322385097114,172.67441269880132,1.780090981092419,174.40090033954448,0
イ,170.27584991343502,175.6905952093182,157.57867707170053,4.754147908155185,171.34198546873552,0
ッ,164.40687147542704,171.58644932941803,160.1609924169372,4.302394949698445,162.94002207767647,1
カ,167.24604423489546,181.17141578942653,149.9472555410303,10.768151078445777,165.84050260340504,0
ワ,154.4600527327135,182.5803608148774,130.95672652511868,14.007547519732299,153.19177011866256,0
、,0.0,0,0,0.0,0.0,0
ヨ,228.89240454904885,247.14317998447504,199.6763145740437,15.108390999635162,232.50276047829172,0
ク,198.37996398590147,216.2133021781527,183.71972747533198,13.261576432937163,193.15167010086435,1
ハ,202.30986294438628,281.09669740466865,148.86309849650658,41.68305502210655,189.47135735446614,0
イ,295.26060723057435,313.4741787457424,276.49622270292934,12.56412673162381,292.8654774981379,1
キ,265.8749387439466,314.3360684261725,233.0015734702109,20.82521631665023,265.5296005066425,0
ン,241.58286703353446,255.2920906089413,234.5032791542713,6.218247256675525,239.49475952695036,0
グ,215.86966076574896,232.50519773573006,195.1146372546403,11.208844716489477,217.38613681417507,0
ニ,160.9435757440655,191.50861213158984,144.97420723878486,13.899470023218278,159.18210994428102,0
イ,141.83060191564718,144.10914164364266,139.13322557931457,1.5292811959943728,141.86825305253038,0
ッ,0,0,0,0,0,2
タ,172.75255125614532,186.87158058171872,165.69896912009133,7.478972672303591,169.52011675914397,0
モ,167.8734351807232,173.45842717040952,145.12243137893734,5.985717652784112,170.3756103799314,0
ノ,182.63239302568005,191.34156334906723,171.96172025429345,5.361993441915002,184.05815933918228,0
ダ,152.69756621127294,183.74676568206405,130.5655470568475,13.14018597196491,154.35828273295888,1
