Mora,Mean,Max,Min,Std,Median,Accent
ト,213.67942103264355,229.46112636610408,201.44153488744158,9.590943916663383,210.910225601355,0
オ,245.8964198971418,256.4725735475396,232.83156618710743,7.597242541788783,246.28334861732924,2
ソ,258.2613798140695,279.3802077442059,241.43427376213418,8.130367288053007,258.59155121101674,0
オ,239.4985070537183,249.7095270212418,232.40056494547224,5.0861111101853504,239.03271302171197,0
ワ,213.1094686925979,232.5786094861391,136.92400325016894,27.22486840574322,227.27380427875357,0
、,0.0,0,0,0.0,0.0,0
マ,209.53479436414574,277.72095865272786,173.74527200019813,31.24913910265736,199.30591321317334,0
ン,302.4989025642731,312.08186756494916,285.41213704171145,7.580885924167805,303.4978626872088,1
ゾ,252.2170036819126,297.76885014999175,177.30014898957418,36.759180564407124,260.42654430306004,0
ク,224.50940201570182,260.6738173360867,210.83283872230766,20.910607767786395,213.26547600220647,0
ノ,191.6173907694694,208.26481395272236,180.48965272911346,7.235341293699729,192.17767275381695,0
イ,172.37321732656997,179.91392089687417,152.97487183712875,6.84947969054183,173.82526665645003,0
ッ,156.03517901321567,166.94190987163515,148.51540244343417,7.356442855277975,154.34170186889668,2
タ,186.46260445598176,194.01726473706836,176.59784158165513,4.754044031617991,187.7510634035205,0
コ,177.1333822560639,189.88806738998306,157.44473284687805,8.750090085593202,178.55252075728794,0
ト,177.9890718586555,193.3036374115486,155.8739151206257,12.601333614515092,185.45908751540264,0
ニ,168.58295011440077,184.07762934694398,152.88393482620404,9.765949851258434,166.90481533689766,1
ワ,139.8904905917673,151.10247120940573,135.6383646260696,4.595056463755923,138.21548925625905,0
カ,180.12893808343372,203.91854426893062,129.03147286868833,23.389727068478415,188.9900476824299,2
イ,210.3535374122638,215.50961987553333,203.99419474554045,4.240306970964009,210.6282305868487,0
ニ,217.6108369609538,219.6970668455009,212.47407521080936,1.8134781396633213,218.16345783053544,0
オ,199.60666453335455,210.55980777870133,190.9586885190747,5.799178439112631,198.6254610387491,0
ワ,192.49424516890159,197.0516461444303,187.92126087279505,2.7255586572520207,192.64337631458613,0
ッ,180.88533831762814,194.47406336691304,160.3565617612768,14.76762709765745,187.82538982469464,0
タ,187.44669561673038,214.15867958856458,171.60107970166737,9.73718647057129,186.53232621925557,0
