Mora,Mean,Max,Min,Std,Median,Accent
ス,0,0,0,0,0,0
カ,289.14745357096047,301.966999567874,268.6388598218845,8.306780173300114,289.1820398694916,2
イ,315.764930786686,321.20271335517134,304.99390586526215,5.763676264396967,319.04845831767136,0
ダ,311.95730452707284,336.25181324279896,262.857053618114,24.430593797589655,324.2499123253466,0
イ,342.98929808533103,347.4194944728572,337.4461637226618,2.95529718401463,343.06972158987526,1
ビ,271.54022892577456,332.5033652690741,221.19085650552432,24.986259706793206,274.91123055035916,0
ン,218.21526924690883,223.2558908091843,209.91611403411486,4.285441719432682,219.18189287738943,0
グ,195.61609405471685,208.01531614769198,182.18326937922984,8.16008778195586,196.16595160221271,0
ニ,166.39876019611074,180.85640609555963,145.81958500886242,9.015650852957306,168.48305233257673,0
チョ,152.0613885901708,182.47737515783896,125.370245810041,21.97249875064125,143.21058884995657,0
オ,178.0883176567868,191.48779814996246,170.22477735377691,7.24921176524475,176.41116858194704,0
セ,231.58762412497157,254.48894179911102,182.8536619051908,24.237910429679353,246.91862380700564,2
ン,252.5266335338828,255.16814093597023,249.85920919397063,1.9407219079287548,252.53524470997706,0
シ,229.12859094048247,255.024091920433,193.77001480096428,19.85121632560917,233.86918228859696,0
タ,262.0350991943335,275.686543021276,258.1699813880194,5.067303015141524,259.9218929395606,0
イ,258.450304030819,259.56310055081445,255.576821728438,1.3125523499952316,258.90774551661406,2
ノ,229.7894890279397,256.2876932213489,191.60062012771147,20.107312936514397,235.55942409338635,1
デ,166.4429486188936,188.41165040852894,158.1205245462903,8.897399250938998,164.21081807428465,0
ス,154.18492255262677,158.74796191497958,144.54779276550437,4.816746757632674,155.68617647042626,0
