Mora,Mean,Max,Min,Std,Median,Accent
ハ,251.95839241596258,271.99071283878135,227.211217449443,11.442501554371603,250.4439544060278,0
ン,282.37815243202203,287.5439901071812,274.3534845601,3.497141785387836,282.5983359336297,2
ジ,279.56695293746384,326.8308605503542,224.35414959224596,33.68528534495718,279.02860434667974,0
カ,262.1795038002835,318.72248370855664,224.26122248461715,26.160463961783524,254.08059165650948,1
ン,214.7375199245008,220.02709282865527,211.6394218866581,2.751205010481017,213.687305163179,0
シ,192.78567676431712,217.4071836564313,139.38400573426526,26.16209312085891,206.70024445322474,0
タ,191.1673833385313,214.89353135179329,178.60416497954037,10.556541883257198,187.51954747321557,0
ラ,161.4565440975434,176.9132571457081,138.52069531626833,10.108577108088213,163.25318683973964,0
、,0.0,0,0,0.0,0.0,0
カ,239.09737615488444,244.3608111078528,231.7435064437802,3.919730598096184,240.0625013292429,0
レ,283.13270814698114,307.0171934535011,246.51773460315567,22.96882664823865,296.52193123618235,1
ワ,229.38220811265688,297.589232534281,170.5307871997215,41.33215830593953,222.81267660425084,0
コ,168.22131386538538,171.89585939548422,165.1647464718284,2.7824920521820484,167.60333572884352,0
コ,191.4193186981919,205.13530067021495,170.35730210515194,10.39582814870676,193.04132021584053,2
ニ,211.81283696697153,228.81551607755705,191.6177809999741,13.475861228344156,214.66019701222731,0
ク,227.90914263735297,256.1609549808214,195.04906245360547,24.285005243705946,228.1667796958941,0
ル,254.87445152165137,260.5967025225962,246.04925990600276,3.952443423634869,255.7338819128692,1
デ,202.51523394457146,244.87518484060755,181.37990215548137,17.709347263748892,197.82821189430223,0
ショ,169.69767290053832,215.29848091448025,154.15235802740537,11.89626392699123,167.15813363856873,0
オ,170.86848087844697,180.20051392236238,165.46625413090402,5.1127234966969715,168.5988238299561,0
