Mora,Mean,Max,Min,Std,Median,Accent
ミュ,255.65051146366235,307.3528202493204,212.70621230790366,29.2921241287204,253.3176986132299,0
ウ,332.3647475727761,342.97892013675545,314.30424305647824,9.958005551614656,335.63763532395916,0
ジ,275.67233923157846,341.7845313509059,235.62851991546648,35.041635552022065,260.21292566122435,1
カ,204.11325273663346,220.09399335910783,187.09038362128183,7.35399925412413,204.40215329981532,0
ル,177.83278819106738,194.50204083823283,166.64316689113693,8.044939862299621,176.93552030331483,0
ワ,154.68191574166198,172.3816442237669,123.57836154508487,9.26128746517581,154.38986419449483,0
、,0.0,0,0,0.0,0.0,0
ミ,182.3526409772019,206.85745657685865,127.23979271889803,20.908713669212542,188.3860328661183,0
ナ,251.47720484252005,271.44775463077605,212.33386463243568,21.158227537554378,264.7309686330659,0
カ,223.06359338870232,239.14598270671834,211.7277859689948,8.046355586025234,220.32496307665957,1
ッ,183.8660961937068,208.37583666959827,170.52207045943172,9.687468579488277,181.95631507700244,0
タ,163.25234885496045,186.97712144191865,154.4412770010715,11.220001637877566,159.07000304119686,0
ノ,153.5900234616937,157.10415236841663,148.8541056147742,2.230739112318897,153.82460558158525,0
デ,144.84777891498084,174.57747412060613,130.33148808470645,9.384810161621559,143.57712933911702,0
ス,141.3944635725631,143.2035398616628,138.27842712998142,1.782866882746368,142.11158200340904,0
カ,208.60465744771238,270.7768385579833,180.08349894739106,25.2514098227257,202.6567407886454,0
