Mora,Mean,Max,Min,Std,Median,Accent
コ,261.6284554906056,274.09621846180016,253.57222698468163,5.687494003738382,260.480986919679,0
オ,277.60137594047234,302.02682492205,262.2819512926459,11.500025701129177,275.06635351762816,2
ユ,304.99306530825606,325.0961819567562,274.95762785474733,17.038267191128185,306.9816862426708,0
ウ,323.7121120887232,326.55580118643087,320.35119495296146,2.0575874582982165,323.15581057414886,0
シュ,310.40861930768574,334.6580373686403,241.95923484523664,23.10138960950869,321.978097858266,0
ル,308.4373564596881,331.26703764274873,271.86094232766914,20.906329521714802,319.1615775266954,0
イ,286.25957227553215,301.24267349348844,270.9189224003521,9.919224278344535,286.46521240238513,1
ノ,212.69003093622678,264.9048502770147,183.1362747756491,24.568201932635397,209.80616922283235,0
ジ,177.71719327703457,182.73370129309333,173.3210830909698,2.822040205810523,177.42530508069672,0
ケ,175.12729616586765,200.8932602815417,162.12528193998273,9.307571102991053,173.51563879068163,0
ン,159.352264984447,160.73610822035118,158.04768960977245,0.9922738761002722,159.46295294353405,1
ワ,147.82049947410758,159.60967316717273,122.20808230522117,9.017109632371959,149.93354411938012,0
、,0.0,0,0,0.0,0.0,0
ゲ,184.70341398905356,220.35235676627883,172.1854347255361,12.684343567359106,181.77076333174443,0
ン,219.24922658673248,234.5475474023766,202.2299304766183,11.906685576933942,218.90905594558149,0
ショ,239.41146118306594,269.0200941149307,180.90595308733967,26.352346612241067,236.35548868847957,2
オ,253.52767209307308,257.1397913710705,251.06365354553287,1.6244971806030835,253.17531139078935,0
シ,236.0121478792801,255.9803015457531,205.89074658280856,19.16736222114156,242.8412924841539,0
ツ,257.13001873716723,281.5862181132697,225.61267499124554,15.693342507523399,261.2530316453563,0
ツ,232.6563268095093,337.51181318536976,205.17601380845645,37.08582842802622,212.05341514442702,0
ア,170.18004154707216,205.80061381651225,153.43711806918188,15.10299819230656,165.21552032194495,0
ル,143.73045406647742,165.37122141062738,130.93253405929096,8.722783256825661,141.05243477986994,1
