Mora,Mean,Max,Min,Std,Median,Accent
ア,213.53581516453727,243.71981661208042,190.21564918264667,16.70030943684312,211.09693793640554,0
ナ,230.6560351135213,255.78874308715967,193.27644611937805,21.142203059242753,237.80938942963337,1
ワ,169.88387027820625,190.5794950996987,137.86864698211255,14.981129817347854,171.8614948739823,0
、,0.0,0,0,0.0,0.0,0
オ,187.00382372739512,191.7574219687177,183.2802165690879,2.657756704728446,186.72147370240322,0
ヤ,260.3050808383081,312.03980175525993,193.2333743806182,43.727115483547756,273.9434227653068,2
ガ,263.6801780766428,309.6390676880729,234.54367849827003,19.93739145911401,258.50615384617765,1
シ,215.46420240327538,227.1699562107096,196.68320520460546,8.754303782574006,216.3896205766339,0
ラ,201.2517519440318,215.17638045945708,185.67275588548924,9.065475837390897,204.79559045093504,2
ナ,250.14420470569155,267.7217738777788,218.36320819806744,15.618302982228705,258.6772860098197,0
イ,261.91239654971076,265.1600942127432,255.76446216465405,2.881873321207724,263.3387294883983,0
ウ,249.22581884421496,255.26117526538542,246.1776926115658,2.7448580929257673,248.0898386060174,0
チ,221.76454617539073,244.38369906245583,202.73304295664522,13.360875360601732,218.36201797506226,0
ニ,214.6983348895296,224.92906495245822,167.7492966716256,11.261712960026129,217.24563301349752,0
、,0.0,0,0,0.0,0.0,0
ケ,201.26782530677,232.66137364241803,187.204451370538,12.672922018999397,197.7511674112897,0
ッ,202.83115867402546,211.0527356673385,199.1872092523904,4.0167428595109715,200.93645523316115,2
コ,192.05575166266703,215.06255501377325,182.54294972202868,7.531094032012739,189.18477151471174,0
ン,191.12981407893153,192.08136010573872,190.2512379636341,0.6263637950591396,191.0871921462517,0
シ,184.2332149898999,197.28657638062865,161.44717506204915,12.19153464687445,190.41390115392846,0
タ,187.51574433260592,229.02728028946902,147.3383828208991,17.0066824874285,180.94597829546368,0
