Mora,Mean,Max,Min,Std,Median,Accent
カ,236.58468286243573,242.62218555857487,230.5861007829024,3.8229231638210974,236.73886764193858,0
モ,264.59827719394235,328.06719450679236,227.5277289666316,31.710856621833692,254.84775579560133,2
シ,321.20502290689655,329.93196549918,304.33843607500563,8.784336816376255,324.4334796776137,0
ダ,349.3092329919936,366.17545569150496,275.9651367119836,24.844187082244822,355.28944422345637,0
ス,306.09829574519426,351.36614239745717,269.5664738918126,27.029712418649858,293.142692830118,1
フ,202.98204553108016,263.36173087623206,144.77755629938042,20.131428120922912,201.2259810862855,0
ン,201.29517106246638,201.72498127714124,200.70616526135112,0.30045548826430973,201.33602825367848,2
イ,202.365748406687,208.18213463387204,188.4425036923311,5.243515461106003,203.41458007881437,0
キ,193.6764988269073,217.39799042345098,152.08132894640562,17.216767503557662,198.4565788942939,1
ワ,157.5164301122944,200.24359998598396,137.03966202085704,15.517306253641078,154.98743598334204,0
、,0.0,0,0,0.0,0.0,0
ツ,262.4623672523358,276.1737464756413,257.76216888417565,6.888673144259216,259.5656515524959,0
ネ,282.7583946747109,305.0182066970316,260.7398386589366,11.550914232129978,281.0998545864735,1
ニ,208.63713823071043,272.51451078235254,162.2686297000509,31.06314333464657,203.24507047507365,0
キ,286.81460999531953,298.48027781967625,261.2853000974216,11.679905470635276,289.65457415240763,0
ッ,289.41373640411155,299.78009381515255,271.5958125094941,10.437566836911918,292.35429864586786,1
ス,232.66424170106296,280.93757758563487,206.56028345907214,21.872138798358574,226.1922251179834,0
ヲ,172.48512591533722,205.35672717578365,140.9424489508948,18.075539364249074,171.23500491045834,0
イ,200.7603087535554,223.54519969927438,136.61980115790863,30.902270030971028,216.60218942269728,0
フ,237.5528900771729,254.58872206404254,224.29127320978608,10.659178923624626,233.53561416313488,1
サ,221.26108229487355,231.2502217548568,214.4474238890059,5.686124645141572,219.23032711098062,0
セ,175.5501601457728,208.31066222492757,158.3662560017152,15.600344039370224,169.382716057459,0
ル,150.55339490523951,167.64905073366702,136.28083278051716,6.4407450456374695,149.15254690088912,0
