Mora,Mean,Max,Min,Std,Median,Accent
リ,245.98914391941102,296.7371563079363,202.85693917085072,26.760380313155974,244.07189393058985,0
ス,307.7798807489336,349.55493162773377,272.19662751792646,30.262637797624464,293.694474360206,1
ガ,270.80284681859007,340.739663755848,207.58509422409753,34.514539184683635,272.87851420135337,0
ハ,171.779188744021,201.65038884835155,115.1241440831578,19.868789339004724,175.83688115226266,0
ゲ,218.42772164177066,263.24648255912,178.03687196338805,26.534132609281244,212.03252421080003,2
シ,299.50183914290994,338.00044607907535,229.93906066944834,36.40498255558243,321.1274333380273,0
イ,305.4961347745174,332.69473094599937,240.0890777414849,28.901061760922957,318.7936144672077,1
カ,210.5755482523486,230.0821674334305,193.3140253331972,8.337266234019285,211.41284580107094,0
ゼ,180.75238452568342,222.59624684516808,152.88460943402117,17.610920630767144,180.92538840460378,2
ニ,180.88334357378898,185.35159837231555,171.224566591211,4.197034409030691,182.46491531398954,0
サ,185.16389304362934,210.7601227986001,159.45992208735393,12.47459139085711,182.82269361558855,0
カ,182.4056529381899,191.2512595817786,147.6558462272508,12.00929914247035,187.51025465899494,0
ラ,190.97281401417726,197.55600175739022,179.80138351534518,4.70404976110391,192.65823319189937,0
ッ,184.71633686075404,200.9873920621296,167.25292173381,12.164171282542927,185.31251682353823,1
テ,171.3145008300065,177.87042118589125,164.90822187365336,4.519462350765818,172.7272746410928,0
ス,165.08498639427498,188.28455948951174,142.94658257074448,13.481970690165335,162.6918504510432,0
ス,174.719778894085,198.00700927373913,123.72835707489082,18.780665715596935,185.47841177117033,2
ン,193.6241397806064,199.45021991271406,186.34871775381686,5.509383774438318,196.56172316430468,0
デ,190.49457116061558,210.55776581088907,170.5592941698649,11.19080978231434,192.39911116284947,0
イ,185.07262106138967,189.47150142397865,164.9028586928518,6.007795221062267,187.04100768545604,0
タ,180.41032794441236,206.94329330166264,173.61943159850134,6.651240154208451,178.2068164638874,0
