Mora,Mean,Max,Min,Std,Median,Accent
ア,163.4609285581284,166.75486553075984,149.0809683066224,6.4371658888455885,166.16114963741944,0
ゲ,200.30567820420075,238.80098025063842,166.53790376058478,22.430141362222802,201.38888513504406,2
モ,252.11831987849482,258.7207197032376,243.1037512238933,4.5671348104686516,252.10683709716477,0
ノ,249.42090602293808,257.0394172157495,246.18594614121025,3.090315071190278,248.4412694263151,0
ワ,238.4862665716871,245.4897664510431,215.5610879910389,7.242714427578063,240.30682774078815,0
、,0.0,0,0,0.0,0.0,0
ワ,164.3032175389834,164.3032175389834,164.3032175389834,0.0,164.3032175389834,0
タ,217.1281623597827,235.52840990063106,207.63745291327726,11.372508984595145,212.67339331261124,2
シ,212.3533077059542,241.28558566720105,191.11004611198936,13.29552217151663,209.23570685638015,0
ノ,211.39953844438404,236.6121451469134,195.09080414876976,11.64880125350074,209.7635941225155,0
タ,192.14754205396576,230.42548739223778,175.27491737276463,12.84102898230819,187.33372547937853,0
イ,182.81211444703555,186.12674067547053,179.88377363300808,2.3273661409695285,182.44691967112297,2
シ,177.8299838925994,188.56989319727154,157.8752625378584,11.765407693206399,183.9036187203244,0
ツ,187.89916400447547,193.98061661917424,182.2212023199173,4.260571891555719,187.69741853940513,0
ニ,173.48151917420222,195.99345799994813,157.5888939758675,6.693802104609674,172.00411518880503,0
、,0.0,0,0,0.0,0.0,0
フ,0,0,0,0,0,0
ツ,181.80759676885557,202.40048159839284,164.59385496925307,8.129814312355363,178.48631583902133,2
ウ,0,0,0,0,0,0
ア,153.1632082586416,159.87524974774865,140.83721812764534,6.872822427689712,155.3599432926123,0
ワ,164.8367131414043,191.60937926232657,153.50513991373364,11.398635615241698,161.62273663029634,2
ナ,230.0051481180153,247.35292813021957,196.62675032503464,14.333372675301016,234.996514549791,1
イ,202.23855841426885,223.99993406823165,177.71826135082497,13.89178119920086,204.2037444510978,0
ン,163.85106496343013,175.65790485153175,154.78197170084536,6.0863029581451045,163.23199485573542,0
ダ,139.81622681967872,154.00433924895106,126.43775570757188,7.869447195982954,139.00857941747796,0
