Mora,Mean,Max,Min,Std,Median,Accent
ウ,206.44401767796856,225.6563286462246,194.51336729419495,12.502999331074895,200.15994638114742,0
ワ,226.35088405217348,299.7003321311677,194.8521188199513,33.96096160189526,213.74474638877177,2
ッ,0,0,0,0,0,0
ツ,317.1601775025841,327.8819632825334,310.92230726759897,6.427062992477326,314.918219730102,0
ラ,301.97935904430216,314.9199623059793,277.4835469625002,11.456390801070091,308.7628780368193,0
ダ,307.80718276754646,341.22111505039453,250.21508534969408,16.866072338082414,307.872658941999,0
ケ,287.5753747924515,331.1564919368264,236.51979639298872,28.240849253031232,298.76691907581755,0
ト,268.93957307148236,286.76110804540224,230.86520187769528,21.107264000171643,283.7410618406137,0
リ,286.8696655549609,304.0869117176172,248.26600964219267,13.944350327486728,287.0221097516571,2
ツ,254.42752952755373,288.987399468406,230.4276485682589,13.857052066050567,254.7117641517828,0
ク,318.36267557418245,344.88146713344753,302.6265922863856,10.92493486105464,316.35929930201127,0
ッ,254.0279923029544,254.0279923029544,254.0279923029544,0.0,254.0279923029544,1
テ,234.97157908542047,249.32491190928553,218.64559992605456,10.507650470685025,235.12027132227954,0
イ,195.38586946541338,214.78620922278563,164.04478989322953,15.4488384012118,198.41876217665086,0
テ,158.40484160394521,183.7932240597468,139.00000875779975,10.244911044237753,157.94636318011942,0
、,0.0,0,0,0.0,0.0,0
ナ,167.3089842220139,176.1672144217665,157.73002553110499,5.076761309803173,167.69332201747136,0
カ,196.17715807738534,228.12007197255272,163.47643900597754,26.90001146641115,184.96224198836126,2
ミ,237.08589111240033,248.08410565533057,223.27619244365553,6.429356303523533,239.03490028281385,0
ワ,192.91328033979468,226.34422349043462,165.0905973455568,19.976388848220576,190.38155823481338,1
ナ,152.17374790406728,164.29414523957914,143.4708460147931,6.2709519401221,150.6948347736393,0
ニ,171.08555039745497,199.25887638089273,147.4151813902639,16.027824560020257,170.513776931363,2
モ,225.24908335116666,236.2163105161362,202.49317109926415,10.435349504703849,226.07568347128728,0
ナ,234.95096919480653,250.00049934755148,210.24477211770545,8.711609436809391,236.802867924924,0
イ,186.3320483283761,205.24739062716023,165.39137530194733,12.827991408724985,187.77385694725658,1
