Mora,Mean,Max,Min,Std,Median,Accent
ハ,243.15833909779155,253.93733964070515,239.64176548351557,4.244968275398837,241.70704821657137,0
ツ,223.38058619052632,243.64809974101584,209.72994933628328,11.499027014203996,220.37536964918337,2
タ,329.6195933179449,355.76734539097725,323.407665014718,7.343308800743736,328.30684930450616,0
イ,317.3112204127226,345.00807685576,266.8346942616463,29.084082991825458,333.08172320565905,1
ケ,258.4223314656009,286.63535572836093,221.07015474718943,16.620911783100713,264.0842360922935,0
ン,213.04528241029726,230.196015449737,197.15602351852846,8.758742285403013,211.63922734658675,0
ノ,180.7979942627436,200.84975585611605,162.74412705918948,11.491548161799486,181.69052876652853,0
ア,162.61757031465902,171.43357621592384,157.06148444890246,4.501142563492349,160.68252840969,0
イ,169.73840443553084,173.38911837332935,158.78133214707785,4.482731227622311,171.73836081713972,2
テ,179.2412860352288,197.95309402944812,163.73120203057212,11.359166268262486,180.84193669565775,0
ワ,156.8482011823914,179.48687026639152,125.11093098792665,15.695243679901028,157.0870558174418,1
、,0.0,0,0,0.0,0.0,0
ト,179.13480377804268,202.70942963427152,133.20838273390711,23.550329257353425,186.92213886178035,0
シ,186.31170518747237,249.83543746130175,148.28205753310203,32.026488140128244,175.59207079947575,2
ウ,243.44646738159977,249.0258465334501,234.9613395376136,4.484026671778129,245.19029662837417,0
エ,245.72778041221014,249.20296053442434,238.77344047340657,3.8294683870768575,247.47809886759356,0
ノ,236.11136504157548,245.21721463812707,222.42083160447862,4.114949198061367,237.1678437075655,0
ジョ,215.4792656137669,227.57205460893587,200.55465179292105,8.878872875749373,216.5411856999612,0
セ,225.75189343138914,242.7640560649354,212.61546502330012,10.976198954306316,220.97577178891078,0
エ,214.2168444857119,228.5558061642327,210.00346871765177,4.736159511637803,212.40697597787477,0
ダ,207.09515766397345,224.46151405570706,188.54458208905635,9.92510184574921,210.25707022891453,0
ッ,209.3760645922994,210.62536460792526,208.12676457667354,1.2493000156258631,209.3760645922994,0
タ,134.92159296548428,174.50865394463986,122.59194817877164,11.502443600565217,131.68209420152957,1
