Mora,Mean,Max,Min,Std,Median,Accent
サ,300.133361073539,310.5293980045675,250.65306465891726,14.423455665251298,305.733802220427,0
ッ,227.33125955234055,264.76152710670215,189.46009215632415,26.233954682253724,225.89853618137533,1
コ,191.76857301023776,206.28238557296868,177.46974482712858,9.467807137913269,189.56594170405367,0
ン,163.12305710321334,191.88287716636316,145.67083968736497,10.854988748053588,163.48538325674596,0
、,0.0,0,0,0.0,0.0,0
コ,195.0012456884407,195.87617891664516,194.332243226772,0.6319358994284818,194.8982803051728,0
ジ,207.10984292521266,262.15669066769584,173.5629001158827,27.616872403704512,195.88950400448704,2
ン,263.4948066757588,277.9057931644501,212.4117236365385,16.87989045886925,268.89933630807536,0
テ,276.800549096233,297.63751055046373,243.38716090847433,17.209676048271394,281.11123605210145,0
キ,279.71425763253933,304.74487740822445,216.89640786010992,33.290816064197685,299.1920160653293,0
ジ,258.06958365953227,279.2961927388402,241.08708777629784,13.578355729211085,253.85168610107763,0
ユ,290.42265357168463,298.86775241177116,279.8300987729589,6.864023364023178,291.8767264015694,2
ウ,276.6298501000672,287.8642511778514,261.14748808972985,8.950771001829057,278.15147860312754,1
ワ,194.40256086295437,255.06998134377469,160.9510738766048,30.68441843647683,179.24747581248118,0
ス,166.22931216474836,168.88008828594832,162.2161787661675,2.661189520012802,166.9104908034388,0
ク,258.272631377628,275.72444958703363,250.83892437412362,10.125070225017216,253.26357577467732,2
ナ,292.75444101622276,320.557549476707,242.80247682825143,26.024276982579124,304.35706561757775,0
ク,279.7036186778219,324.1559877988591,248.81722186814403,29.226200749777586,272.9206325221423,1
ナ,230.33499452253443,299.6485138917001,190.87865456171403,32.9308912249464,225.62151212693442,0
ッ,175.12193683937562,184.6374586493961,165.60641502935513,9.515521810020488,175.12193683937562,1
テ,196.82727838368268,203.38259887438636,184.9349431230512,8.423846930817415,202.1642931536105,0
イ,160.52588921717265,177.22919898276072,150.80183095304508,7.512775883213841,159.0869246143743,0
ル,144.32851291868346,157.83381736316116,122.28281519850415,7.420075967734944,144.9783951246648,0
