Mora,Mean,Max,Min,Std,Median,Accent
シ,0,0,0,0,0,0
ツ,339.2324008958973,347.8053449347288,330.14440035969994,5.814892533356965,339.3309545870387,2
レ,342.2597104037042,362.2241029239908,301.84084973006856,19.758904281957207,346.85216247245,0
エ,339.13509603723264,360.44483202139344,298.15976919348594,19.920109724589363,345.2503782042981,1
デ,223.12420914401307,244.58922722739422,212.7275371136297,9.3249573798831,220.20535654742406,0
ス,205.26982131490416,225.8034279497552,166.64789943537684,16.13537412683727,206.69510849103148,0
ガ,167.9736574748028,188.75458523363775,156.5964867082491,8.277525158508821,164.88762331819515,0
、,0.0,0,0,0.0,0.0,0
ソ,185.69694893693782,219.28446348971565,171.59811661874556,15.628885127281691,182.22905832663994,0
レ,177.88124970962076,199.31526497761976,159.37637246861402,12.66948985170473,177.2692849697679,2
ワ,217.26800742205754,226.28937254812675,201.52897130477785,5.134982375835909,218.69791208008417,0
、,0.0,0,0,0.0,0.0,0
ワ,181.945931348627,201.79029610189022,172.9499447707252,8.258996142711364,178.33541993537136,0
タ,186.91044362990814,208.20561508553746,164.95297690334024,15.775061009715627,183.5564437715857,2
シ,221.54307236107593,268.26851527784623,170.11430689886788,25.863918355450537,216.38629990607134,0
ノ,255.67552179132662,257.57005675161724,253.07704388510837,1.1638987704141632,255.87653268213973,0
ラ,260.0067054820227,274.4080412075914,250.64029055951494,8.150090920308156,259.02342758440693,0
ケ,249.10446986081143,297.0992287803214,203.19164350077122,23.19951379457171,247.3131186205879,1
ッ,0,0,0,0,0,0
ト,207.33609420024894,238.63192339121872,191.15350229771005,17.482766717366935,199.4477466008763,0
デ,166.69986486098372,189.16941910296512,156.95045647567596,9.245747000137728,164.25853693528444,0
ス,162.7092499680852,170.5384641653969,145.27245336676697,7.019715420409745,164.19073280627777,0
