Mora,Mean,Max,Min,Std,Median,Accent
ホ,0,0,0,0,0,0
ッ,0,0,0,0,0,2
ト,312.2506435629467,320.78965072395397,307.5339869819323,3.5007516618619006,312.0377797182161,0
ド,308.3322673514901,357.2878335936617,258.6114713976486,38.09815880247819,319.4523149592529,0
ッ,272.5325393632337,272.5325393632337,272.5325393632337,0.0,272.5325393632337,1
グ,219.1711517119101,232.3858774859022,204.10423040340916,9.288916208568999,221.59712512844115,0
ニ,192.2697027148254,206.4049038393983,185.16524691550353,5.155692816554523,191.74953354660346,0
コ,160.11957541376495,202.0367502144524,91.32752127805183,33.6934941170099,174.22032383418536,1
、,0.0,0,0,0.0,0.0,0
カ,192.0274682632188,204.5915374733348,185.64037559344408,6.703443790427944,189.06251168628586,0
ラ,193.4161810978201,211.15936801121768,180.92146595665076,10.14755526575475,192.6873546517352,2
シ,230.8509053069672,241.37494253284208,215.61420082172884,8.590523953357133,231.73727160071104,0
ト,221.8018186114802,255.76078302212642,191.4090650074037,15.854007924578626,224.7669949277413,0
、,0.0,0,0,0.0,0.0,0
ケ,186.87760719641997,203.5443752242931,161.6548558286331,10.750695995315771,187.1889580867892,0
チャ,235.83847780689314,256.64232855074835,163.47108206010162,22.24439250292167,238.9684535728222,2
ッ,246.84170522849,257.8095246242695,235.8738858327105,10.9678193957795,246.84170522849,0
プ,272.2867150885869,286.4086569848299,242.18319765763636,13.31616137363413,277.2197373299667,0
ツ,235.52467844741483,246.57319742745005,216.1345141806076,10.409765068194476,239.02158559396966,0
キ,271.9756419432744,293.6565640590128,248.89745776047138,10.877353107735512,272.29159031316567,0
デ,257.79542561492974,272.3306799843439,238.7535857714066,13.423824345411756,261.2502399795727,0
オ,257.4458371680983,271.3200118559964,253.1690241880368,5.012321951801822,255.6320702163081,0
ネ,248.96670845088386,258.1763712142154,234.78990113107054,5.449123843095015,249.81322981754784,0
ガ,243.771809400612,249.44128817636437,237.29517058644245,3.8481805071253348,245.83452709116386,2
イ,242.2368989411481,248.35925189964937,238.78067390394125,3.3096655594006767,241.45043336933588,0
シ,232.8507333041112,247.49292259453378,209.7077307719816,13.513917462977634,236.08828737166033,0
マ,232.52170331521063,241.82076364036627,228.3522680034248,3.477243371480757,231.36212976074737,0
ス,228.30869814266543,234.9535126987392,216.58350614102898,6.01657324358561,231.28212369828265,0
