Mora,Mean,Max,Min,Std,Median,Accent
ア,211.28358630629364,230.23827086070136,193.72966921353358,9.887546531498193,210.52512982047057,0
ラ,291.00589660667845,329.82527568000495,235.13987101234468,33.03826527927676,298.94453826999427,1
シ,289.6589315053101,325.30904314458763,232.26338449354907,30.143891511459394,296.43518205465676,0
ノ,201.81034914193816,231.76508456153377,147.7634684605021,18.668794736717796,200.62949856247167,0
タ,180.19186300035147,223.85112535601718,158.5840120126543,17.532514487766097,176.12427051840854,0
メ,162.157231606036,171.63297404243662,148.91738873199137,5.562470717063042,162.5768706172116,0
、,0.0,0,0,0.0,0.0,0
カ,228.08008921919574,240.62059499595014,171.8038028648438,20.932953108084202,236.5595096838011,0
ノ,235.18389535992708,243.6834772373067,223.56210737238587,5.581984988467994,236.0516394884014,1
ジョ,187.17708057559562,222.3120765499767,162.77666850204224,15.549407223106888,183.3599044760337,0
ワ,150.38461567506863,164.06670469428988,134.19964499525787,8.08446790362173,151.0287084288379,0
、,0.0,0,0,0.0,0.0,0
テ,202.74141416317573,209.6945581502314,195.78827017612008,6.953143987055654,202.74141416317573,0
エ,233.6333777739263,258.5191178088149,213.35888651077445,12.694570718296747,231.733742931209,0
ジ,236.6423176145727,258.76159908835723,216.31872547912738,12.651991364140407,237.20822340728282,2
ニ,254.9926203884525,258.8840756136613,228.70869746755608,6.990127210693899,258.11010143459305,0
ト,213.730500744637,237.8913257741749,165.40552968795998,22.2485491248678,215.52767665545377,0
オ,242.85164633427536,246.9222980992471,239.14386008950677,2.3499041397887432,242.47410959609988,0
チャ,243.77299476725162,281.9210949198682,196.634962258382,24.203570629226114,249.57507641167373,2
ク,211.2517474634931,221.06827297703168,204.45863420822283,7.109889416400459,208.22833520522477,0
デ,246.4779186752064,264.31905526033336,220.8375669246054,14.64698663284973,248.51433638075062,0
キ,239.38370996190645,279.4371550686779,205.0557556712936,25.983769622236302,240.86012135571704,0
ナ,274.83458792423494,289.0124128328441,258.5634724823368,7.582421841821344,272.44382169529115,0
カ,192.8246727031258,232.4350145296491,171.86046429539465,16.188253070807008,189.6053225797103,2
ッ,149.2010976643878,168.6263583812308,137.96552527947796,11.606016018839677,145.1062534984212,1
タ,147.92971902659124,180.67863362800745,130.72623099607944,11.274573489053111,146.55089493146878,0
