Mora,Mean,Max,Min,Std,Median,Accent
ス,254.57951770556264,272.9918856742058,245.62500561556777,10.926296561425008,249.85058976623856,0
グ,266.62154525543565,354.77721147778925,199.93472442988212,48.90422949894652,253.5426573362935,2
レ,362.4218884122789,389.3346644417391,324.7181022088101,16.8774039301018,366.8206285239885,1
タ,228.2546832982164,256.89818053910506,214.5823107890978,14.246757585678116,223.11212545875597,0
キョ,202.30490911545326,242.38184733144203,181.1080572308524,14.187086330041618,199.2663657775168,0
オ,193.54127009556998,197.35097301749335,189.84932246742827,2.325969054042192,192.68350469154558,0
イ,198.95552264500762,207.6276933168581,194.75810720307092,4.416035622041437,197.07862657647988,2
ク,207.6731867765068,256.88551269107313,190.39343056845527,17.077234187281956,203.81617481745786,0
ノ,199.53631896556587,205.14386873884624,192.56470653666125,3.8771988826291865,200.1021359277928,0
カ,199.72199264783342,215.24816256137436,187.34263247904008,9.439304738928339,199.03200618211451,0
チ,196.45378236622162,207.93576845418275,183.6224738838387,8.237673849791042,200.75868285210157,0
ワ,157.87962753308452,180.69708000034964,138.22540591217597,12.412366815019116,159.54784191889703,1
、,0.0,0,0,0.0,0.0,0
キ,306.784159406488,316.4322146132168,277.7156018836833,9.955661485709005,309.221456670764,0
ン,326.0039386734901,337.6073082969934,318.3032266519386,6.638566303789119,323.87879812045367,0
セ,297.5791078916282,338.02415512014545,251.34914893575734,29.476081107076,297.7956537214587,1
ン,225.9117628439258,248.19170236200634,211.44832939215578,10.314310140092493,223.6832375823637,0
デ,187.17882126804116,208.63055134643932,167.31370701882588,12.300891931349081,188.01023895736006,0
ワ,166.79773244704126,183.99984892785392,158.47659244960147,7.882569143361868,163.44774796053372,0
ハ,163.92750516539402,190.6868693503955,129.9051597701053,13.961911616260048,160.45507239360023,0
カ,198.76960198504193,209.20772907353654,174.82646885325173,8.43306382610668,200.19818733281727,0
レ,203.77631244791098,214.94585681390612,180.89901690785445,7.388917982201438,204.31306651855164,2
ナ,166.81693155154207,203.78002349852625,139.0846690913503,23.225963074476415,159.53250990876546,0
イ,137.95091194719677,147.75938840489616,121.77412759912832,9.107254242843698,141.1563515571556,1
