Mora,Mean,Max,Min,Std,Median,Accent
ハ,231.45968794135743,248.0013060888716,192.78479145394743,17.078659248713006,237.58097439519184,0
カ,288.15125895019025,339.3261663805581,189.4906371639864,40.18534696588845,303.2507864156791,2
ワ,286.430482552044,311.3004256862186,232.32121716557646,26.417646100138686,301.86827872867536,1
ヤ,185.64967919357466,227.25931829139367,155.22516456273362,18.8997624987389,178.60185511451732,0
カ,238.42819902471777,263.90927437661486,140.61983600301093,31.841545215425377,244.07522039266627,2
タ,289.4049574747977,322.3788483827329,214.7757162953486,29.54420426199419,295.6854985072086,0
ニ,308.24922051765225,319.5411313500649,291.17780599097165,9.03182607442287,308.83375665866726,0
ア,318.70305450466867,325.50206491744757,313.4043043889796,4.371548491832334,317.7308424840221,0
ッ,0,0,0,0,0,1
タ,253.9164797944957,253.9164797944957,253.9164797944957,0.0,253.9164797944957,0
ト,221.1624567032679,256.6210120362833,197.1649071212873,22.340103827811934,212.38223112052836,0
ユ,191.382222712088,198.95315247748584,183.51592830607157,5.2554305889880455,191.9040230812377,0
ウ,193.2777076033871,195.03957888424043,191.85262757472205,1.1865665783805155,192.79197079226614,1
ガ,163.0709744702559,190.0577577502022,137.7312956845789,13.404231013994357,161.67823051905904,0
、,0.0,0,0,0.0,0.0,0
ゲ,174.56234345354892,196.51726612704488,166.4847376325696,6.642664315313584,173.44298956074428,0
ン,197.39846046959156,215.03587378578177,184.0914283062805,10.098595333261285,195.6952713709976,2
ソ,230.40654408692384,266.3047149773777,203.54406333066356,11.271083025633573,228.92412618956138,0
ン,234.06753596611256,237.1610971543109,230.1073671574032,2.713776604175676,234.474750690446,0
シ,230.6724672427128,241.05451796959053,207.2651601768186,12.041105331919493,237.63845731287762,0
テ,215.71531949536003,230.45167889229347,202.82916391535105,9.672066226071154,216.905891536228,0
イ,195.36823190924645,200.12273010051095,189.86129154295682,2.17173373756147,195.52971132070394,0
ナ,185.27479292647953,192.06099355618437,181.32171393826457,3.356466146703753,184.5732177782682,0
イ,183.83530718457158,212.13907651541473,172.67713592178498,11.889800834301502,180.44138039918434,0
