Mora,Mean,Max,Min,Std,Median,Accent
セ,303.16854040627544,325.92370661885434,236.58740356154874,24.90532917217202,313.4929108628633,0
キ,327.2509784630954,367.83273964091865,211.35047510754526,43.86441847422888,339.8241728713755,1
ガ,294.7867662915049,339.0616861648198,238.4344510015148,32.963359970039924,299.06076533840076,0
ア,213.78893008381516,234.07928113147284,202.06788974043408,9.072831016326106,209.33219422811237,0
ク,193.93273088605258,212.74019247626396,183.87919646688385,8.595761398608389,193.64943199886176,2
マ,183.62328529251124,193.06105344467372,171.6841153111702,7.726279016948014,187.07230409499687,1
デ,156.68016964302225,170.6170360230343,140.5646930236022,9.739119628248801,154.77133859486602,0
、,0.0,0,0,0.0,0.0,0
シ,149.93887888594898,172.6999955326677,137.70534748655376,12.760055193462385,142.92946770614225,0
バ,201.23613458777513,257.6345226028674,154.56085022879856,29.536077253552946,200.03697808270542,2
ラ,271.2041229656209,283.7102357965563,245.18855532805765,9.848056867069383,272.4439361618936,1
ク,204.37750414500965,223.47726661977273,180.83483774944858,13.352757849852168,206.39358206933196,0
マ,167.15478975102573,198.4121242041435,145.92385157412426,10.931631717207523,162.5807951960208,0
ツ,238.12269038908488,283.59674125922305,169.63297938963944,44.21708821303042,270.15006318005373,1
シ,245.50886484799096,268.8907148205862,212.52266788910015,19.958412603946073,249.5684928254433,0
カ,182.31477004291443,225.88563214813726,167.63028600310722,18.73411987137364,174.96384627181013,0
ナ,156.11520632951584,166.37414004389228,144.51403246681915,5.803424368740171,155.37762579513168,0
イ,145.8720443185335,176.14121414971922,128.7437710229265,14.345111205420196,141.16229400381914,1
