Mora,Mean,Max,Min,Std,Median,Accent
ニ,197.94280459344645,208.5399598388031,176.879658568394,8.110697543590886,200.99217694898982,0
ワ,259.5592805083255,312.994401940937,205.8225898902765,37.15885512337783,256.9285722741795,2
シ,289.49745962653077,314.0390561167988,246.39854396010557,21.860937159262892,294.9598645392856,1
ワ,199.56253265318819,256.67011685058003,158.16975562853875,25.86124363849143,196.40311067562197,0
、,0.0,0,0,0.0,0.0,0
ニ,176.44091378037254,179.32627607793145,169.86514293935892,2.828762226104278,177.4777628944177,0
ワ,196.78297770040595,234.91148074345952,179.6975244901288,15.84395471824022,192.86762186946078,2
ノ,261.953503821543,274.7464286912519,241.47337187554726,9.558675474932452,262.9509949522283,0
マ,257.2083230155148,269.7559023557689,250.5563812394302,5.830500550900065,256.1362744734116,0
ン,244.23265966473963,249.92707676484153,238.88584996283262,3.4125830344507238,243.72791416400185,2
ナ,239.3657587527764,259.96771665207575,234.2995881738327,5.071484134886783,238.20763616153724,0
カ,227.33928944404875,267.808800505103,196.49144836702402,17.480029149288246,228.72963673399522,0
ニ,218.29195852285744,229.0181633550961,178.03462537696163,12.772553438490533,224.422032832901,0
、,0.0,0,0,0.0,0.0,0
バ,156.45844745589218,177.31429031459177,141.27377900797154,13.056923220515754,149.13742073777854,0
ラ,192.16509105488092,233.16409787724893,161.90474014228553,22.58718766259419,191.02920019409208,2
ノ,257.26809127893057,272.7108344806952,237.27166617828414,12.067101233287458,256.9628980918722,0
キ,280.03119694084626,329.3710894150792,224.0334498363449,36.563889488329835,276.8089293945728,0
ヲ,310.85482900355544,330.4185927286059,260.9102986430806,21.08617240705209,321.02939615805417,1
ウ,182.93014505604924,250.0371353892638,160.4011688306195,26.213153035380422,170.09839765885584,0
エ,160.08705457605248,163.5788030042725,153.73087279805182,2.820568667184234,160.74591801483064,2
タ,156.4435410541651,182.52793372053054,131.53477769199296,9.67188598918865,156.38384681921423,0
