Mora,Mean,Max,Min,Std,Median,Accent
ヤ,181.34500401494324,206.17041248755964,147.17225589570543,10.483267555385497,179.7218911240682,0
ム,209.45284894724077,243.76684277684936,177.55218071250485,20.547568558991163,205.54345658946636,2
ド,251.1648300347249,272.20072549085614,215.5927664689335,18.985176258545014,261.0574674025846,0
コ,230.27687091143298,278.3348091132229,205.69978385698985,29.15385502107845,211.1460664797975,1
ロ,190.60192031143475,247.5848669254432,160.36865158297476,24.444140692848826,184.26564571012202,0
カ,152.98971664594526,184.85008304683254,140.59457955288855,8.724422021793647,151.81946624843192,0
、,0.0,0,0,0.0,0.0,0
ア,190.8008408127388,211.97745318852245,170.48942381287623,15.152501185714147,197.7490249969767,0
ラ,263.2230412203487,290.35643693094704,216.81409408983478,24.66216352158695,271.1932460513677,1
シ,244.12273046674747,288.5735208971186,164.76518318872283,36.648874963333675,253.26170303689673,0
ワ,161.31620029872042,194.6907105973134,129.80701540743507,20.90874409265266,163.2801577913633,0
イ,156.8282455355536,156.8282455355536,156.8282455355536,0.0,156.8282455355536,0
ッ,167.37953686272053,172.42330788124784,162.1398574550282,3.66363074495119,166.9513885009339,2
ソ,203.81789578940618,250.7729839340382,103.08991661156247,55.92882907914703,241.46252744475385,0
オ,248.9051556313311,252.5865011215031,246.43737352098026,2.0603490889975675,248.60778975844335,0
ハ,230.98253678242403,257.58577849766795,201.41559515478124,18.68020717859691,228.68838355605178,0
ゲ,240.07828515591413,293.3692750898402,194.3189590165945,28.793117454081077,239.27423539202084,2
シ,314.386233796847,328.8180816583804,300.68023156082313,9.615970773355922,314.383257634429,0
ク,219.545882382576,226.58263805246662,212.50912671268537,7.036755669890624,219.545882382576,1
ナ,186.96260641884345,236.49801101548252,157.22809675847725,25.22315241516906,185.85752772225385,0
ッ,157.40505544454038,158.8138418143189,156.4509185376019,0.8733616154139716,157.17773071312035,0
タ,147.21882798288857,182.64697955935358,126.89770639621565,9.894377219323195,147.7548788196768,0
