Mora,Mean,Max,Min,Std,Median,Accent
ジ,206.77445186000492,211.58101934459037,201.9236530338477,3.463977126171954,206.1969911023954,0
ツ,238.29540291531205,331.3649997654361,175.14020370072794,62.66664742554916,205.15676386111755,2
ワ,304.1331227166625,341.4937474465181,242.20126123287827,35.78378719031105,316.46402567309497,1
カ,212.58890763980054,231.46392024611535,183.62235431822438,12.576366607634885,212.84702674524686,0
レ,204.21288419630525,212.82361175395695,193.12145226890047,5.5374278882743315,204.30896699580154,1
ワ,166.1651392209754,190.85705353460773,145.79521330810644,10.578039676891004,166.81999557224768,0
、,0.0,0,0,0.0,0.0,0
ウ,184.09085504684128,200.33507418779772,165.55513592503317,10.696533311468631,186.36246301597618,0
マ,193.8080184089105,211.46914289410466,175.72581459020824,9.513140803380093,193.71146177110327,2
レ,214.59506924749135,224.92074259418789,198.1776997446235,5.600579095469513,214.4339244607281,0
ツ,202.9044111020589,217.3044027261475,185.45832082335136,13.61764988568878,210.51184443917333,0
キ,203.14348480389273,215.55034242245625,183.0178967494324,8.223229112757203,205.15707238483725,0
ヨ,262.23456167192006,330.5788712950243,189.81165932051206,54.59795372716379,263.928524017123,0
イ,290.5996709951472,319.7328548769922,259.1197805717943,19.416276194037604,291.7329580278996,1
ニ,207.1605607833657,254.0262867730083,187.9127325878499,19.945936670581027,199.24024422895042,0
ン,192.38506539753575,193.9678224546648,189.9868421683986,1.54161545865145,192.97112071816093,2
ゲ,190.32837775745446,193.1602240785148,187.58231575214302,1.3713466240297398,190.50580491007167,0
ン,190.51549601408618,195.48255890715228,182.1115431518459,3.6726299984815296,191.58517045369655,0
ナ,196.82745441638917,214.42936898923,192.64248818081674,4.970951139859236,195.6380001259226,0
ノ,186.94913162177963,198.29490103395875,169.78043586553505,8.584013932670105,189.60040125282353,1
デ,154.92951855652132,167.65595903100086,146.07608057228336,5.687910641447513,153.33295665212097,0
ス,162.40431325389497,169.5541155644799,147.78724922684896,6.537243565177487,163.38922740967195,0
