Mora,Mean,Max,Min,Std,Median,Accent
ニ,254.59251606974362,300.6841751387682,198.6362444265984,29.322842435513895,252.89999674743888,0
イ,306.9464828707081,310.4716235610727,301.5785202361368,2.799597037845769,308.40725616309555,1
サ,248.9250391277794,319.1468933097987,188.42179667636302,36.9959026158714,244.3124481088205,0
ン,232.89727953754257,237.05668811874736,228.05144306804496,3.0170922090680135,233.31042027025592,0
ニ,206.31230774192645,225.5828849587423,180.36615864997904,14.230631233508701,208.27009294669068,0
タ,177.50634747457357,191.18466691437854,160.96784420349016,8.41160083044762,179.1645761063324,0
ノ,185.74914385579638,193.07291108473672,164.46838446152228,8.094197428344184,189.66310441705411,2
ン,184.4812074929047,189.53298524465325,180.48833531580436,3.226030728553849,183.63758303923777,1
デ,162.1674947185894,178.0374030105895,147.77006117346832,7.090315641075668,161.80700560094397,0
、,0.0,0,0,0.0,0.0,0
ジ,187.1998942458174,197.1370604019556,172.94864785789932,5.176833215301974,187.51680547272053,0
テ,198.88045301184303,223.01373815663328,150.7008700507197,23.471547930537522,208.25975402579886,2
ン,229.54771320022414,233.7910475440699,224.63473480593998,3.183613477668703,230.06682291485572,0
シャ,239.9608627987118,256.36435745545504,198.2737883242189,17.0367630816745,245.32576199947712,0
ニ,243.55929875523586,250.8025456058843,234.89233596303765,4.507891012718918,244.02396473692897,0
ノ,243.49831036106096,248.15302632220957,234.90091220408615,3.011698525389527,243.74552634624087,0
セ,237.34231165568713,252.96357119906855,201.01362215909606,13.512471696642542,239.32900086605062,0
テ,213.58226714429435,258.7745409121444,145.88067262737556,35.62657598413363,213.10229192051668,2
モ,240.54143728311732,250.87338093256287,228.72235483738282,4.410082825833673,240.2560382179941,0
ラ,240.68675175274612,244.69364168248063,233.15852684729438,2.4775204966895665,241.24917727596176,0
イ,239.70857312813772,241.57895082785652,238.3136830636672,1.0435884899764973,239.46822546699428,2
マ,237.70290222666523,245.0720943209094,223.0871780977577,4.237447757319784,236.5694176564278,0
ショ,224.48682733658487,252.21256698894635,160.22265052109972,18.20634428937627,226.08558767306047,0
オ,168.44103062335356,201.78832582050134,139.27449659830032,18.555772998769246,161.95136916036927,0
