Mora,Mean,Max,Min,Std,Median,Accent
ジ,264.3207437905268,295.46441464365057,237.715777549521,18.47725993362946,264.08455177343865,0
ル,294.645843633318,314.9738142358967,266.02968807520244,18.323139561466373,301.73993910695464,1
ワ,218.68458813683444,297.62513692596434,159.44493329183715,44.399948744296125,207.11577865852175,0
カ,175.8348906167278,190.78559957967306,151.3254017593071,8.366498994570795,175.92152415364055,0
ワ,209.73371946225382,268.88739695159194,175.08840603683475,27.61714684644759,204.75334946739903,2
イ,301.19384431628976,310.2923932269128,278.44338638707575,10.23174915173978,307.6233487641131,0
イ,296.10534124495666,305.868317204651,279.7180938818189,8.385647648982793,297.9588444464032,1
ダ,216.1181231526784,271.424968536797,192.84081361818664,22.252765448282805,208.89917701679002,0
ケ,183.31224981224372,211.2205991137447,144.69313857052558,15.182038603035814,189.14137010221177,0
デ,170.51122505575364,183.93586849897628,155.87417702926774,7.285458504455799,171.7945872727228,0
ナ,164.43118340215554,178.39547995030065,153.53500061236963,4.335004014480955,164.34284847774904,0
ク,146.11861665946745,164.04352344848024,128.13634388728363,9.993580430422885,145.81562692449452,1
、,0.0,0,0,0.0,0.0,0
ア,155.09675041664067,155.09675041664067,155.09675041664067,0.0,155.09675041664067,0
タ,174.22068944727567,181.58950261969989,170.31512076513337,3.7491132827582536,172.73541008972524,2
マ,219.20829753614984,252.21794055517518,184.43491232120292,19.886389940849803,222.93001910114828,0
モ,204.47060297371576,236.93189967776837,168.82154795613522,22.45154237169366,206.67532653688224,1
ヨ,160.16982880259604,167.48987948323077,152.1565699593671,3.2537089522031146,160.0497500974019,0
イ,141.63772230560627,151.33995602296957,133.97857401447214,5.678045313705828,139.9802491583534,1
