Mora,Mean,Max,Min,Std,Median,Accent
セ,239.1358626783237,250.76369357377777,219.06074754393006,7.815349604840841,240.4775339887515,0
エ,265.2909927379383,289.34842466825637,245.8773848203761,12.996233745266503,263.8155863352167,2
ガ,276.60297953657425,311.42980911542924,245.72191815816458,15.00602878979329,276.6317773213033,0
ン,276.03820332092783,277.9517226033542,273.50368444580334,1.1600849302617005,276.08544534338637,0
ガ,276.4844323147313,280.2422005761208,273.6675609484837,1.6745018431055048,276.6685424222241,0
キャ,296.04109765655045,328.4797957149817,243.4463744280507,25.916603631759273,299.5620985578945,0
ッ,0,0,0,0,0,0
カ,299.63906796792855,315.31376034293606,288.70036949319865,8.829834389683556,297.27564057967874,1
サ,229.18533272094518,286.3449921298339,187.28032191256926,35.800694964926336,214.894053728071,0
レ,175.69414450513563,183.5036561532044,169.55045563476443,3.0856204213782954,175.64585788965866,0
タ,173.35245971979842,199.25168052378524,148.13304270549494,12.295202194264284,173.96666960560205,2
ノ,170.557248683938,182.19230134273968,157.59098768258474,7.10492708177311,172.73973183515682,0
ワ,139.88737629131722,155.60055698171863,112.27177656010821,11.999635534864952,142.95448744905372,1
、,0.0,0,0,0.0,0.0,0
オ,155.8213264194511,157.7263737680206,151.75841724053888,2.403726663282511,156.90025733462252,0
カ,187.0543028758309,225.2599948182285,142.67591576274035,35.296046340027246,189.9071448553796,0
シ,264.99142782692553,329.4918057907486,220.49183664916774,51.142926257010714,224.7570768418257,2
イ,309.2913791945729,329.4459230950821,255.29498503442494,19.617864167868362,314.57302080653443,0
ト,233.51118755630492,283.2826526218853,206.59707437631326,25.144557821626364,229.61208234073163,1
オ,188.12938707990597,200.95658353510643,178.52372751418412,7.751294734900981,187.03989869708894,0
モ,162.59607896741107,175.79661759838757,155.47975682764715,5.236475883302475,162.27212575048952,0
ッ,150.33115661077744,154.8934502966789,140.98595073048227,5.548489816377759,152.7226127079743,2
タ,134.5841390602359,144.94077627001383,108.42316710821767,8.462474129476758,135.96796444987186,1
