Mora,Mean,Max,Min,Std,Median,Accent
ジ,198.40949840394057,212.73664606634998,181.4374173094309,6.604232433935386,200.31853672220657,0
ゼ,206.20803600238634,234.01703378330282,144.7785947601825,30.405638190165774,221.24633386692963,2
ン,215.6099402682982,218.87119381093598,211.89359819042858,1.7515344135042543,215.54929795664685,0
ニ,208.71066478738587,214.97192428142225,180.90610437673132,8.351621022943359,212.2780761256629,0
、,0.0,0,0,0.0,0.0,0
ベ,203.129259899112,235.35727109734322,173.45645822833902,17.261144200060308,201.2579390463735,0
ン,226.75107862619515,241.44627535370464,215.31295919445608,8.275394058667692,226.21375976366244,2
ゴ,293.3155305335165,339.82939608552573,246.16903911264384,30.639200406912597,287.9587109206568,0
シ,331.1991872732809,344.18132639288854,305.3110879496332,11.383539032401005,333.17766884998747,1
ト,222.30370470791476,245.27892495703307,206.9877182953002,13.331677096100886,217.2765177112063,0
ソ,187.97006323428906,205.21685468234983,160.71179003996704,11.656205070756366,190.26611145288433,0
オ,205.45375032278488,224.544230137855,189.54527073278493,11.281085319421514,203.82032419152438,2
ダ,249.96989205568246,264.29920182421324,222.4996771326571,14.120189500962287,256.10442818150455,0
ン,264.6356363707978,265.3700850963517,263.9281317811942,0.532284200829386,264.7201868922332,0
シ,243.7998991282115,262.53451660464924,214.37162759440463,15.374444619985942,246.73138234824705,0
タ,284.46051601160207,304.54443861502153,268.01240975051263,15.13410395091592,280.8246996692721,0
ホ,250.70190754335044,277.64984664705804,215.29384516976833,17.665036968902097,250.91401259178633,0
オ,266.22587194790975,272.5690352354952,258.57045334190144,4.084483624603336,266.3957307227405,1
ガ,196.45998208395557,254.81171263693395,150.8134737720887,34.580913850957366,194.07037575185785,0
イ,151.64323892940953,153.73098696352125,150.2385112380245,1.0078558896925165,151.62947289006257,0
イ,160.24445056681574,166.79341162666265,147.6366135865247,5.667798510959842,161.46892413056622,1
ヨ,170.55113864266946,258.0838262322798,144.7139917258779,31.7091301904248,153.81293346453145,2
