Mora,Mean,Max,Min,Std,Median,Accent
シ,236.1356737555711,279.8747730763364,221.63266964096601,20.91343889108389,224.5811087342602,0
ン,227.46795585051504,236.54712015111434,220.1318866759316,5.689913887416213,227.3980455925249,2
パ,251.25368946780577,312.47232759694646,200.32264035692225,22.271527961336613,252.03960108647107,0
イ,255.18566113618326,263.31678390296383,251.50024167002604,4.002491412900156,253.73371672506897,0
シ,253.28412683778888,273.64279381496686,219.04890526436427,15.320004645786392,259.7145299362297,0
ナ,254.08428047277266,260.1046141785149,248.74041433267658,3.2674776553384186,255.55328125557145,0
イ,243.25465141350162,250.4544723604997,234.79072016434964,4.643677095488286,243.46947374333558,1
デ,186.39654577133035,232.00822545982587,168.2033078212503,15.059060968478857,184.5715577878166,2
、,0.0,0,0,0.0,0.0,0
オ,198.90678185433674,215.83472270188852,181.5339198624493,10.553895359664484,200.58842755121032,2
マ,207.02711808486126,244.80928478897118,179.80973667747688,20.476792819318376,205.50454604259,0
エ,248.45669063883184,249.74682328954935,246.24067260692084,1.4042766978566057,249.23770922533558,0
ノ,249.93607284269052,261.6340092403727,240.00510795342535,5.909671097025012,251.05233215873434,0
メ,249.39811771452491,265.64765274802767,242.79398818204675,3.917283627351656,248.27671390889935,2
ン,246.80722162527613,249.55249828492776,240.6154698090128,1.9787069691850117,246.5372128831124,0
ド,258.97944079146083,279.8376980557579,217.35290983439927,19.15902912195753,268.9507703141012,1
オ,259.6267574239264,265.1687926127537,252.06640630846877,4.5350526527455255,260.1829441017759,0
ワ,202.38982516234546,247.77980596034826,167.8346632616405,26.659958340766117,197.89042103598527,0
ミ,167.70556454793223,183.45411719569137,142.38423752855925,8.460491897118047,168.40944890092268,1
ル,199.02112295335513,240.6059870208271,174.87150769258304,23.832405080009394,185.29882997313803,0
カ,184.24794375454888,220.93188383093255,158.9127061661084,17.344124792172142,183.49543101489968,0
