Mora,Mean,Max,Min,Std,Median,Accent
オ,230.764310013606,246.86040635201954,211.8801863622702,11.305069291240788,232.74868037243638,0
ハ,186.86310663750768,234.20440992349353,150.99272380370468,27.11828484661461,183.50146384853633,2
ナ,264.4764124137655,298.4104919311538,232.28267704444687,20.740983991113087,261.24704648353395,0
シ,283.82762472203757,298.8474808482267,253.71337313805864,14.505751759953629,287.5242412646309,0
サ,296.4269787962695,303.9007262818933,285.8073524244842,6.040441654231108,296.8544091126271,0
セ,290.31409158317854,312.6655558041928,257.81835092342556,16.249762830876154,292.98579750060617,0
テ,276.0069731758879,293.60132787245624,241.8032956372234,19.466136679522805,287.45003985097327,0
イ,259.56246980569944,286.8072567745878,230.23479620143615,22.690980157403786,248.20429809338984,0
タ,259.42180887612943,287.11260220046245,242.9138958454826,19.019580491080305,247.92710714748603,0
ダ,279.9465358571326,301.6231640098435,247.3213462375399,17.054344233143016,287.2784507619413,0
イ,272.2054239201241,289.3039025238669,241.77286736774965,18.142289741874897,284.92840674954675,0
テ,264.9304249036017,312.0061454046826,243.31172310589676,28.362535943148874,246.50895694210232,0
モ,253.86360976040407,294.08982662096315,199.5913087185207,26.781311731861422,257.03435719820226,1
ヨ,167.54577435398443,192.06862746300024,155.59517595202757,11.633379928661766,162.2104736780809,0
ロ,163.27219401474954,185.8580763630108,142.08130836296053,11.917351411554622,158.08065314776485,2
シ,220.92736706023007,281.203543669189,182.20756683467124,38.003630314003765,197.9343362581369,0
イ,279.7142154617839,280.8832396808056,276.6526159823112,1.2477751984019267,280.0995445064433,1
デ,247.48171631406458,278.41678027397114,230.5883957430835,14.540962935205979,246.36605542315465,0
ショ,215.74359580954737,248.9680659315502,177.78961103055542,20.20681796318885,211.79296442817784,0
オ,183.1189794466769,191.51050539202149,169.85728122808362,6.039673915346131,183.8051227462106,0
カ,161.08674149883734,199.1494760510206,135.6276621302337,14.104681323711755,161.91890785562254,0
