Mora,Mean,Max,Min,Std,Median,Accent
エ,313.1828236819173,355.98775871296766,266.2306525753702,32.53974167395365,319.0131682169921,0
ン,348.92915401748564,358.07417888170244,337.32218830708825,6.55643839381558,349.3057535526054,1
ヲ,272.4208696697082,334.24288219946845,215.71529088619093,38.63105009777909,270.682021421246,0
ド,206.41469401534033,238.28861866552916,180.97504415704216,20.0366146951506,200.57718695138846,0
ル,292.2225884303182,318.26488138297265,246.93081253714968,20.27758667784553,293.3257680427577,1
ニ,238.38666656273446,300.4730350496717,175.83320427245943,32.792453458631755,243.20023244251053,0
カ,188.89415934199783,198.44211154682603,183.23895121473237,4.064468687129201,188.0768971057693,0
エ,207.99808940935682,219.16760428548037,197.4342255624187,6.756229310909917,207.44123587950506,2
テ,225.85194336967498,260.4192724763873,202.46495542403758,15.336799947771157,228.93756974416178,0
ク,216.38360416202735,240.44440613175098,168.70896068721785,22.117823222113177,226.51035802114606,0
レ,213.2133691011791,224.21877596569985,191.37382812612984,10.695353944259779,219.67725421043872,0
ル,209.53696967466402,227.73083920974793,192.18125189321762,12.543773148077765,210.9125590339681,0
ギ,199.31213697922718,227.41040244068478,163.60178994965156,15.799828859041165,199.25180719133382,0
ン,212.25773560473283,219.30943480805374,204.9538353803282,5.17553945536379,211.58928298349997,2
コ,211.84255588375302,234.8256754419591,143.9726598120625,23.73300333356162,223.56863327886188,0
オ,220.56490896817814,222.9026523148413,219.21651411489083,1.198892875487684,220.09421957167575,0
ガ,216.9207227612268,222.95846143949927,209.46714028398475,4.172704313974297,218.1011284482877,0
ア,206.27619283149193,208.9010656307906,204.59622098023442,1.2301213433313152,205.75961295647687,0
リ,204.42340758081193,219.42796646849018,181.87808526634984,10.35206588159308,202.9567767869927,2
マ,229.21163049111001,244.6229501377927,214.39732444457746,8.888550818601331,227.22680629306683,0
ス,250.5623992410107,256.10059619837494,241.01703176329156,4.772652923815991,251.90058993416832,1
カ,174.42182200868638,228.26751725628046,149.1586718484603,26.485853436913647,162.33701793174936,2
