Mora,Mean,Max,Min,Std,Median,Accent
オ,225.8538617596849,289.77237705805726,201.7993621941578,28.21853344444633,213.20399046972798,0
フ,194.9683581867558,204.21966568956842,163.3947734842384,13.229366194915572,199.2717774194834,2
タ,315.4110775247485,323.28059493948047,311.49896507484664,3.9473472955393256,313.6248627510075,0
リ,310.78908943505206,331.99915344425693,275.34445365963984,18.87501567621912,314.92832716746875,1
ノ,282.64574799375436,324.7704486080173,217.71651783857993,33.735671080390446,294.7985825007862,0
シ,199.82092739747375,213.87680836116633,181.00155500789336,10.575018612764348,201.16820091079006,0
ア,175.76920476742234,183.75303099826593,173.13642841305835,3.0086043315637885,174.80028742506576,2
ワ,176.07878778735716,180.0225291562317,174.3322588298433,1.6222371396749529,175.345707928224,0
セ,192.16123960833556,214.44305167878733,181.51999369467703,8.97139086208462,190.21309729386564,0
ト,179.10680464517984,204.70397110938373,160.4173486724657,9.6191787431939,176.59428125685946,0
、,0.0,0,0,0.0,0.0,0
ゴ,167.60218157363678,188.59641273398398,139.72829422116467,17.002296631791843,176.68392401787074,0
ハ,193.61519328530767,236.9934172559454,154.9430262354024,27.449855835610087,183.03655636958717,2
ン,249.91270447622912,253.7286322809666,238.82287973000288,3.3373347623213854,251.23388566115236,0
エ,252.25423405684415,254.22295908983025,250.91358541203283,0.9313554077041493,251.99064499199423,0
エ,241.39794745706698,248.97674425471087,237.65017262280304,3.7539038940801035,239.78815816153957,0
ヲ,232.89208785404207,238.88689318211738,228.99058652887896,3.1980038836668103,231.27321886196606,0
イ,233.47709525770088,234.9100776899258,232.14013455581403,0.9287199009700955,233.33582188430358,0
ノ,224.80504913607834,231.28502203508324,214.65023829736018,3.8198768345652185,224.84693613381725,0
リ,210.16601560191498,218.98193692410524,193.62637687787992,8.550062707542695,214.26162646005253,0
マ,215.54567078646383,226.78556951241706,208.65826189885217,4.443248258514506,215.90723709747533,0
ス,199.8770028156283,208.34509616408153,188.01399570227977,8.640312151007631,203.27191658052348,0
