Mora,Mean,Max,Min,Std,Median,Accent
ハ,281.56037414577617,296.96549417143314,240.86135382890848,20.23378903735736,294.01573768456825,0
ハ,291.99058483099907,315.1619468546758,267.97640521349643,12.880490006621207,293.6665757854939,1
ワ,193.38386863014088,261.58155012700547,142.4861241462374,34.799987428639476,189.10144071286345,0
、,0.0,0,0,0.0,0.0,0
イ,186.09960223126492,187.94843467998442,182.66786249774216,1.7906237874973105,186.5957244399651,0
ナ,205.27593953204502,228.2559959042333,177.81365482579886,15.470731942554487,207.00179298288106,2
カ,247.24038513010137,265.5174565426481,214.23129499340055,14.775221385485178,249.916493836793,0
デ,229.6175984279889,244.47711882590008,209.2992994882005,13.348657178093474,234.4000312052848,0
ヒ,227.3430651997042,244.95159395797063,201.83427943466262,14.7166132227675,231.89681838453825,0
ト,254.5614530758483,264.88306341276825,239.3335749914015,8.334940885864226,256.1534260153409,2
リ,270.85610337228013,292.66460953695037,218.09102396072595,19.195800549556672,262.45297250050936,0
グ,299.84389085575566,314.11960272898614,290.8103208590026,9.34647452840495,294.56379661932624,0
ラ,309.1507985528166,326.84514233573753,293.03178425395424,11.184497665678938,311.87791597688107,1
シ,283.7301406547687,320.56935056277695,225.61789914943517,28.156499824993485,289.9476273866417,0
ヲ,202.0491834796443,240.30143331817345,183.95760790343397,17.282340281152933,195.99950040593262,0
シ,178.08375642297977,185.9194174110253,165.4467110695433,6.272379653772674,179.19975622642406,0
テ,184.5742166830743,203.85445354013177,173.72576166020386,10.319793374612305,180.66856329707775,2
イ,165.97761018579237,171.77379808650363,162.00333534381605,2.4461653577459503,165.0060457259462,0
ル,163.57743782054607,183.9446115614984,147.52200876952486,7.626159591347431,162.9461949426238,0
