Mora,Mean,Max,Min,Std,Median,Accent
ア,193.96256558299174,210.66639717234926,182.42629037117948,9.433358979433606,191.51517492574249,0
ツ,175.627623600776,198.34564576703025,166.40846823602396,9.894820100106383,173.31057872214984,2
カ,276.8935252778742,280.57645049623784,273.96324749989094,1.9291195793607454,276.99987716817054,0
マ,287.97007785634275,302.02611871689237,272.7280935166034,9.389732742771551,282.8104162844352,0
シ,297.89624264681436,303.30438197499535,286.9678915648319,5.793823927392019,300.46786388660905,0
ク,212.76447058985687,223.41573471127873,203.06078868780773,6.68785909610417,210.95900233435222,1
モ,168.1879168016262,202.70122255730797,130.55917245441486,21.39164090610971,166.11141774109228,0
、,0.0,0,0,0.0,0.0,0
ワ,151.37718679889056,157.81667141896622,123.29119189668386,9.65009220624741,155.66641438636083,0
タ,193.36959112295094,196.01937913698063,190.4967034290899,1.8329665795625216,193.2622575979474,2
シ,208.69706702792953,241.1763653151325,190.25091653615084,12.997301292791393,209.02662674049537,0
ニ,228.65498292650165,241.90984391959694,223.8828616595875,4.224056629259315,227.50279985618232,0
デ,205.93136961872625,243.2862791959716,176.0723094943876,23.46330972496598,210.40669469758336,0
テ,274.3493955540221,345.3735714628384,139.95454331191775,65.8618855785549,301.7800213967138,1
イ,252.97334362992186,283.28976280745195,203.15105767218134,21.929067802261006,256.61376526054926,0
ケ,192.51999830356942,216.54128653520945,172.9377828097371,12.067054114584682,189.40105524303115,0
ト,151.5652565172374,159.28418865201456,146.5102980382179,4.0488758076835865,151.07119920137868,0
イ,137.61554848452522,145.87742591175396,128.89575406008413,4.587352806111954,138.15929618536472,0
ッ,124.25519391802779,136.24563552075,112.33742900507872,9.760619725028528,124.18251722825462,2
タ,145.94697746069875,181.23806521358026,139.01171202710788,10.775047392041696,140.93433531251097,0
