Mora,Mean,Max,Min,Std,Median,Accent
カ,286.37459553316876,294.04961396340076,262.5927145035211,9.663230226389233,291.5492477056273,0
レ,296.970091085462,310.32004596669753,279.290361287658,10.453501928830413,294.83456053322175,1
ワ,223.046800001818,299.60987807592227,140.46661163556155,48.1807370066291,222.07502349061102,0
、,0.0,0,0,0.0,0.0,0
シャ,200.88696268657998,209.302126593621,187.7707509770177,8.043065075080277,203.23748658784058,0
チョ,198.7076640001509,234.24238587628278,142.20138080824992,28.94216237973431,203.51619091216025,0
オ,245.26388284580298,254.4032682443978,236.6555706499527,5.611111167018226,244.93531416588092,2
ノ,258.75637206611566,272.32347263307497,244.47954636527757,4.889226656475758,259.39489938410566,0
レ,212.3708051414445,247.60543294205362,188.50718838479648,20.069632792542084,206.50479197586745,0
エ,206.80116540166668,240.6607201219519,187.931595513487,16.30825140408983,203.02897823629567,0
セ,256.35862388245226,271.72071264343276,235.09886077143605,10.037029125674561,257.1951499232164,0
エ,240.9951337921686,254.7270541803756,235.49352259083796,5.437995191864912,238.87831865307282,2
デ,219.30597186377744,239.94648367397883,195.8005626859935,13.638478285488919,223.8013996944109,0
ス,223.3509506413303,233.45013056509654,206.0988145734658,9.404262609296069,226.6227725349808,0
