Mora,Mean,Max,Min,Std,Median,Accent
マ,174.78158212173093,188.51284786479815,149.5939513978089,9.705008526897002,174.3944820562788,0
ド,214.47103893558085,245.87317307654365,174.67615658368297,26.07507575129784,228.21718029696314,2
ゴ,250.08164502190215,254.15624805603343,245.70466160564098,2.3792304973197336,249.7797912407329,0
シ,241.61648878293232,256.75660369931563,165.61287633159898,22.548796398830028,247.9606658109555,0
ニ,217.11125946290483,235.2475148178942,178.06572317323594,12.08468891347484,221.3299335261759,0
、,0.0,0,0,0.0,0.0,0
カ,288.57197269678244,305.914427573878,267.3925667359466,10.659712182819167,287.952909976222,0
レ,312.72850754567264,356.1476501654576,273.07012920721087,20.040930641298733,309.33704284414887,1
ガ,208.6754086885892,267.623704364633,168.58107967507283,32.12592861887828,198.32639670941444,0
ヤ,156.10693586307033,166.15171677392323,146.67104894181352,6.275637093992262,155.15918451854066,0
ッ,156.8471005895132,156.8471005895132,156.8471005895132,0.0,156.8471005895132,2
テ,214.9309060055905,220.63478460871428,202.82777257333242,5.298514150254317,215.8081454312767,0
ク,188.41040927168635,201.30743168497142,159.28902189415126,17.178559832030125,196.5225917538114,0
ル,270.64787893845795,282.8481316313495,240.61699901166764,13.319514150052653,277.5871369038413,1
ノ,244.18278126789747,274.9463272564237,206.8034739935223,20.024544200582984,250.00450071214186,0
ガ,172.02195364720293,202.72106295053166,149.91997438754296,15.926532112744203,169.08881856597878,0
ミ,153.45063385445417,172.57495958009568,130.9908472828861,10.764433357527786,150.30234316028591,0
エ,170.52156876954626,172.73826741135707,165.3897926407296,1.9403930675480583,171.11013545451348,1
タ,140.75495980572032,175.6548134599546,127.67019083129314,12.365942550062059,136.86330467343691,0
