Mora,Mean,Max,Min,Std,Median,Accent
ハ,295.139827468482,317.4510599016961,249.26185441922954,18.40879680259562,299.6996184400525,0
ル,343.46420617847525,367.13241528480546,310.2188066112945,20.208605994782562,344.7887007246707,1
ニ,281.49222559005807,350.6605682986355,238.45138408461057,28.252518406115446,277.99564664164916,0
ナ,205.56873379402555,231.39580881020802,190.54304285706792,10.703659156284678,205.17228221544002,0
レ,187.87497985676694,198.51030172886948,177.74790122073918,5.2778804720615184,188.33790185127344,0
バ,162.70512141260275,181.55187561390375,141.64529230717724,9.783404521250128,161.71084823845638,0
、,0.0,0,0,0.0,0.0,0
ハ,167.89582487432716,173.2697754471294,159.33511698804784,4.153141829456559,168.80833240054517,0
ナ,210.39388463998972,232.13336365173208,171.3103640347878,21.942286436101448,216.10490888001584,2
ガ,228.32395984294627,240.610010064699,186.21859067559382,14.093351158201285,232.95791582364512,0
、,0.0,0,0,0.0,0.0,0
ア,164.14950495059702,169.4112013228035,160.37217103936922,3.3450777235249327,163.4073237201077,0
マ,214.36333187832238,258.3351417638379,170.0370744939737,28.642716975289105,213.4586568641049,2
ク,215.09024148513447,233.2328283874285,196.74985709854946,13.261187336980251,215.18914022727995,0
サ,196.92191338253906,200.59140380945666,191.51786957326712,3.902030451017649,198.65646676489334,0
キ,203.37781919744205,243.19738175804014,160.97542803204237,24.233065340480163,200.91562899707776,2
ニ,199.5644168487578,215.6512164548428,183.3298578755591,11.827474272873568,199.20104138477222,0
オ,208.05965894491794,236.14118560757086,165.49328773569084,19.470594134162774,208.29147032932838,0
ウ,148.18865706442764,159.00453330783546,140.15002386353854,6.359930980808334,146.68684457182087,1
