Mora,Mean,Max,Min,Std,Median,Accent
ハ,208.00288556620518,231.36460284889367,182.41584789774987,13.203372733280062,208.2113881518501,0
ハ,225.2456780144091,260.4706564947952,187.79898003831602,26.63273384048079,218.35830214962448,2
オ,269.86873406685976,277.4130317164015,259.0402761485063,6.502393767339495,271.4953246870435,0
ヤ,270.62780053502667,279.8818729187937,253.95862772440012,9.299113011480731,274.6989332791775,0
ワ,239.50624708199425,253.9985563524982,192.1473335374395,17.479078356331396,245.46199473432526,0
、,0.0,0,0,0.0,0.0,0
ム,173.86024741695155,183.1593119079733,152.2394671723715,8.03883375459512,173.89635014369333,0
ス,184.63912926761472,187.71034588022104,181.79921814147477,2.0794026764097158,184.23268307543606,2
コ,261.8482148459531,277.6761980266805,253.9571497707305,7.6032385880079785,261.1868589762914,0
ニ,236.77928505069212,255.39382249568362,175.3275308964167,22.699804138949144,249.79778664410094,0
、,0.0,0,0,0.0,0.0,0
イ,184.0169610045715,197.87003189594398,162.51290523761097,12.327502892626512,188.20031460064806,0
イ,214.6623051364235,227.67065202551413,199.42526508249233,8.929407301676559,216.23715171120756,2
キ,242.93022655293512,261.3493440879531,221.76771912230788,13.393310709521387,242.77979864788415,0
カ,283.8206580621671,294.0616229753107,280.22688299600435,4.353259071876401,282.39086394161865,0
セ,286.2950486782235,297.71609536585964,265.36369930624284,10.095594157411478,284.32453492702024,0
ヨ,309.80607764873054,316.769580160192,298.3662581031024,6.644536560784562,313.5026299410566,0
オ,304.3577107524739,315.37635015380505,292.81067704674507,7.755548879613814,304.6807102362754,1
ト,218.68992028568277,232.04805719722165,198.00062358185338,14.835011782341127,226.02108007797327,0
シ,180.14589727748944,200.17323927458696,159.00705083522908,14.267311270258002,183.21828168815384,0
テ,174.5232094439792,202.8353860748162,160.5862547753881,12.508225967690331,172.0556780353934,2
イ,149.42592753995942,158.7240599958961,122.92239214317007,9.300452437955641,152.32439282535955,0
タ,147.19756662842275,172.62758840874758,130.17904818476714,9.768220295291691,148.3738638895807,0
