Mora,Mean,Max,Min,Std,Median,Accent
キュ,267.8797685151992,284.9412181960045,254.91995590159718,9.528821341289039,264.8126669726593,0
ウ,304.298029086939,320.11782795193034,287.8533861187234,10.543695376204177,304.5026373972222,0
ジュ,304.6024783986433,324.3612951009728,284.28865544788397,13.901436903041791,304.7135303227125,2
ウ,317.7967407282298,319.4964466622204,315.5334001301888,1.4198730059906037,317.9046440213834,0
ネ,306.8830452752969,316.0448765565672,296.76095228810954,7.736285969444743,311.292650679589,0
ン,313.9223258124563,323.69240872239266,291.77713767972523,8.034245353499255,316.722042179238,0
ダ,227.06446792694555,295.4856168353715,185.09228945459688,32.43848189801599,221.4060345801773,0
イ,178.6971998336219,183.04937821274362,174.57115147110503,3.0165132437063016,178.6653002555061,1
ニ,170.76762671468856,175.4081982238934,162.70079348034173,3.8917463882778094,172.58053851579098,0
ワ,154.48125312363615,162.53059619888313,144.93377587183983,4.77297360206966,155.16512426742597,0
、,0.0,0,0,0.0,0.0,0
イ,183.27856606732263,194.67427795396526,176.16762866287965,4.439284098838138,183.2362603224579,0
ロ,193.8505325626955,235.79083855260083,153.1892879297385,21.57205937986591,191.75823596176122,0
ン,253.12068561236447,262.09535110110005,242.3916935230111,6.285147526235774,252.7038478524298,0
ナ,277.83356937877807,289.19372709266156,264.41676575163797,7.954028056090105,283.59639109732746,2
ジ,252.18163478042078,287.21318700604303,230.4447414712928,20.440753546956593,247.12418648416076,0
ケ,281.512627722336,314.7340046622032,241.94262349295676,16.633440859380556,285.2348238907043,0
ン,265.5298858956893,272.9740525228283,258.8954536000533,4.248376531505681,264.61639903903625,0
ガ,213.74680185568886,255.88106115227527,176.95696647032878,25.649931777232837,212.0219860098282,1
オ,167.4266467954545,175.46254278697143,148.28225564640303,6.564188825020692,168.68605670719361,0
コ,167.91815883914944,203.65151136841183,149.1565867553025,10.725923793324936,164.55758600372286,0
ッ,163.3707674711737,163.3707674711737,163.3707674711737,0.0,163.3707674711737,0
タ,152.45099839626766,171.75698935034,125.10680248023901,11.72654792490056,153.09188219234125,2
