Mora,Mean,Max,Min,Std,Median,Accent
ワ,192.03585951958289,196.50525335015058,180.7303925336502,4.052670945396814,192.79680558567895,0
タ,194.10091762063627,226.55440762913392,148.54786075656818,30.98796015427788,212.88779285975437,2
シ,206.58955545188243,227.1350996856967,178.2882922369962,11.294796800670923,208.15517959677754,0
ワ,195.6579182719852,210.72163330936658,159.2000625811017,12.685613131904057,197.52773434220092,0
、,0.0,0,0,0.0,0.0,0
コ,217.24357449405616,233.12471739385273,211.4732548051798,8.179863862890041,212.66818955799968,0
ノ,244.2662951220905,284.8857641164935,196.16673285363933,25.671318848352655,239.53343892305568,2
カ,307.8447195280587,342.34866041753463,299.6156030408479,12.356976025012438,303.8692163180466,0
ミ,303.10802745967186,312.69461286820007,296.02574336294293,5.6844967457553395,301.56580532035446,2
ザ,300.7254141769257,333.9132445834094,260.7663881762296,22.705133054862813,309.37004851094974,0
ラ,288.40165552765916,306.11719277600224,257.30317067979286,13.247874275147467,292.1648117892738,1
ヲ,203.31390551426423,250.7930747973636,178.37140735865813,22.531395224358786,197.42466669492603,0
ツ,170.3634306157237,178.3091887561684,154.91783359604096,8.684749556976438,172.68539375389554,0
カ,175.53864702152856,187.46495087777046,170.95685055168786,5.266139298451957,172.65939554029495,2
ッ,148.18030996345553,169.01388258947736,129.8849011857981,15.188636190065301,146.91122803927334,0
テ,162.30013375482426,177.89301651991525,153.9422244646463,11.035359559334866,155.0651602799112,0
オ,147.26456312834176,150.77212493023825,134.7800617463291,3.129450028266117,147.51826886771298,0
カ,198.647587225178,209.50446871959983,191.08795014716662,5.918640345126912,197.77816495772294,2
ズ,219.1633720283137,252.55345362903026,198.67069242408442,18.794862042569626,212.88698196849907,0
ヲ,246.59918025234947,249.72746157518657,244.03190725390343,1.755480189116291,246.14132580953833,0
ト,237.6831172003546,263.79559244355806,208.76922496667066,22.04830742966355,248.6829553842464,0
リ,237.00947491946422,251.88832604496457,201.42339095878495,14.102016687400722,241.31757111536027,2
ワ,245.3733373837624,254.24936639171707,236.53027035369982,6.159435001868565,245.81384889332062,0
ケ,192.48377716336174,236.757555953214,165.46591774449786,20.065435927885424,190.45494103950946,1
タ,144.24401892356127,174.53143672161747,119.7587544311209,14.123858322674156,143.1246417165559,0
