Mora,Mean,Max,Min,Std,Median,Accent
ショ,283.13816301002015,291.13250601668244,271.9549088091158,4.161987490288603,282.88796010539323,0
オ,298.78620067982445,308.0689361858646,288.7197698084728,6.522173142782042,299.5849929904687,0
イ,279.97622157849867,307.1466169069463,238.46297595024183,28.83887274203931,299.9385715853242,2
チ,257.4758358480733,304.7013816031297,232.37378847029203,23.926974404369886,260.303243899387,0
ワ,259.5031608280003,272.5081446413363,236.03383270720227,9.635648539580853,261.99441057472166,0
、,0.0,0,0,0.0,0.0,0
マ,187.65900387693023,202.08634512008837,163.13681923088143,8.799569661149343,187.86060413658086,0
ッ,204.62792529671523,213.04704251182352,193.42593066668653,6.561817485949085,206.56236607230585,0
サ,251.49466768503632,310.3289412215772,159.83477976231268,65.81586241754637,294.1559033772063,2
オ,338.44376458809006,361.5173095348804,306.7218760339546,18.31641590662661,339.19132739160324,0
ニ,272.80917534933303,354.06655924608367,213.6170346975841,44.35504638110393,262.8775128734096,1
ナ,190.7476477517595,209.88844590738117,176.64374958667966,8.38828021159023,190.9289685208504,0
ッ,144.85044832940147,165.70197264544515,90.07392911230414,27.80734290726881,154.26603855722877,0
タ,165.71616871246025,212.4248477003676,135.17576851914322,17.156371706911617,161.38130165159754,1
