Mora,Mean,Max,Min,Std,Median,Accent
コ,329.1751363411156,348.0882156650907,293.1324758610043,15.219702387023489,332.5542831602546,0
オ,362.7646914816591,369.39097600339704,350.49806454360663,5.99466921140578,365.3019821844582,1
ト,301.0686111037358,322.3704605662531,267.97252623858503,16.928234025430296,304.4269509892683,0
ノ,242.7185128970653,291.3649244463305,209.74799514556807,24.00280142409705,243.69358218395223,0
シ,201.91921107771157,224.61512979145414,134.96718137228603,25.075305306783868,211.23933737463457,0
タ,221.53311778028487,233.80450370131328,211.03011354160495,8.279951906274771,220.51797637056967,2
ニ,185.96943425609172,209.2385136958224,137.7379676615741,19.235347549209305,192.32585667125505,1
ケ,174.86464302626365,211.13576738034152,152.29448792884585,12.914981918080866,173.06896131615096,0
ン,211.15744596611148,236.00676347682744,186.34133317182634,16.23798526889044,208.60823873625486,2
ジュ,235.0991504851505,250.84227946221165,213.37717826230835,12.659154447064896,237.71833846552607,0
ウ,248.06871830650576,248.94035574969791,246.8489028368,0.7074328890779832,248.31640960487331,0
ヲ,247.01081321528585,252.6848179731304,239.61290639937394,4.102401679673857,247.21903990147007,0
シ,234.8572767991048,247.5777972230653,210.64970201232538,10.69790373473817,238.90254426054597,0
ノ,232.6977445283601,241.42425692637687,229.91259831415945,2.602795322119077,232.25896250266442,0
バ,225.93527742750928,242.31488264394355,210.21692963953473,12.179679171160492,231.97132011999014,2
セ,222.93693491111895,250.47228460678264,188.89250493711558,22.03459314534241,218.2186076220392,0
テ,166.82928144833875,191.67272491200393,145.69788092671234,10.633494994503806,166.0510717366654,1
、,0.0,0,0,0.0,0.0,0
ト,180.92793321719077,184.7481755034699,177.0403992264725,2.6313329385031166,181.6839673019905,0
キ,223.71655559256806,283.4808384303758,151.94045200543465,54.55573417973204,228.83922954353557,0
ヲ,299.44406895233794,305.69903615590135,287.66671740238314,5.5902962543046435,301.1587450331731,2
マ,218.49643344908756,291.4423294592433,191.99538579215408,31.408456883573326,203.2553530529296,1
ッ,188.7707998403613,195.32676490264302,178.59243352691362,6.088035710099183,187.9731430225664,0
タ,165.51016926523755,177.81231649150442,156.00717603814613,5.690954367601819,165.12867465466343,1
