Mora,Mean,Max,Min,Std,Median,Accent
サ,239.61784141147356,245.21907544735612,235.2499921938654,3.5321312884796523,238.80492240994238,0
モ,225.58790498913038,231.83626251937213,211.4417992079133,4.591799688914708,226.6900842453342,2
ナ,190.88394731525793,216.9566207682696,171.71497564752457,16.02634676199105,191.76726603173256,1
イ,162.9810952877373,172.1786211777755,141.82115453308657,9.582203636958862,167.39078065034985,0
ト,153.12817073584756,168.84345489980046,138.81423247008348,8.682840302706145,153.96153001799453,0
、,0.0,0,0,0.0,0.0,0
ヒ,198.71886963594412,215.99250820186288,187.52753645249922,7.509968232035351,195.9811341296615,0
グ,222.19349689527968,260.6069400202928,194.78358121097864,23.219688280510464,215.2811684025254,2
レ,271.62174743139707,281.82469613471164,262.45357644576967,7.77852015259017,271.8391291755389,0
ノ,270.5696882726254,278.55896287562564,258.97292288384483,5.736837261946075,270.9413123101051,0
マ,272.4919500635667,281.4092498902528,263.47704774558986,6.122465696496855,274.7359307486854,0
エ,256.09642795499445,262.85233747864623,246.817664006774,5.536854851007873,256.9779866000539,1
ニ,190.63751725074476,241.87560146678342,158.30374544101034,26.915311878682783,183.61518856385769,0
ソ,153.91749446363923,179.1407333240274,121.77823606372964,16.81724276609677,157.21479338228238,0
コ,219.24493392629975,243.7181237349889,208.44460378577782,13.738234477778583,210.70658823555996,2
ニ,226.59814209537922,236.4953887365633,209.55923965622335,8.898741345082872,228.25657706314632,0
ツ,197.49345277594185,227.86747400481863,155.61023090096535,19.915650162238954,202.0048724944428,0
ケ,289.4994182868446,292.70255924425595,285.9376236862601,2.0324602321807155,288.99909852190797,2
ナ,289.58515501999267,306.13239789064846,255.62609981129398,13.48079331949568,292.5913594860307,1
イ,234.2714296155091,248.39931492694902,222.3720462759292,8.765382324139726,233.17523673993088,0
デ,181.76897483174335,218.02682574999213,158.94298258573215,18.434016588652824,176.99213530690488,0
ショ,164.28701190291824,195.6733249942348,127.44675760324613,18.06441690538394,162.95970207631893,2
オ,151.09340638168698,170.54111450170126,130.3727901589288,11.718356182073844,150.43672279558947,0
