Mora,Mean,Max,Min,Std,Median,Accent
メ,260.4705442010525,314.9174720363091,206.5353876023719,32.76187404135746,257.58047063760336,0
エ,342.9233510781872,356.50742912405707,320.32817543199405,12.233981576940847,345.79979427105076,1
ヨ,318.07161462265015,355.95830421829714,263.4005475871109,29.635523791760733,324.3850044264326,0
ニ,211.5816786807625,259.721149692899,172.67548516323026,25.10300340848049,209.86653165019248,0
カ,182.82008283593848,192.62542422869464,162.2033465316805,10.102229822649056,187.77431251877542,0
カ,197.88214590481397,213.0624024827327,163.87986489488813,19.227204408732426,210.3465272186383,2
ワ,227.8161810025432,235.30817252816618,213.58467163122378,7.682778515009597,231.69779015025156,0
ル,214.7657290390879,230.65823627769294,180.55046644480515,13.399845172552702,215.82395706461514,1
モ,169.69659266318365,190.7751930008905,157.03813551778296,10.315478778817464,167.09838584461232,0
ン,184.9723709963792,198.64245540536,171.24514937296985,9.815927580916412,186.67104510444227,2
ダ,197.11155027161718,206.5016989295138,192.18769692441194,3.4928920053881014,196.69679328149368,0
イ,197.33387924718238,197.86244042317588,196.98875924929035,0.33515387763833226,197.24074569608194,0
ナ,202.17506202685155,211.21843805574866,179.88432380043503,6.727099603863109,204.4927790271162,0
ノ,190.0084405252495,201.47104797958676,172.75327312890204,8.619113914418454,193.95798419227444,1
デ,150.4793201857564,182.11180123572615,126.3536122183151,14.280933485437638,149.7391221167202,0
、,0.0,0,0,0.0,0.0,0
カ,211.80709926288313,223.1429809261428,194.86552029693505,8.21724159437121,212.62414300440366,0
レ,209.43478071866895,220.76597712884055,188.97531471654378,7.899215680539528,209.2519477534454,1
ワ,176.79530817849093,208.2992844440152,134.6144118635085,22.19624551091161,178.6185417863417,0
オ,134.6142755682632,150.28253367886302,116.62788574414027,7.192323554525464,136.87425479851325,0
コ,187.30382497627605,210.52222892639605,136.02330992718367,25.0509340934227,197.95979867416443,2
ッ,0,0,0,0,0,1
タ,168.09965110408126,222.3790130943324,129.6499795602442,22.733669630337573,167.72736280464477,0
