Mora,Mean,Max,Min,Std,Median,Accent
ショ,243.4148191344108,245.77333880162797,240.55665895065658,2.158806406513687,243.91445965094792,0
シ,259.22886699378915,340.5418407742299,188.9632554608032,57.62008579648578,228.164965744636,0
ン,348.73236294889784,355.2378080978372,339.8743386806008,5.465087632688253,349.1291763156892,2
シャ,307.1308329518722,359.75561920251323,247.64539489823784,35.73205031511112,308.8986247103229,1
ガ,197.78399651068693,242.97220086495835,165.8646122788864,20.35524009997357,197.0433687339177,0
ウィ,163.70791566125146,194.03847962357372,156.68244451957605,9.973163786430144,158.5473511305879,0
ン,230.877964884694,258.03785565603386,198.39654948918027,19.127375305878015,231.70561961986851,0
ド,272.2576498233283,297.86765907828953,234.04099278691345,18.220837326764286,285.58439217021703,0
サ,290.98807064352656,308.79558057484843,243.17941827821647,21.47237799554456,305.8650007334695,0
ア,311.1635106625282,315.81338034014067,303.03971472733275,3.166565909969262,311.4883872356742,2
フィ,251.660764763021,296.3309949261245,221.02960090417838,21.299685080981604,250.29426528827446,0
ン,210.76431631554377,218.22756115277457,202.04622560911918,5.370547309172552,211.10213025994724,0
ヲ,177.66713087197147,197.0700744347857,170.42708688282553,8.40322958749666,174.2002936641408,1
ス,182.03983492990898,223.65781642374736,169.71480681313838,17.70117140144791,171.5822571113575,0
ル,179.28732808249674,188.37938721570774,170.57862465160602,5.341530033818343,177.102511827132,0
ノ,177.00485223539934,186.45654587191595,164.76458859833758,6.812456005460416,178.54383310604038,0
ワ,157.87568127534507,164.34005873529517,148.83585772273247,4.863832187705631,159.36181876127148,0
ム,161.70736198611192,169.6263594516391,153.9345686903664,3.6624337941506857,163.132465829165,0
ズ,161.22662984440487,179.78646112755,146.9944679806611,10.663409249567819,159.49152815205247,2
カ,198.89396160945404,251.62403167533603,169.93723296608215,22.76077705617609,193.69188344904768,1
シ,212.32720474569413,242.86084359903217,147.0906360621343,18.97501342765279,215.48002257231124,0
イ,181.54996715929212,197.43029904071074,165.3144740165995,11.078727777059811,183.11844049433103,0
