Mora,Mean,Max,Min,Std,Median,Accent
イ,230.83017164997526,242.93888352044067,222.5146254676407,6.0287097737108075,231.29855039331443,0
ッ,230.85763316176767,234.04048589222813,224.55044320209262,3.3409973289233768,231.82248247150653,2
シュ,313.89238739380875,368.79926286809336,180.30809301855686,67.18736245098071,342.89801375959894,0
ウ,347.23259135307916,368.34455791045644,305.71644904211286,21.20272927689788,353.6172049187479,0
カ,269.9164143407983,341.9358740745806,229.32585962811504,27.413550713587934,272.32807139315605,1
ン,220.60509114965234,226.38818771503293,216.77791454072624,3.433789293043457,219.87831001344355,0
シ,214.56694036772637,221.54010508724892,195.9202208160543,8.964237392592194,219.71828796668592,0
テ,147.8938768465535,205.65262798696037,65.40486623744984,34.70153569761796,155.8114896270083,0
、,0.0,0,0,0.0,0.0,0
ソ,223.2127181285401,227.4446792458173,221.07853137762572,2.1973080940278567,222.0511648059178,0
ノ,239.03137186896384,256.9205959238922,220.27008797728578,11.499086939575452,239.48567126723228,0
ニュ,272.85898042121335,283.6228437891063,256.20869696589756,8.338376972294702,274.7730676170798,2
ウ,281.9725651334597,291.65798039154186,272.47019619944064,7.364558653316586,283.23326402207204,0
ス,206.4033102202628,276.13104663243496,137.49111253736166,36.691571988880725,199.34274328458744,0
ワ,173.92397932790598,190.40118959204884,159.53692655463632,9.965861420508032,172.06283316944592,1
ホ,172.7544323862056,197.80784299980513,143.97798405336226,19.353734772271512,173.50628582804424,0
ン,219.7403559012617,236.20993261382011,198.89424671388247,12.314403241349689,220.4729231296548,0
ト,252.86141805449475,280.68633417957415,210.40574822996356,18.10306192609385,255.53035147232123,0
オ,246.98698010214775,249.59642979440827,245.249242314399,1.458342182699419,246.8001313372495,2
ニ,246.58997556954728,250.24356658027605,235.1767756839427,3.3308228552711183,247.5386056308243,0
ナ,235.82975387932817,246.9643516074861,228.79681129358318,5.461020643794592,236.03855925198297,0
ッ,209.60644299129558,231.4087777725789,183.6458231478439,19.719591943290183,213.76472805346393,0
タ,138.33461454422698,180.0338690303666,89.76560337850735,22.582909200720984,142.26775454701396,0
