Mora,Mean,Max,Min,Std,Median,Accent
リョ,223.68548595984535,261.07997487015444,198.25202253047058,16.90846755461818,220.16938475649079,0
オ,294.6005451886127,314.55935294450114,265.55965165665634,15.48390166676206,296.6393924165609,0
テ,326.7936911277479,353.45167821734293,320.9526019140993,7.819096142236339,324.3523723658554,2
ン,305.44186416368757,326.6040250673384,279.2297962423367,12.308864835348047,305.98291394425956,0
ビ,252.87509427385623,273.3741114525845,237.48281402855736,10.206491973807633,251.00281807419643,1
ン,221.42070943465015,234.72819167778022,208.42100481180867,7.532223982568812,221.61347135687186,0
ニ,189.31335188906942,206.29703737775532,161.70654214330884,12.030300782455965,191.72768796644354,0
カ,160.50688905164805,167.49638351785202,134.15390322591946,9.709819197566645,164.2481689321961,0
ケ,163.3824129275229,205.88220443970286,135.47121954733345,23.618544267440075,157.19713664320824,0
ヨ,209.04593228049325,227.48255703972862,191.97894438783104,13.44005992088926,208.18359053676028,2
オ,231.25655724732866,232.42923492130834,229.2014369615928,1.0669729339173797,231.60226383386453,0
ッ,206.71612618326606,228.640145575622,196.89109187471462,10.41809033903775,204.4213793226359,1
タ,180.33873292410547,199.91415650519468,169.37903890970895,9.10535514587013,177.85941031965456,0
ッ,164.53019978166446,167.68969151124378,161.34846026866458,2.5888446124176676,164.55244756508503,0
テ,152.28695498980613,163.39537428652483,139.2163252321016,6.788583939076803,152.29448888636145,0
、,0.0,0,0,0.0,0.0,0
ソ,247.81034094987754,254.92326686395515,239.815410513194,5.076129047216209,249.18514385410475,0
オ,243.8285197675202,247.70317698790305,240.277719099287,2.566079892943153,243.68568146753705,0
ワ,195.87058415224098,237.8030866001146,163.9016877022349,23.957578563081956,191.47831077154535,1
イ,155.9998430606711,163.40066375318554,130.44666182803286,9.252348336351686,158.95859087199022,0
キ,154.65545250005812,205.63033632067783,123.66130400048026,27.869424500063225,147.6425558715408,0
マ,184.7041006573983,193.0893339184583,178.58288213552575,3.1437740333281283,185.07158957331848,2
セ,191.95177541608425,218.22472131518873,140.73640199415289,17.203106272082717,193.34739608941254,0
ン,177.9031197540776,191.66621557433632,161.3744672909684,9.612088706348812,179.22160102602325,0
ヨ,151.96317783319003,173.86722010067294,145.54585096245415,7.018794547932777,148.87187392622417,1
