Mora,Mean,Max,Min,Std,Median,Accent
ム,176.55903667044825,190.4270061648004,155.88908731015619,10.31685034349638,178.609663661898,0
ダ,224.0185917089253,270.57189956161125,174.55457398330515,31.289138334369927,240.1063506444989,2
ン,282.3850305229039,287.4674944706952,273.03378632899484,4.749922199291871,284.3165739291979,0
デ,270.1111689371699,294.0126616492844,236.2023659559285,22.170427647236966,276.55365697349276,0
ソ,278.8909469076065,300.88753204678704,227.8714653132935,21.863014987540506,289.219383238071,0
コ,286.8131456850213,303.238920030043,218.32021559883697,22.014888804700856,292.35708805150716,0
ニ,289.63806723344663,299.4894694106683,246.86311559419931,10.885104166613027,292.6983539796197,0
チュ,235.36602602232873,268.29456869594367,184.09889842598983,30.706120773707557,235.24466256292823,0
ウ,264.0921523922555,265.555448677351,262.5666094510734,1.0255594806213368,263.64882206123355,0
シャ,268.40746969670863,295.99314361909575,239.7300553312042,14.42600054154169,265.71828708987283,2
シ,256.2494708987447,263.9161269759114,234.44478419599884,8.643415012128374,259.5181237585123,0
テ,299.2947868766695,314.3828176993823,284.8103538189355,8.769755619400371,300.891011629095,0
ワ,222.4568409429804,282.00550712510454,171.1045411180074,39.52578345446304,219.7897970939631,0
イ,169.51248647322757,174.05514472938466,154.82894166126854,4.323011682667355,170.60723385508095,2
ケ,184.949351882708,226.03518170140754,149.3761651182356,26.98968099246881,194.1507267618961,1
マ,195.32827544660083,208.8303549973255,171.55518001496,6.699059720785258,195.44491357230913,0
セ,187.55341808990195,229.51528174120247,148.8309699229668,19.122850510837207,189.9476681692301,2
ン,150.5684030773779,163.05677409340345,140.31515216970215,7.836056855270751,150.8125085238458,0
