Mora,Mean,Max,Min,Std,Median,Accent
ミ,193.3267912176511,222.76349145859527,180.66581811375565,10.131951761487809,190.07284255088757,0
ダ,208.5135937087819,253.64304790591729,176.5976076811496,28.66687679642579,190.65943273252148,2
シ,253.46414557885976,279.84408799009503,231.45323760199176,13.6187348028606,252.06062234902197,0
ゴ,232.79526305578656,249.72686831781962,222.62061611302937,8.435785946291464,229.7777154056139,0
ワ,212.89427973549388,222.72123368382918,178.7623981496772,9.626985479781977,214.63485633467533,0
、,0.0,0,0,0.0,0.0,0
ア,176.81242910891802,191.34036871901893,137.0646727993798,14.61406610389753,180.948364399787,0
ル,227.49610521352656,266.6374837076096,173.62041182538664,28.234006687033684,229.54078740991514,2
ファ,270.7381258719852,288.7468525627594,220.91049820126608,17.372185024368264,274.4387250701435,0
ベ,260.7628297399194,283.87316806746685,235.6267826617963,17.20580771693865,267.0057333890598,0
ッ,0,0,0,0,0,0
ト,275.1333810963619,292.28436766630045,267.1761764900702,8.891750409958144,270.46523130424356,0
ジュ,249.12800916822192,269.97040496659815,226.675119635243,15.77938876234871,248.55952910333457,0
ン,262.0067379846356,269.1404834237397,255.1713899037563,4.151406236647039,261.1655080975966,0
ニ,262.6659875348935,265.51325055392925,260.25556218672136,1.704695108233788,262.4069126065545,0
ナ,241.18375391508746,263.0720002217761,228.6088568343284,10.688721496958562,240.50883238097657,0
ラ,231.8039965229248,234.1993112887085,225.14469300540435,2.7575161916725666,233.44060972812255,0
ン,234.02230100477502,238.504394950986,227.07774570477144,3.680980099803023,233.49370348078912,0
デ,216.7321292542321,236.69942272497832,199.86133467147542,14.554949991717054,213.78572854298272,2
イ,231.14602238675934,235.85213091765033,226.5793652288801,2.957128399917083,230.9158704417421,0
マ,219.60521218250037,230.24692536068866,205.16593156322332,4.378491101164293,219.0300515552504,0
ス,219.41078819236358,222.8491318973273,211.3514617103434,3.808045977411694,220.26708814199642,0
