Mora,Mean,Max,Min,Std,Median,Accent
ボ,234.40183118709336,261.4324683087507,223.379131718771,12.759337773981642,227.84729265096868,0
オ,299.40780697292627,322.23934806279794,266.19582822932256,17.43731717082408,302.08397913602016,1
フ,330.1846785348935,345.2523549676938,279.91023874819626,18.88168403195012,341.5483550776381,1
ウ,262.7591955830754,273.84851622476134,252.9816856926984,7.204963009414401,262.43215756202704,0
ウ,238.95622682892284,248.03220062918675,228.81773449612166,6.596602317614237,239.51295815993865,0
ガ,169.35786149782595,224.01608879346435,130.60967726285716,24.05242701301806,160.51624303036436,0
、,0.0,0,0,0.0,0.0,0
ア,159.53619899452517,182.9091964736797,118.38312815151474,20.37535739343347,166.47909994231821,1
ラ,222.6163055508522,262.5752804424597,177.05007220210638,26.69122520681868,222.9366865443477,1
ン,274.2894268150826,286.97933355173933,237.46559932735641,11.76960666263943,277.40737007976554,1
カ,300.3350708009926,302.6522646437199,296.3833045447547,2.1346770343568937,301.11735428876693,0
ギ,281.3069652208806,302.8141667378589,264.79726154823817,13.00961830714546,278.00622408809994,0
リ,228.94596059430478,267.04515430933947,212.90245705964517,15.801523229483163,225.92929951151626,0
ノ,177.08827893623996,210.50996388643958,155.65620382893783,15.538296573220196,177.56463874857127,1
モ,166.42444081060307,203.68022659171947,150.85812606062734,14.035651872236901,161.6534083975975,0
オ,268.26252652048214,287.3131432328274,211.88439379521284,22.81196780907319,281.0217410530029,0
イ,259.5131273059622,277.7854757219938,235.72279198073724,13.622764883771257,261.7876758766888,0
ヲ,197.26192061244805,231.60511306891968,167.90267555525196,21.45411624646851,199.21189062240944,0
フ,169.77448304514976,187.56010005172857,158.97825372479278,9.328500394790051,165.33769284610582,1
ル,169.463334970347,176.33786221542303,145.84841820022663,7.965006393478716,173.54211621620308,0
ッ,0,0,0,0,0,0
