Mora,Mean,Max,Min,Std,Median,Accent
ヨ,290.5299603359008,320.7978887088077,234.34342640346776,26.515346720661196,301.0562884116614,1
オ,324.7551213215751,329.8898121641584,310.43624966858624,4.260994992346521,324.7953360209125,0
ガ,258.80115439447434,301.8623315037266,210.5581947026722,30.400474137765755,258.9841129642035,0
ア,195.13819713113028,208.92320181109747,184.96309316874218,7.613374253435584,194.21176445902466,0
リ,183.11116747770018,189.67114385496785,165.43643194929012,5.615096524813383,183.76869701656778,1
マ,197.0661611954146,216.10346784714693,182.22271019646465,6.566281617416009,196.73690253487771,1
ス,202.5744055019367,213.6363447986,185.42452430998557,9.636474135906631,203.96563912110457,0
ノ,179.8614065334885,208.51136482965458,165.40693148485167,12.141679883348093,178.35836809724879,0
デ,149.79213462055273,164.18536355258271,140.70498931150226,6.4890161994674,147.7332831982381,0
、,0.0,0,0,0.0,0.0,0
サ,0,0,0,0,0,1
キ,189.94302898599807,203.56874641037015,178.4516752441053,8.712525948256285,189.84067277104973,1
ニ,205.33137653311198,219.54415003139997,188.4171560023555,9.319505561623885,206.62934643569216,0
イ,221.39372264969666,224.29587492985516,212.76928612909808,3.310876488468217,222.56457247306744,1
ッ,197.0678963493398,203.8447149378068,192.69976320568938,4.017841191346102,195.85985763474918,1
テ,233.0756139098588,252.25925193230628,202.35365812244288,13.002217833661035,236.58111939423117,1
ク,210.30474438383644,240.95336617896746,173.24507190711265,22.149739333514493,206.71817916415677,1
ダ,216.499667266211,226.97793755482076,205.33049493078602,6.5920253369408774,217.531740592728,1
サ,209.5592912631945,232.74824360442906,187.07092706740133,11.452728902526976,211.49626661576616,0
