Mora,Mean,Max,Min,Std,Median,Accent
シュ,273.55710512767695,284.3578021902808,262.2718333131705,7.118945182895468,274.37676873072644,0
ウ,297.0515498622093,304.69391868907695,286.0793346589079,5.751502226560075,298.17777921001203,0
デ,273.9756101554691,302.54598547236355,239.2770278412065,22.750070337636814,287.278835826037,1
ン,277.2980541789572,284.2791838572692,270.50040527122576,4.898539218296623,275.6781222358578,1
ニ,276.83812897195855,281.0203352952541,273.37700168634257,2.666672128031413,275.3358074673264,1
ノ,272.8559042881645,280.097115488066,265.89129207289363,5.483484024268163,270.82165923171016,1
ル,259.09844018450093,273.62413146069025,223.57468545382346,12.426174517046634,265.5882793404554,1
タ,244.22503769704042,283.40238037103677,189.63893760870394,26.00595067691046,247.51415579408965,1
メ,254.41600593780134,259.70100018869846,238.4628710415624,6.119818894224161,256.9943774689825,1
ニ,178.7402388180335,235.105515465494,121.79855944640464,30.082135501024517,174.68244791687925,1
、,0.0,0,0,0.0,0.0,0
エ,250.0853385704673,277.1692305702351,214.50023676514778,21.559354979273337,248.58902164263048,1
キ,322.21517620028817,327.8902446103635,317.2135131346105,4.361584921503134,321.4263770582454,0
エ,310.36724007747324,335.2292081555733,270.15421337956127,22.306031209625402,315.0740530153673,0
イ,206.46792113494948,262.8406705730692,179.98890076472773,25.65545049422843,194.00024607048456,0
ソ,198.48714205401592,233.93987720572522,175.28115148723347,15.735431345870685,199.7584892806105,1
ガ,205.6815715488173,209.40253816683295,198.64547583896393,3.6750045922659758,207.2989661183331,1
ナ,205.74451918688533,208.78220366610051,203.5876356228066,1.6376578444694991,205.9005033502507,1
ケ,194.42847015092013,220.26066256937514,176.56188455847703,11.353441927077746,194.937093785452,0
レ,169.1828352643167,179.09384138014042,149.0008801776104,7.528318536894715,171.01230824679016,0
バ,157.58598274215058,173.68380894170681,138.51980291542898,7.7686087346982236,156.16368068095562,0
ナ,146.0245579763084,152.17792763633244,136.75170282710695,3.236875713098569,145.86916413565226,0
ラ,165.4811271476897,176.01178029251142,149.08875604710553,10.3270914051211,169.8184810897767,1
ナ,152.91430954312742,173.73433592900292,133.46699508510798,13.380966786436712,150.69858830815053,0
イ,128.0598479423045,132.1367493531541,123.62425423713783,2.9743208373805614,127.84852660972749,0
