Mora,Mean,Max,Min,Std,Median,Accent
ク,243.50723485479514,243.50723485479514,243.50723485479514,0.0,243.50723485479514,0
ジ,217.85097674722886,266.2254773844104,190.39781083379268,27.07461052921389,208.4114384894047,1
ラ,269.14692689165804,288.35856677756675,234.88645356865356,14.507918492289098,268.5301986009423,1
ニ,282.5861745919834,288.6660492988517,275.22358108707226,3.143869763215216,282.6151497126533,1
ワ,205.38195742963444,279.77765894446424,134.58776439824732,45.99939694580262,195.8759300333405,0
、,0.0,0,0,0.0,0.0,1
ド,249.79307414880623,281.36923873145673,226.22833155011685,17.29217474718191,246.66525821014307,0
ク,277.5097346219997,342.94580190995947,231.34079377409114,41.44751953178196,271.9499108514773,0
ジ,288.16160753324414,342.5281610866151,247.92733213850528,31.14710183845401,281.4052357642479,0
ノ,210.70463131581116,276.91931304475895,166.5014202375682,37.20799501025539,205.33868784683628,1
ゲ,169.62223301057202,202.56061061183738,145.65128429333862,16.865125741388255,163.69404468049123,0
ン,233.59272582658394,248.59041693177318,205.82915771075704,14.171618380313253,238.63918710184527,0
ゴ,223.8841118416996,246.5618816620362,203.50880451670056,12.232132493277264,223.00076718206142,0
ガ,178.49977526736583,201.25670215691665,168.20558628410953,9.873506445043107,173.87436350514758,1
ア,170.20859868883204,173.3478688655971,167.73059955449577,2.0115293836730803,170.15094825050608,0
ル,176.52124401946185,180.7940736477215,160.64714847615383,4.57300460482259,178.0890889228774,0
ト,144.15585191947824,148.02693492892863,140.9317932434197,2.93248918729038,143.50882758608643,0
シ,183.04849687815405,206.32747196430088,151.52122308981282,16.307681514987134,186.68648358947746,1
ン,202.91049320910426,222.17918180804304,184.38295629519396,14.550360906020009,202.29647087405607,1
ジ,224.46311621413292,255.69673119581475,203.92543967465014,17.09720628066822,218.84236501112508,1
ラ,251.95346951517422,259.713464208387,239.38978859465027,5.325477189064293,252.677028300267,0
レ,246.8328218579208,257.97287402232837,223.51890996951514,6.828706903514187,248.94119349153164,0
テ,188.98445484292256,216.8524841825147,160.71354423647438,15.900552884124735,187.19790924239572,0
イ,163.11606210297063,174.9526477107224,154.7225004788703,4.96317735001215,162.2145917321827,0
