Mora,Mean,Max,Min,Std,Median,Accent
キ,267.2392954397789,311.04690644674986,185.03889057836798,42.069153052863456,284.9724917111664,1
ヌ,329.60979894141224,371.5026824386877,302.1954874434351,18.800185673975584,323.05391516032705,0
ワ,224.66204930161095,310.96718797667694,180.5788991384763,41.282388473991965,209.04385019459437,0
テ,191.14002305056724,213.26655715592057,151.96949905350886,18.25678049116767,192.7399603738284,0
ザ,203.87088294670835,226.7053490840359,176.60392288758024,17.1203637316134,203.32934701965718,1
ワ,253.2838549518699,260.9185960600563,229.12090054861358,9.08050831478479,256.99253474542667,0
リ,219.6575279731968,249.38336474590056,196.03296564054668,14.766195941354026,218.00039283580486,0
ガ,178.3212108601839,193.20572096456732,168.12451739037888,7.306540359568295,177.69991428004164,0
ヤ,162.77986784930965,167.22616952349466,158.7707635586153,3.2014096399339214,161.40801116614938,0
ワ,169.81809454076384,174.93481781208268,160.30860865575005,4.9658923021003165,172.46928460706474,1
ラ,184.8583214884634,194.02416232045795,167.46437361381234,8.009762344960961,188.6899400391195,1
カ,195.10330695377513,206.9034736688442,159.50697449167563,12.054715495051985,200.00693658189806,1
ク,167.302971069705,191.05957931787324,143.27734077138578,11.824787958943075,166.6874645967905,0
、,0.0,0,0,0.0,0.0,1
ス,267.633515822184,279.07911907745165,263.01382549329213,6.628529168534254,264.22055935899607,0
ベ,272.1027136572336,305.43447148678143,230.38263862933294,28.692799830500835,272.01915385266886,0
ス,248.52323267760298,290.14981066778967,212.8429477015154,30.28470477671952,234.78396454446678,0
ベ,183.20774641773428,203.53531130123758,176.09209089896294,6.912444148659489,181.93337276117717,0
シ,171.83827667211426,175.79696504286224,151.64225889779215,6.908044464565803,174.48885574326815,0
テ,183.79197157825797,189.38314712529782,177.39758355346953,3.8570576881349097,184.7409879674456,0
イ,165.06320493420694,174.8880814901355,159.72085583353524,4.348843965921919,163.26907009828386,0
