Mora,Mean,Max,Min,Std,Median,Accent
ユ,214.4294872867468,230.00627460509372,198.70848442304694,8.560390627861432,214.41819435392284,0
ウ,249.83120810702766,267.0509751042954,234.02361795053318,11.468715466291188,248.9897606378601,1
ショ,263.64264654629994,277.41402211798845,242.39172009608498,12.06711107754835,266.47279888072256,1
ク,255.2785481719708,258.7448374831659,252.0864686981431,2.1252059785121884,254.67870923470778,1
ニ,234.89475070774023,251.16886744519826,175.89498588551876,15.474877097545177,240.3749519259874,1
、,0.0,0,0,0.0,0.0,1
イ,226.31834133352103,264.19295967625726,171.17245010934218,29.48860907632849,236.129822948146,1
イ,311.93776177596504,337.90576683779534,269.62709953367084,22.208063526190966,316.26733834920583,0
ト,273.4348626280295,318.17890674285707,210.97378802556554,31.507378220343305,279.3962284634706,0
コ,207.27641755391448,241.61659025467924,146.52151239227533,24.8991878021417,214.3257526361697,0
ロ,192.67362100509797,212.5797082528177,176.95792248925636,9.678431178135455,188.5638909631199,0
ヲ,174.8388256624153,180.69042030681337,171.57688541518198,2.942896502338145,174.0997347545865,0
シ,144.24740219983624,170.93718009922648,105.57190746012168,21.970178973294068,148.08570389991112,0
ッ,0,0,0,0,0,1
テ,228.30556110214962,241.75621295950114,219.68749614233712,7.561307857818956,225.4788163388175,1
イ,245.0677471459999,246.40176430629336,243.73801047220527,1.03105865718211,245.12114402726536,1
ル,242.0918468331626,262.6719137994432,200.54259699055,21.25381479320757,246.01559856818216,1
ン,252.2693738627676,261.9004354274271,237.08167509112837,7.632236831264433,249.73834460412007,0
デ,221.4376446947662,243.0638183266684,198.49336680214245,12.231592378884239,220.029325256205,0
ス,182.69106399033294,203.21081947562809,153.75669855970352,15.60983220218741,187.6694135942973,0
ヨ,170.88246412680226,187.59528731706848,143.0736018358317,10.089332440075781,174.66141245123424,0
