Mora,Mean,Max,Min,Std,Median,Accent
ツ,270.0342013648792,282.79988354667677,259.76792233843923,7.745921882471514,269.7848902960872,0
ウ,301.04532080816745,313.2558957907341,284.92842977007035,8.850148802932342,301.6750815753587,1
ブ,304.94455432702887,333.18959560868757,269.2362531844153,18.560229347788876,312.87011102480056,0
ロ,329.0959673334062,348.8627043321916,297.91546008562244,14.625446374407987,328.3082535838379,1
ッ,0,0,0,0,0,0
ク,243.78535790444852,263.3019730271334,229.04768269756377,12.925572713879523,240.6059757622576,0
サ,201.94368162700417,234.61063402693577,180.73573073144763,17.660206611349615,193.8050049023184,0
キ,180.7519407624249,231.7844349733793,150.6160782173392,24.759427195209877,172.7724756649657,1
マ,223.46887817377922,235.39190428923155,206.70152007382518,6.143792987629563,221.64201688185034,1
デ,211.95295877733574,228.31391360380326,196.16262088675006,10.822584570486857,209.63096692468451,0
ア,166.88680014961542,196.3968415532895,153.78854226951756,13.773095711204988,161.32864579574812,0
ル,156.90680910097737,165.41325480810363,148.80652204673524,4.887771028989425,156.86357757130975,1
キ,161.61457335056036,225.53091987252944,128.39441805682034,25.432487745442366,153.61467876955612,0
、,0.0,0,0,0.0,0.0,0
ヒ,181.6245022846695,194.03497886920258,159.52322149739862,10.57487361917697,183.5517373699332,1
ダ,185.23533224852747,206.25192441525888,151.13325827732893,18.98736304497756,196.70730949970994,1
リ,213.45897707469308,237.64659670852467,178.390469526297,17.42448026622393,207.65986567034406,1
エ,235.49753928819865,238.54066935261852,230.75089821299403,3.074206890826312,237.58162708452815,0
マ,224.7938801261834,239.69822866148587,208.04363612565288,5.1886682692929025,223.82035936458487,1
ガ,216.07921960365056,219.5508225637739,212.15490412022683,1.8435141071509848,216.16402362388038,1
リ,206.12734307227197,214.23991094057521,193.32980934427894,7.66524581096163,209.68749007174804,1
ナ,207.00621038340736,214.3693104602811,195.96065998759744,3.65690459056574,207.3179142451586,1
サ,196.1984923611172,237.05848091209265,163.7165590866566,17.596242798610085,195.93649654861204,0
