Mora,Mean,Max,Min,Std,Median,Accent
イ,201.01111344455956,213.45673877786308,181.00878370382432,9.400792385697244,203.5959873439344,0
チ,247.18202078103454,290.97858512840713,149.71208657797544,55.27067880683039,275.46562679008423,1
ゲ,298.60563004259586,302.10813508991953,291.95381059442667,2.924572347295759,299.6287434835121,1
ン,300.0575835794996,303.70030106165785,294.10928726132965,2.436979241443615,300.4075052632379,1
コ,284.6852243345883,305.42202934197724,186.47062134011304,33.99831620081811,302.3592312566621,1
ジ,215.49235269471157,301.06086165216726,153.5927257565858,41.4340752529379,202.7988476716604,0
