Mora,Mean,Max,Min,Std,Median,Accent
キョ,276.1498242565968,303.24499114077673,244.6699828845773,17.071954630195314,277.3817699206255,0
オ,307.667723144735,309.5960858158045,304.5643359073056,1.8251208908303704,308.3880814022693,0
ハ,278.82688842598844,301.2764309069806,238.69301181363545,12.397761031889402,278.7803593410389,1
ク,264.54407735039564,315.71925011017134,238.35095963700118,27.313200201353045,253.98238584970122,1
ノ,271.316167902674,282.05443351312334,247.5796000625797,7.606322568282092,270.93297339279695,1
モ,262.9774077407744,269.17627406779144,232.02517150411327,6.670799468681275,264.4047489468897,1
ト,240.6690806828892,280.04157329533405,177.0133298853831,29.711683230575186,254.99256264665382,1
ニ,199.7260489690931,251.3191871748948,164.86356148038067,27.610603183626836,195.0075324425998,1
ナ,162.30606994366363,167.11629007703783,157.7568649578377,2.868896606756021,161.8954456758092,0
サ,188.26969913188756,216.0506358971748,153.8307732656811,25.96740710405661,209.38872370967277,0
レ,207.720376762285,222.33622240898566,196.34239049296772,6.394588129531744,208.74226303696133,1
タ,168.71421429759747,201.6585379305652,152.9365101310711,14.375465201681989,164.67637068795483,0
ヤ,95.02705702600352,155.83495825561434,79.29434897479558,24.875922223570047,84.35187540638863,0
ク,130.7252278526504,151.2233640306733,100.98024109923801,18.186699608284023,137.03878145743926,0
ソ,184.92863323204023,199.27750425255422,176.50296465359042,7.115475728822482,183.86619917540682,1
ク,167.92570578183452,192.00484378272188,146.81069093796603,12.137494863956569,168.9525841731775,1
ワ,159.5729700777049,170.46918495417404,144.3485009578182,6.048730314654688,159.9024841497574,1
、,0.0,0,0,0.0,0.0,1
ム,154.07679530207147,161.3230368307525,145.91712692303224,3.843178820634978,153.08396923858635,0
コ,156.44878007369837,191.64755051987305,73.80410917284158,32.81775881560347,178.86276646986536,1
オ,195.02969431429105,199.51364775545406,185.38339163876535,4.768818280496228,197.3638404045638,1
ダ,188.18732118991397,218.5878763811891,175.83540628822317,9.794617214507646,185.96261956209892,1
