Mora,Mean,Max,Min,Std,Median,Accent
オ,206.0992796974934,229.48973996947643,193.84212882551478,10.725731264988921,204.28990421523656,0
コ,264.1404509059734,340.0081493482568,199.82996195084525,63.90518062284037,209.02849953652208,1
シ,341.00455242225996,345.13343256245764,334.94850424337636,3.172563994623764,342.0620627161643,0
テ,355.09260135656194,430.51416209926015,266.27725853207966,48.8689400546379,366.7733164541612,0
ク,281.8533563055857,305.9853070869099,273.9077594007572,9.580650132349286,278.2774151887225,0
レ,234.10963309778148,269.94910360664653,214.64256049933513,18.491686457285244,227.52393300440667,1
ル,194.569375766485,214.95284007234395,174.64597573195564,11.042998190515116,191.40684893822794,0
ヒ,174.57983499058565,186.56353411948547,165.38523558460426,6.392646141603291,173.82492630361745,0
ツ,236.14832149481595,244.71511536210593,229.3451619623946,6.762969695793527,235.26650432738163,1
ヨ,221.84300618791002,230.2572067646846,216.0158287103526,4.722158486930043,221.9005450159397,1
オ,219.62850337403987,220.71198998328558,218.21824266518396,0.83150221579789,219.79496932305284,1
ワ,218.31787941527497,221.75923904803224,210.91767638555802,3.6380421788763133,220.36013064580544,1
ナ,205.85870124954224,223.2177832189298,192.1643596219928,8.75445492802489,207.46413064529224,1
カ,280.12233523717947,324.94113907886504,205.97629157847055,34.41425992097764,295.82524505611406,0
ッ,0,0,0,0,0,0
タ,212.3722898208281,247.20986228684106,195.5688771306322,15.114525423177858,209.1094583131036,0
ノ,185.01604153870366,205.21979947815836,165.62099509219013,12.423826846993483,185.3551960041822,0
ニ,157.26334044489957,165.07540796817756,150.93671051895925,4.971173050456704,156.54576300799047,0
