Mora,Mean,Max,Min,Std,Median,Accent
コ,0,0,0,0,0,0
ト,227.23245792667618,234.57266332393812,220.81953591600194,5.652847025114124,226.30517454008856,1
シ,212.36700831184154,240.1761163385685,157.0442259714941,21.00747623127208,218.15292324176417,1
ワ,215.39953721959313,231.1038499440625,205.67035539241246,5.6081595181375405,213.7103894134321,1
マ,180.6760269548598,204.90795303886935,157.72106916861253,11.615086576471828,178.23686356906683,0
ナ,201.29667215272698,237.27386031869065,173.0290862093692,20.837802010932908,202.3537681551589,1
ツ,250.04855876643973,318.99078849444766,187.5877652777615,54.54115870549585,224.872821004977,1
ビ,281.9839380052977,326.0861774609044,244.9420912720041,26.50855233704607,270.2201668300063,0
ガ,204.24487711491207,239.4691511350876,184.1237085620314,18.204029164389237,198.41863871674371,0
ス,191.26961847586477,200.48442474250965,183.67844488787372,6.486509913229224,191.77935599111552,0
ク,223.86404058700094,228.81798287939168,218.9100982946102,4.953942292390735,223.86404058700094,1
ナ,210.51034148937654,225.05445628511308,192.85716009739681,6.633605704386831,209.55572938816982,1
ク,187.36196367505323,221.7323289439574,147.60416812180839,25.54996405215293,184.45618902679152,0
テ,174.4569600033862,215.21107222979234,126.01479231010092,14.523420875509817,173.3847656903167,0
、,0.0,0,0,0.0,0.0,0
サ,203.65396602718,217.4111808547906,192.90278036517753,9.041187573577947,201.47364788620996,1
ビ,188.94874524074902,226.86978408330944,159.95260833091612,17.722274559853833,189.34468387130522,1
シ,240.9332807582765,279.4807232127685,188.23680779975857,29.84949874302249,243.87313254317274,0
イ,244.08008279414108,256.2609529922585,228.08846055664458,8.887520480662296,245.63403419226503,0
ナ,178.93557209896835,223.96178633196848,146.69945419828258,22.951811021135374,173.01349009424595,1
ツ,163.5061948178094,184.85949020530913,136.4423799891186,17.57207914224888,166.36145453840498,1
ヤ,252.3504954863255,274.4949357959745,240.61930751984457,9.951273779030322,251.1821616775814,0
ス,282.7550869527399,310.625370889929,241.03238277898998,20.18118468124376,286.2617305977409,0
ミ,252.91007510604553,294.9067015970883,226.4783904416665,18.05635246396043,248.27787599778168,0
デ,192.93995307921355,224.52524496860198,167.35156174357746,15.394716615342912,195.73939630902964,0
シ,186.82958566246282,205.0637566509589,151.52020012376738,18.38544841535766,196.24530555871183,0
