Mora,Mean,Max,Min,Std,Median,Accent
ニ,191.35795191314654,206.50625304758844,178.1156440892432,8.027840357129408,191.2848016889663,0
ワ,218.54035515197893,233.77797761344823,200.0501094908021,11.059416275442592,221.98157281793328,1
ニ,235.01099416803274,241.11201930815972,229.38328013543423,3.111263748971409,234.23527402573617,1
ワ,189.04095833713015,230.84867544135548,122.56222499332002,26.81597357978817,188.41487176849014,0
、,0.0,0,0,0.0,0.0,0
バ,178.3798536353847,193.03268425468187,173.97218332611337,5.037764700520302,176.79089905541878,1
ラ,206.25413459916797,244.86104471274223,175.3998043376162,20.875203190637077,203.93975824430672,1
ノ,276.3694884207794,316.66446084965855,240.0494227579588,22.17191830716365,274.66400548322054,0
ハ,275.1903553674692,306.4875539585866,246.8594207733585,17.64263569262506,276.8898019405772,1
ナ,264.5668984375355,281.6537643799664,259.45450213371856,5.20013158546055,264.2868246182861,1
ガ,263.19601426419916,265.8598808590258,259.230107684078,1.7880405569314652,263.7859888297411,0
カ,219.19500799522976,251.22103199351358,205.75939256959322,12.586040001152876,218.31154010561548,1
オ,212.35025227750302,235.56682723321313,201.52805795354905,10.890163052957819,207.11038219671133,1
ッ,237.37077516033517,237.37077516033517,237.37077516033517,0.0,237.37077516033517,1
テ,236.92175253481304,243.14326595856733,228.43025747368478,5.150339235375439,236.87474074026412,1
イ,224.36952699875908,233.18462376178508,212.64540355742912,5.965503190851886,224.51538975945923,1
