Mora,Mean,Max,Min,Std,Median,Accent
イ,234.66492283039838,276.350146621094,182.87277103653022,32.731752685330605,242.13699040843068,1
マ,203.45968368547736,276.3029351390707,147.7031294689755,42.68867551324836,193.91875626879704,0
、,0.0,0,0,0.0,0.0,0
コ,183.87376057150578,187.42974853077493,180.99732386818178,2.28890642333053,183.60746855458865,1
ノ,215.25762886223245,252.7789747172742,187.3765302773877,21.356436460881312,213.51357244300704,1
ホ,273.355318324033,319.066471200702,240.11821410227435,26.009253000476107,260.9309300567668,0
ン,291.1208955642938,313.09220841353743,241.65973584802583,20.63883643152515,300.3141304493194,0
ヲ,186.91689407248626,231.74776636635303,162.39166206679576,20.62652163932231,181.00426496234746,1
ヨ,171.8676864464203,229.01136615104235,152.49929469179466,20.927530866691402,161.5117242114871,0
ン,278.4381907839025,308.7135947410986,240.77959071724248,21.165733723279665,275.864194743044,0
デ,316.55360026723974,353.2649492530872,289.8005126769759,20.18340220985878,309.37253797901553,0
シ,282.28387936726307,338.48861846360415,222.51657467157372,39.21885035234209,287.4419973217266,0
マ,189.2510798432751,226.36977880758423,173.80814420426205,13.990697694368338,188.8319146922968,0
ッ,164.13123738225735,174.14128186657769,143.91229463645516,10.726149299440559,168.13828317249,0
タ,171.43302225735044,171.43302225735044,171.43302225735044,0.0,171.43302225735044,0
ト,177.09641303338844,191.30751267855013,165.6710546880155,7.5269248987095265,176.09550006973768,1
コ,170.6336181032595,202.9212660826001,150.82387467387528,17.77898634268427,161.99147008707902,1
ロ,183.39104443550244,193.10899778750434,153.28480935282792,9.723290583121596,189.31619268097603,0
