Mora,Mean,Max,Min,Std,Median,Accent
ギ,202.28415568642276,211.42782937822233,179.73088718897174,7.658281383096075,204.38738096631053,0
セ,250.34460267124686,299.889841699856,163.86438238735377,43.01688107059133,266.5480327319991,1
エ,312.4141304693972,322.6024282491854,303.87710211679354,5.923081136126961,311.8436168055929,1
ヲ,334.53374963950546,339.6403743469576,324.8221290784657,4.297607455729784,335.88024468939915,1
ハ,274.25438147533254,326.456218999522,239.4669314028918,25.750558184344982,266.79049613995846,0
ラ,300.1253252765443,317.4575331490878,263.1179201668762,12.764670949556633,302.4780744536249,1
ワ,336.2691474819701,352.7168956790857,319.51524118431877,12.315271646259138,334.46256462393467,1
ナ,310.10412103878826,352.5639902374495,235.60950236700543,36.85512923019754,328.50574646966606,0
イ,217.39734616467547,231.96940998955387,202.25326677591954,9.7609276572528,218.03949616274394,0
デ,179.74322433898587,200.6133184326167,163.0838512121726,10.050955652153604,177.5297816388458,0
シュ,170.54492969993422,201.29359300977222,149.22926547594162,16.88795954347091,163.82402451033943,0
ウ,195.48763234218308,206.9338869135188,189.91107853270117,5.427190234355748,193.8768266569001,0
カ,220.37885890454643,235.8937807244645,195.92782157361881,13.388224943425866,221.53974170821255,1
ク,228.42574516150654,260.8306511035866,191.3345734678704,24.387391462674238,239.63417060098237,1
ヲ,233.43080850569663,242.8352467316942,209.13715864238117,11.110490781775642,240.29359705848927,1
エ,220.455838244688,249.97253945367632,190.16161527767778,20.735012367660694,227.59580268136543,1
ル,253.72567773910825,269.69065199971243,214.99195501394772,18.33579762464721,259.79796625101403,1
コ,211.70646282026567,233.18962572437934,199.78190387169454,12.13081507087801,207.27936539783926,0
ト,204.5968999307289,226.8851731960905,193.82226500380676,13.118935944394766,198.84008076150917,0
ワ,169.8630849912078,190.05816811627173,155.82059848941253,10.695248620019324,170.48952632860335,0
デ,151.5564066775357,164.94236396962006,141.12997065386236,5.106083687258895,152.15631158350374,0
キ,170.31923203867657,216.55582357878453,131.56954138615612,33.492014242278685,160.15559015150126,0
ナ,191.7811964023128,228.6829215946503,137.6522007206342,27.908325795882615,198.7626652929936,1
イ,124.12024520447305,133.9766135341603,116.3836525729799,6.3462755680143905,123.06035735537603,0
