Mora,Mean,Max,Min,Std,Median,Accent
ノ,182.56419596360809,196.49316460800003,168.3834537544329,6.962395897812341,181.43866148841127,0
ノ,216.4720790611346,262.96905809289785,182.6816527480943,26.16323467837876,213.06785462580385,1
シ,292.9706954906273,320.7491807267279,248.4813513149112,17.770786898539345,295.9937537930142,1
リ,276.6925950718296,298.24079972188105,250.99435113556314,18.873000938031755,285.34018071137166,1
ノ,277.7303875080916,294.0606435363203,253.815178475403,8.982502685142357,281.09233854336503,1
コ,272.7015179385733,293.2357601818713,226.80040970724139,19.607505642249414,281.846789234723,1
ト,276.31620870061374,299.8269310868176,242.75407543594125,13.925153516155746,278.15430182459164,1
バ,258.0212291034034,282.8293583340124,240.8652641267528,13.818337574500672,254.7636673694028,1
ガ,174.91276831638103,239.90907470025695,122.84934601600682,38.10554268251949,168.80659085508813,0
、,0.0,0,0,0.0,0.0,1
カ,240.19962727077,253.5938030452745,228.05864538841288,8.774449585645863,240.4473329603236,0
レ,303.85759090458447,332.83783035343737,259.2038847861868,29.180638572587384,320.465966600571,0
ノ,254.63038902632172,330.05531630236266,195.97712662739644,40.4042184495,262.70633430150247,0
ク,173.45339531629017,182.93583283355596,166.75460209958848,6.8929705115922655,170.66975101572604,0
チ,198.5097676870449,204.2527922248225,187.03078259680024,8.116868710757714,204.24572823951192,0
ヲ,163.7376498542295,186.0425298055542,153.63940378744755,9.776908192528,161.492503330485,1
ツ,237.197493661788,295.22071909477717,128.4487652667438,65.54805007617084,281.048441055377,0
イ,300.30652539936034,304.71731004256395,289.49879496073487,4.479216692566781,301.4947049856853,0
テ,206.78452446486816,236.08017514339582,181.04360219997614,16.77985348993041,208.70610156101208,1
デ,160.57783734929836,188.11482064561673,131.43603412694992,13.112320463750805,159.62285668179862,0
テ,157.02646946437704,179.50387267969538,135.5237183834856,13.069193346300711,156.84874708519888,0
キ,150.633655936093,154.53407849985047,145.08309558448352,3.932185596210753,151.7876080328481,0
