Mora,Mean,Max,Min,Std,Median,Accent
ス,301.2057933525676,306.2440074240379,282.82581603371085,6.762688125350049,303.66774040825544,0
ウ,320.2032911088953,326.00976374525766,307.55612180828723,5.7112470612650394,322.15145192431794,1
フ,295.3980036469617,336.91407598088006,264.6045140907551,22.035525593541045,289.0290522959526,1
ン,294.1629286640167,337.19592867576984,247.00931153708774,29.14837507796627,292.11934379259515,0
カ,201.23425241925116,281.0756816264594,172.77741167306064,31.243405049032305,188.43583149185403,0
ン,156.46535492990697,171.38051470977607,117.58651589221711,15.580971077002046,162.18110276891593,0
、,0.0,0,0,0.0,0.0,0
オ,138.9666379332997,182.63676269529773,87.81201346698786,33.99088686021857,141.81217422287563,1
ジ,216.30951984370142,269.21411762809555,184.62197766311658,25.0159105427838,205.12424747639494,0
カ,266.61426491588264,306.2064250619375,237.61958335368507,18.12030358241289,264.18978491796605,0
ン,206.58481215356963,232.4120487196123,183.82809981822726,15.464358403013943,205.09584058475815,0
ヲ,169.95236544530152,181.2244016899674,163.57800328911716,5.713911045323119,168.3792360918326,1
サ,219.48897879735532,295.80230211586775,157.17405427273206,50.51978023445064,222.202799151875,0
イ,304.3833146310581,328.2914227319384,249.94172284577516,22.388882523884714,310.7803423449361,0
テ,249.27129817593044,260.67129104535866,242.466296055377,6.135417181437735,248.59840268595508,0
イ,199.87370696844522,240.0313079685676,150.51180607978247,24.52034115476235,203.27495750167262,1
タ,162.96212211006963,185.38943901282582,143.7052087572623,11.520168719629446,164.01013550332928,1
ダ,164.34175398004064,176.58646425430013,141.9870782010583,10.18160539480681,169.38410567339798,1
ケ,168.8459127557053,206.98374325938724,141.40063673122418,17.968549277064128,169.89391711989379,1
マ,183.55965721090513,190.11899839811358,172.41352621194895,4.236210657075867,184.35021910237177,0
ス,182.9522923195686,190.55396764069303,174.6141601498463,6.528202520791281,183.68874916816648,0
カ,175.17570514826804,223.29616140795665,147.83512621488177,25.485312665210134,165.55110751381784,0
