Mora,Mean,Max,Min,Std,Median,Accent
ゴ,196.9214320321278,212.09972216212205,192.01866240242052,5.694837706650498,195.08277589717605,0
ド,219.80061923637737,275.2852740871374,176.9750453584099,31.54068767561537,198.33166198377106,1
ル,294.12429932742356,321.11490241078087,239.60368730365803,23.04173204487718,294.6134260605406,1
グ,313.40577879122225,336.9370720901505,270.3066876707562,24.199244740927384,323.81945742654244,1
ラ,287.50994022530267,335.62492867064844,214.23776789963142,38.24742372202274,297.6335237219183,0
イ,202.3445547138224,210.66769704006686,198.60268613439882,3.997735838319534,200.30984226009633,0
シ,189.1012106180107,202.49334857584444,162.19108798556942,15.043905038448564,196.57045502565182,0
カ,186.26291168616757,218.28494285664289,172.31640790268693,16.512642216137788,178.86421124664818,0
モ,157.88066116200685,169.00931965300347,153.3387031898481,3.8614369251423653,156.939376670147,0
チ,172.92920058858726,237.82151603803763,161.5087286786206,21.828705286445448,166.4437063414022,1
ア,201.55178288988307,214.05170146293085,194.2112909621482,4.122321628967205,201.3441023491656,1
ワ,207.10117336515228,210.06821263404217,204.7813729490771,1.4926437199327593,207.42202272505253,1
セ,222.88836012248626,259.0971248764066,211.13210003443376,12.6067284019524,217.9318162959432,1
ガ,208.75294564496156,217.3919943207922,198.7637972790392,4.010624847295948,210.11206743394573,1
ナ,203.10734475887972,219.31191113107644,171.2372008690056,10.588817798290027,207.38451353622088,1
イ,182.74637325885396,233.48634791464886,131.24388864735755,35.63621292036529,184.43640352629316,0
