Mora,Mean,Max,Min,Std,Median,Accent
ト,266.1221236728328,281.34800900445657,242.25623929942194,9.742738679790644,265.7395779466846,0
イ,295.7891787917651,309.10495442394205,283.4758150058135,8.63997942580867,295.6986402457103,1
レ,323.9149920950171,338.10352234416274,310.06215845240916,5.559784045251031,323.3585772106341,1
ッ,0,0,0,0,0,1
ト,0,0,0,0,0,1
ペ,321.3458143252271,345.78674509753046,316.1249471150345,7.542071200948552,318.3341702747747,1
エ,315.92587975048355,317.15148994676036,313.9230257869089,0.798911913849761,316.08298394035086,0
パ,233.27624240845145,257.2354506710592,219.98139094642352,11.206832897958263,231.1309514162864,0
ア,201.82157607078605,217.27346457685232,191.51500980633492,7.832456414582883,200.0021594021576,0
ノ,177.17287638840085,191.6815747319401,152.3532797309292,11.042344244447865,178.7668913601547,0
カ,187.3261933830872,204.93523304496944,132.56238442603254,16.755930992535593,193.05863676390464,0
イ,218.74785511478981,242.30385137971368,198.86396739526248,15.605324301299076,221.08683400179177,1
オ,246.72306664805865,248.45084040997222,242.421018778039,1.5278135013651475,247.2043019017098,1
キ,219.53353098691278,258.1050482996069,203.8944800328778,15.613774343776555,212.0918190336429,1
ガ,224.3803209830794,234.24142659419138,215.755633093408,4.589767174681194,224.07137779516074,1
ア,204.49449170885524,214.15563390852225,193.39326686458645,6.768634434538826,204.83315852266222,1
ル,166.31857365130145,227.2095635634857,137.37504391059537,17.169522401506043,161.63803196416472,0
