Mora,Mean,Max,Min,Std,Median,Accent
キョ,302.28965471943235,316.8362449780933,281.9171313156305,10.750954296261991,304.1147440461745,0
オ,331.4224203162838,357.8430893728901,287.5869825380757,20.417436217056565,331.0915723374927,0
カ,341.2360757432898,433.89172401329284,256.20889726902124,55.76537202398264,362.57355601632275,1
ショ,331.16824058574673,365.65880578632914,271.51486235677345,27.994106140443368,337.9328273102059,1
ヲ,241.1875100990509,265.0433087735154,225.2913839716206,11.497053741198991,237.80892286911774,0
ト,213.92951577302733,230.30385041359733,194.02876882016392,10.959623739498326,215.7340634123847,0
ジ,193.09782027985003,219.1322541747203,179.08763245913573,13.867378101892259,187.2931701397755,0
テ,165.17191657298457,190.69264477196583,123.39397769067682,19.294941344150732,172.33895618690323,1
ワ,154.52136149965236,169.60943564669276,149.02524977023904,5.685702956366443,152.46261348197325,0
タ,181.2525846508906,228.54517699128192,144.74059492428685,32.86715877601805,175.86228334399686,0
シ,234.43225660575843,270.4054839288461,202.03727550805172,17.61959520126219,232.97469987945342,0
ノ,258.2112088924581,263.8803719699366,253.17517371843962,3.004032982091175,258.7160339532692,1
ユ,256.4403356758909,258.93299493243995,252.29522894209236,2.041804843314408,257.09252613104263,1
ウ,253.1567944601805,255.9752937407313,243.8208005595877,3.859121095752194,254.94772222207098,1
コ,248.0079986682418,275.03068609536314,207.9537147295947,19.982011135236423,258.5338599827852,0
ト,239.53060987821232,260.40548297772625,224.10559488252773,10.346013136167258,238.062859364445,1
ヲ,179.99646261410828,216.78092256058588,155.91367959638526,19.630304570683787,176.99256186284362,1
キ,151.34666698845456,156.16038605906908,145.7328014732674,4.041681109289529,150.47375469008725,0
キ,221.54413163081594,233.31979462904334,216.0073649058107,6.87285253245645,218.42468349420488,0
ナ,205.19187224355642,219.08930172729998,181.95648404147238,8.241996179576951,205.16654104163717,0
サ,200.5339050196483,228.78791687173552,168.88798814071868,16.09951844985075,204.55910238815193,1
イ,160.65247097709022,188.73267618276844,149.04653249592937,11.296391159417036,158.37908729551623,1
