Mora,Mean,Max,Min,Std,Median,Accent
ア,270.34458087645237,279.63317081782,257.89207594844163,7.557228501099939,272.04068305534133,1
リ,303.8675194409906,325.10132250181215,271.81673510239915,17.364012717323828,313.4175951538345,0
ス,249.34520060179074,307.8392965800961,210.43511861288846,35.090723524463186,248.55262627451472,0
ワ,175.5191396890774,205.57991927794328,155.59667761923765,14.594750151787423,171.3637603666732,0
、,0.0,0,0,0.0,0.0,1
ナ,210.05700077993288,224.4392734912475,166.73966649156375,14.487975209299591,215.0940934529469,0
ニ,243.0621881379229,252.4729982881006,224.393135593077,7.982868481936511,245.1896151144506,0
カ,207.60164664294075,231.65588966252665,184.60363417637888,14.15898335532762,206.16120605415415,0
コ,183.67795407435503,213.44563199703543,167.94755330077288,10.117683764848136,181.42597444719098,1
コ,199.18662830908252,263.0753734189728,128.38175588272514,38.81347806051067,181.31430764031336,1
ロ,259.0028813185931,274.8172616236969,238.28458299384621,13.431444528071367,264.45821450874416,1
ノ,289.3807099601831,307.23000236387094,269.73982365707644,12.029944636453799,288.28617547748104,1
シ,288.022413543889,307.18549025397624,269.48697269292484,14.20270732282356,289.4517075031365,1
コ,303.1253240404857,312.1863084082603,295.9648107979563,5.876679513851828,302.1750884778631,1
リ,287.46671142126127,302.40838606199276,251.7436116173139,15.049960247904671,292.8661412623738,1
ガ,290.21738138369375,294.11345588625693,286.0170457631989,1.8521371024549487,289.9130563406211,0
ト,274.9018165399211,283.9424467711877,252.81735683497448,9.66244590509945,280.2366879047295,1
ケ,282.33275368534225,312.02750095641466,237.97463026848234,28.107461277474748,298.4861954283899,0
ル,318.8478845865444,348.53400982393964,260.8219373026062,27.983714129243346,331.2688439115133,0
ノ,298.300216247428,334.2877556142778,275.1716558537529,13.686073462306277,297.58171359412705,0
ヲ,195.75639463743832,264.90155573297886,146.84027925671708,34.38314933564442,189.55856602129415,0
カ,165.2013654360225,196.38940211011905,130.03311822716245,14.225732829040806,161.43122371240324,1
ン,160.51817920373404,168.63423776634303,155.53218544059806,3.8805532527357895,159.6394896267076,1
ジ,164.4111681431372,179.39230517549487,149.63345868551775,8.156816250293295,165.538691379333,1
