Mora,Mean,Max,Min,Std,Median,Accent
ウ,216.7798992330555,285.92722059024646,159.35247666338887,45.64499294108041,187.92696655906127,0
エ,213.89648424984483,243.74480140718623,191.86353620540265,16.248446391614753,210.91138785100281,1
ヲ,276.6161462973188,287.4260318682608,247.59365347715303,12.232610788064138,282.06258283068297,1
サ,271.85237152071255,284.5220162939805,253.44501846421656,9.058628233765976,274.5259807542085,1
ワ,262.33649734434573,278.6442540143798,255.32792554123802,6.93956186013786,259.7691753632811,1
ッ,252.11031780580652,254.79415708463117,248.603317504417,2.5935585886048744,252.93347882837142,1
テ,223.98344526632152,238.80819469951035,171.66760394733933,14.166519111984682,226.81186278360704,1
、,0.0,0,0,0.0,0.0,0
ド,179.06024692075715,192.53043294708817,170.18481374948277,9.635938289195451,172.05271443854957,1
ノ,192.41736969819885,236.11484153535264,160.15532817006283,23.298572560778034,187.05593814854564,1
ク,206.76189965990562,210.88551638028142,204.3804177893833,2.7103150418774566,204.90337590963543,1
ラ,285.7677342629625,315.33456207394636,278.1514695680414,8.681874062292046,281.76496247552126,1
イ,277.6118070826919,278.7686362720406,276.5648829065222,0.8604004000194412,277.4002619591966,0
ア,271.7276387374608,276.40221434291834,268.75143270297156,2.492516207226216,270.78679202723197,1
タ,290.73658300659054,447.59269243023107,187.99245559811783,85.11204053543779,270.09442429664637,1
タ,282.4782255769609,297.74946204406444,277.7646270950398,6.626608319047018,279.3909765943462,1
カ,281.33611672106275,309.35390339604567,250.79133439644383,13.878813407764499,285.66527946783833,0
イ,275.87001051575515,284.4633110727257,251.76141381513509,9.506170238583941,278.55165843466034,0
カ,201.34695567183115,236.936916741482,169.0998418999074,21.048750712057025,200.0029631135449,1
ミ,173.79933524580392,227.7975086854464,143.21118914457753,24.48599887633792,163.75140644525897,0
テ,257.786943034802,303.1368453459379,198.21997562490728,40.00301209718462,281.5090206099147,0
ク,219.8645442154009,273.21207712769774,160.92166828429487,32.4933457445148,219.37093341538716,1
ダ,183.38546308727123,203.60931518481783,171.8021692882348,9.01871116265899,179.966786412278,1
サ,167.61054658915035,199.87152483913044,134.06506380616023,12.182446796969556,168.81929841799945,0
