Mora,Mean,Max,Min,Std,Median,Accent
カ,283.2742862233455,297.9473040319078,259.18179378846884,12.024660027511185,284.5071479961475,1
レ,290.93925406352884,309.86256304035936,268.252554804066,10.993677055896075,291.2517079224623,0
コ,242.77140600570613,268.61078277864937,226.42426372378344,11.662761100911865,240.58236010112128,0
ソ,212.6368553629699,231.4327753707865,189.61236216768322,14.249867510044833,215.11685789772793,0
ガ,164.395116682256,186.7443590681566,145.01490651961274,11.587959241202462,166.80556526634575,0
、,0.0,0,0,0.0,0.0,0
ワ,157.89858965689112,165.13397421592003,146.12528434924,6.210501351092502,160.16317548789644,1
タ,171.6887473610424,216.92258597569887,132.28912496262686,26.967727698067467,164.23877292850517,1
シ,197.95435754111804,243.3732461401052,147.98941581786252,22.558466368864476,195.5948793729184,1
ガ,221.06908903513866,230.83790469422442,218.16549956636374,2.5510882313873204,220.75011581474922,0
マ,195.8563183687925,220.82507604889017,175.1511314489229,15.881024810901016,195.83269570712602,1
チ,177.7682648621816,183.15905113773726,158.41949531862093,8.067676704632152,181.41010325896787,1
ツ,252.12192384875465,262.3937519691861,244.4356203448038,7.501299268130658,248.16649819703164,1
ズ,256.61596031428354,294.60276096811555,232.61504616294945,21.54884584949721,248.81494136290405,0
ケ,268.3707046695775,308.6923302448138,245.3423539567011,19.665029469789,262.49016723077204,0
テ,240.79894204618577,257.39147474576555,224.73102347575406,10.942482133570557,240.83417536673272,0
イ,195.84024343081262,221.39253052667303,157.82127385299853,15.226859505740135,195.09290450665833,0
タ,168.8118040434642,187.95910616904223,145.82411470045514,14.38231188170391,170.23936105167172,0
ヒ,156.27370626116544,168.11870854963666,123.16546339845988,12.851499356767809,159.52583899345314,1
ト,183.16668616410382,206.5528183889713,169.61844681636163,16.605722970555338,173.32879328697854,0
