Mora,Mean,Max,Min,Std,Median,Accent
タ,261.48293595280717,283.2409860320268,239.08629632058887,11.686267532632055,259.5762503703729,0
イ,305.8345859129972,315.91055436501426,289.0268985899425,9.022518314564746,308.9851451626646,1
セ,308.1774743158658,365.8241274708505,221.67723800414268,39.441387219817564,317.99066082642935,1
キ,319.05672229760364,342.48963089475393,280.4611757977109,18.31124798839192,325.58691489398325,1
ブ,256.4605420629209,335.81012326277187,220.61509352082663,35.13114305382586,243.6559080583781,0
ツ,194.12285759058128,237.5213509783399,158.01567991346482,21.09948259668462,190.2661349369196,0
ニ,165.39228824176172,176.42695077821378,155.48418206078557,7.134132378720667,165.6298843177851,0
ワ,147.13815072726536,154.24188193878683,134.2909384774738,5.326609429763244,149.38696083459524,0
、,0.0,0,0,0.0,0.0,0
ツ,237.35800519216406,237.88140825902985,236.83460212529823,0.5234030668658107,237.35800519216406,1
ギ,279.4570076222914,348.38054883753006,236.33333382841013,39.51104293641235,266.15324581243283,0
ノ,343.31465329528925,372.30848737653054,318.8191576708875,12.461780492081365,341.35330685447235,1
ヨ,262.48119744022057,313.59385488813444,219.98721308067664,28.362153479973053,261.6997678909607,0
オ,211.18900480374342,217.23749996872868,205.08485931151336,3.6876513565591345,210.73218135682956,0
ナ,192.07161378173373,204.15172778663435,173.18956206327076,8.845540454059954,194.185753991248,0
モ,165.96920230562966,171.60064361352246,157.65727705417586,4.0459171804391465,166.76555998017565,1
ノ,165.10883195465408,173.01415785089014,157.9037783228808,3.08708585774859,165.87604534890693,0
ガ,154.83128097614824,165.03591686014983,146.21148339545704,6.944126149407227,153.2475007141697,1
ア,153.77029439703225,154.31641362291128,151.99242814457816,0.7006214431180978,154.0962049912079,0
