Mora,Mean,Max,Min,Std,Median,Accent
ハ,206.4242564141219,220.31451182410441,201.52351587090294,6.610105446237965,203.24444224313112,0
ヤ,225.50310860688688,263.9040880257734,200.78573934106035,18.63771871592488,221.75635336858903,1
マ,293.1512914342696,333.5048163153392,268.23181729065567,16.17752354148342,289.22062429168204,1
ッ,0,0,0,0,0,0
テ,210.6214620142251,214.54443721782144,206.69848681062876,3.9229752035963372,210.6214620142251,0
ヨ,173.11849691048667,196.85019323872862,161.19016434015765,11.31982889181912,168.18166787512024,0
ロ,181.68290821934295,205.97352191779518,153.2061402994678,16.53346043974991,184.34109114704182,1
コ,223.5958286672199,250.08654931218385,199.62181499161323,12.423733345350525,224.67395797491977,1
ブ,193.96197415459608,218.51169500853214,183.38093064462265,12.729142006645201,187.0410024656598,0
ナ,157.9856592646464,183.58630672634055,123.00016243779332,15.27473400008034,159.58682582944522,0
、,0.0,0,0,0.0,0.0,1
サ,225.6617793417311,246.74326470355354,213.41987879388387,10.705551990338755,221.60862775196088,0
イ,257.0088230259455,262.89797996475704,247.55267513516108,4.925607353390142,258.0389112934348,0
ゴ,216.62931706582583,255.3755853987708,189.31610669271,18.84687113610079,211.1065812747907,0
ニ,178.4482377048356,187.6503132990678,168.39114037204425,5.464168349300393,179.02003919708906,0
ワ,151.25017573029822,166.73420443424703,144.26590075733444,6.57324604688645,148.3182970228441,1
ラ,169.98366114399155,199.04138304980376,131.1239454072087,17.67601888824976,172.91666195134707,1
エ,210.43013039779828,218.59720504960825,202.04016883935094,5.405518826870424,210.69247954434888,1
ル,232.74147876585982,250.31437776553793,211.13127958679786,12.56036532960127,230.7734039742053,0
モ,231.80488838037655,247.45182308729827,222.33948350433838,5.975275452422141,231.46996155213003,1
ノ,247.44872921231692,265.2967999359406,229.66587248140843,12.016804862267843,244.4048969651692,0
ガ,237.37540664903761,265.7106289778621,188.49622714477536,25.75849461324415,248.8825813340892,0
カ,161.4265643082541,180.11831479850198,136.46746854488998,8.859969899568009,160.5086330452969,1
