Mora,Mean,Max,Min,Std,Median,Accent
ソ,224.14787717729536,230.19379494358628,218.1019594110044,6.045917766290941,224.14787717729536,0
ショ,255.01016168501823,310.0573890335223,173.01190130555395,48.38537219322149,272.5116119180353,1
オ,315.8181531953411,321.39406036619386,311.72273796438014,3.236227634450624,315.403191267612,1
リ,329.97595081877654,348.4965300820174,292.4678427352282,15.420464565109757,329.1026702200519,1
ス,344.206694036742,347.7161474812473,340.4150182622478,2.9873465428693518,344.4889163667311,1
ク,268.93760218101636,284.3049901963118,247.50651201302398,15.622811569388812,275.0013043337133,0
ノ,222.10119056693426,268.8088546116439,192.16277828710022,21.894875403229264,219.45188845186863,0
タ,186.5963435295177,213.3610704165903,147.15497042088694,15.567460950423586,189.49071826375004,0
カ,187.23310228620446,211.60385240205915,169.04371558362132,12.715334091041944,185.3641285221426,1
サ,187.2176542198339,197.0337543726557,178.58873421841503,6.034630212096627,187.69481709634863,0
モ,161.0329431862896,174.8049279406559,147.55243614320946,7.0843265607652715,160.31705131068048,0
、,0.0,0,0,0.0,0.0,0
サ,224.40779916787434,229.243249237858,208.93640363235158,5.050478431894292,225.59337126893993,0
ン,250.3669436585336,262.3156512142455,231.888235881639,9.909098041188226,252.30346578721878,1
カ,272.3806940928287,314.181696009078,218.3030213480266,25.694825460879738,285.85257337316574,1
イ,253.31674972230823,279.43497455708933,217.52881018076474,18.951581507690427,255.64957296634114,0
ニ,174.20232587144122,210.0749657704132,148.10639079581117,17.014611920315566,170.10869650524901,0
ノ,152.50532004886378,156.28577577713415,146.8576548107454,3.5037777023385948,153.81229612261865,0
シ,150.27193267515977,158.76225876671677,120.75108974027474,9.850352251504335,153.18543018508603,1
カ,190.30598583792016,203.13935619748267,178.46102762678038,7.103481612541407,188.25519740871746,1
カ,185.4877738182486,204.55586141723293,162.3005913307546,10.415278909443169,186.55827517523525,1
ル,160.68650560442154,188.45662359604557,143.47061011320213,12.826837630945747,157.3928575345132,0
