Mora,Mean,Max,Min,Std,Median,Accent
イ,214.43198415171457,230.59666937786216,204.04652088339117,7.017977818562276,211.60822924179686,0
オ,256.1474609047071,266.27775845636796,233.7962356244423,8.691994571327648,257.4627834681727,1
オ,248.69012305410533,252.2771908934859,246.48582757433914,1.7808250949780013,248.4323641273744,1
ワ,234.97358411967986,249.50807157052472,180.6549422007503,13.506024927804093,235.48245128819818,1
、,0.0,0,0,0.0,0.0,1
ア,177.8915599950528,193.3885928916428,143.6861459539338,17.391314620138587,184.08170832140954,0
オ,285.7590967600228,373.35742370660313,196.77446282277108,64.31326783031909,282.6508938377039,0
イ,342.1770366357929,369.52422419775525,307.8284441607705,20.502072596811654,345.2469799770032,1
ホ,256.32199302700303,301.1250641106663,224.0579113786398,20.88257581419901,248.70855103610253,0
ノ,220.02806442722525,241.93981079746612,188.15035938011127,15.668917262440408,223.18158148478278,0
オ,178.40413681475198,185.03558735667866,173.1303026577738,4.184980561084416,177.3995255361101,0
ヲ,154.71540274401335,172.15912477227187,119.54827276719715,17.58487220378355,160.4378584247187,0
ア,122.30698478898053,173.29579071085232,75.2269567799508,36.97324563951838,107.85398162417596,1
ゲ,174.85978732635928,184.29036285014885,165.08009712651602,6.26341519257846,173.73792770829064,1
テ,180.49589505067064,215.37174968366202,145.25852023306905,22.056417426190926,185.02862096345817,0
モ,167.44869322039622,184.32906549112838,157.0933847470997,7.162917525161004,165.76222047311703,1
エ,201.36420059916236,210.5975788588135,186.25516602227674,7.667782988327917,203.10169831858119,1
