Mora,Mean,Max,Min,Std,Median,Accent
シ,220.2843780498724,224.44870936228511,215.83733726452672,3.5212569570232986,220.5670875228054,0
ゲ,242.42664770596733,275.12320223414116,213.58841264554633,19.06793432065961,239.97221826435012,1
ミ,293.85874279338043,316.48423842685474,270.2990457780117,14.95720009988984,285.6400546436921,1
チャ,304.19200541872027,341.02188338216405,244.12013786407778,27.06946585564641,309.072672387524,1
ン,293.5314050308648,295.056880553784,292.2298704038332,1.0013928905069285,293.4217433602854,1
ヲ,288.463812638411,294.45894617613754,262.06152247700936,8.34775403473714,292.08030796262426,1
ホ,255.76877540033593,295.76743739261775,150.00012731929968,32.74126449181849,259.9296463118309,1
イ,300.9333354425294,314.97303861843255,272.5299445472719,13.178491936641347,306.06065456807914,0
ク,309.9564319453378,348.7626529873867,231.91645691179133,46.3385370218385,342.1755735174234,1
エ,341.8455876893701,349.5637012120647,329.05174982673617,6.958572213397701,344.44293199362556,1
ン,275.82808115078524,321.95299663932576,227.59285811523193,30.391312500995518,272.53205779630764,0
ニ,195.11599403110273,222.70101896719973,168.64729257198238,17.39783647042205,194.99537502507772,0
ム,157.15509374820607,167.36934868744177,150.61690218753367,3.592588054192206,156.70736080264857,0
カ,204.2388518497684,231.2652149694894,129.7546530110228,26.504402174801857,208.57935221830564,0
エ,235.64583123655268,237.78478966447,232.32196630421512,2.0282369552605,236.2095111878878,1
ニ,248.0841118938221,255.51232720663654,239.50062185174542,5.59702499712736,247.27567360184617,1
イ,246.2461132081217,256.83948369476974,217.4083944181917,13.854364251545068,254.69231239028665,1
ッ,225.40181457382477,234.1717340730487,211.3819420919986,8.4742257924096,228.02679106512593,1
テ,271.75130541447754,289.2268580231382,260.68648424231526,11.025025097035458,268.5459396962283,1
モ,242.26938606577292,262.476409876436,230.71570298780188,7.731974741469512,240.26860676235248,1
ラ,231.54862403230646,243.40532439384603,225.9553976665427,4.459156380206879,230.09233318101172,0
エ,226.50022608396065,227.6421602154106,225.73032141461766,0.6676300802990154,226.46925288694126,1
ル,220.43159847269786,232.73619234599752,199.76078275853445,9.650045431491472,222.80868668572046,1
