Mora,Mean,Max,Min,Std,Median,Accent
ド,206.14220219006856,213.08543731084893,195.23708191508504,5.831858331244651,207.90101264902935,0
ロ,257.35734645650354,310.8201541777942,214.43162392288232,34.435039843836684,253.51476857285002,1
ダ,295.6171404087976,334.1145951269827,256.01114137517766,28.530442433802953,314.69122322521156,1
ラ,322.6504315488471,342.71953449816857,271.89930639824786,15.306656790896003,326.7329901816667,0
ケ,266.9720150921548,308.46341634272636,251.92115229069358,13.604384752102353,262.91646083442055,0
ノ,205.55505983911013,241.64883846743493,172.34672345401844,19.61995892427413,207.17883625418193,0
ア,164.5587837599124,171.0322708306659,160.7922242035128,3.249092130292054,163.7677271347681,0
シ,168.33669554780187,193.46542032822887,106.61342328979525,20.919687453359742,171.7124541359678,1
デ,160.31984167847395,183.92694105231234,99.92134427660442,19.040589632397886,167.73083571434614,0
、,0.0,0,0,0.0,0.0,0
イ,176.87807487859362,184.5024522354603,171.59815137392695,3.8653776273230687,175.99813136243517,1
マ,218.60465324487978,252.34822847335633,186.0107958940244,22.90050939429179,220.98447691525922,0
ヲ,217.3867291021816,252.77263878633698,166.9919538379124,31.6604536044909,224.5422169453411,1
ド,177.989353472603,214.00645389242186,146.15062039920903,21.031659162389968,177.80522066944263,0
タ,273.01762140601943,284.8406025414751,255.80832539447317,9.399143096467906,274.29097607047675,0
ド,209.19285804185003,259.2236594276923,171.384839923109,24.307509377138587,202.74182168184558,0
タ,158.12987204422433,193.43665473652254,143.7325160229547,13.852288069424334,153.20352709336944,0
ア,145.75743033576697,147.9503749554633,144.64132874414867,1.0174593438657313,145.44328712337315,1
ル,166.2132447998584,202.2695974579533,136.47652933254892,18.58595612356236,155.51498051314195,0
イ,216.2325811813572,226.50751953356865,193.4161639518055,10.029444317867531,220.55379149143806,0
テ,215.50093213517863,226.25388799836307,204.74797627199422,10.752955863184425,215.50093213517863,0
ワ,172.41168970403646,226.18874065101926,146.2689120591849,24.358096096277457,167.40596405242883,0
イ,147.74671882157597,152.26713765441121,126.40497388782464,6.483505751511117,149.36792069313316,1
ケ,161.30660433976846,183.88783246393308,119.59262894281527,17.293993585343426,163.53405530690293,1
ナ,156.0989154997108,165.4344435252365,152.1656080126418,3.1547509660588786,154.88327453303486,1
