Mora,Mean,Max,Min,Std,Median,Accent
ノ,199.41039980869732,220.60514598162283,159.82794562320402,16.428024397650493,201.4590110669568,1
ム,292.4162141964438,336.2867352742651,219.99478490340445,40.425824398087066,299.17963486557613,0
ブ,264.9708448806832,312.6381585184739,239.32600297730173,20.314558047698256,258.5029248696142,0
ン,231.35383142289584,248.013875981184,217.03172480629277,8.86739411395091,227.83517748331352,0
ダ,201.44843495261193,219.6527181126081,181.1049919618522,10.747218586219212,200.00105570292652,0
ケ,175.17001794548017,212.4553220318967,137.03396959366776,15.547145623136252,173.569531414304,0
マ,168.7321312356536,180.1359856328531,161.9361887066723,4.960502054759599,167.57402668088673,0
メ,186.66902706757529,222.77370852600214,150.69918945780782,22.164001315760558,182.20037294670817,1
ヲ,215.69163007118254,228.28363190385932,192.2974702889894,12.184817237852188,220.39553928560588,0
ロ,160.71571807422276,188.8925377539185,135.80275728064558,13.52062375737624,157.62890459756125,0
オ,162.67374365783468,173.23878282029688,156.5515020698594,5.702665400844737,161.0252785231446,1
ス,182.24006181383254,186.63892148044687,174.9727391638572,4.3599306802659665,184.04665033225504,1
ト,195.4992844331034,206.5403439710068,186.50412762666608,8.647667961818307,189.62006470736418,1
シ,176.71608354756913,185.86685353551135,165.94732811687786,7.247206548742193,178.07414472979167,1
テ,177.45069061206485,195.75025928788136,152.88661790668223,12.054837284529995,179.8664706437345,1
、,0.0,0,0,0.0,0.0,1
ミ,218.09055084580785,275.6730894442344,171.89406390687074,31.76956606595324,211.30489090057574,0
ル,268.3074074080522,281.2407176295838,248.13641102178445,9.534208043202451,269.2981745467636,0
デ,191.09414741856756,244.1341024438752,169.87821730343,17.61162852287525,188.48674077795926,0
ヒ,151.742499849443,168.97356728436444,115.0483304012858,17.466225162658716,156.26692168954162,1
ク,223.3137123540185,237.44643141291476,185.43664475027637,16.06565016552718,228.22611819743207,0
ン,239.2196193805041,247.30873017084437,228.73054673890556,5.4854423471025475,237.8681082232541,0
デ,190.753873707062,224.97325883179238,168.3852430516997,15.034948419066449,189.28995096008632,0
