Mora,Mean,Max,Min,Std,Median,Accent
シ,244.83102965731814,250.82534628618137,238.8367130284549,5.994316628863231,244.83102965731814,0
ワ,269.551650627109,305.91873326028474,234.8384483689,21.220562465456794,270.79338763368776,1
ス,315.6041254054177,360.34703854438897,295.9602837607969,17.364183320829483,307.8644769441425,1
ニ,304.5239695552476,323.49282038500183,282.5899430494453,9.246756367951086,306.2543057579907,1
ワ,223.18663110511528,301.83927682438303,146.8755845712135,49.648812781034216,218.1896281265881,0
、,0.0,0,0,0.0,0.0,0
ス,235.51681098976385,250.03042287442796,230.1036913419478,7.007426991627222,232.09549284833315,1
ミ,255.2226830376599,292.49733495085945,231.95055565650054,19.24249323587821,250.22448737323464,1
ダ,310.43071076163864,324.45387111687273,278.71340961587975,15.24278877662115,318.1353394835271,1
ク,307.71767087789027,368.38604300336635,242.28168885744157,46.549146616624725,340.46459821576167,1
ヤ,334.3526352760551,340.3399303620785,330.5838655960011,2.456505676991907,333.92427330117505,1
ク,295.2351093832759,329.3974605924586,254.99221286992613,23.950952690950945,294.89556006692663,0
ショ,258.7056656476809,265.4088835835279,249.68475296265314,6.710218999064872,259.8645130222713,0
ニ,197.36904845867613,242.8774259610327,166.66895289304802,21.678461737382044,199.1117041251915,0
ヨ,230.2513871653344,317.3941791473071,169.20068538705027,50.974382521071504,221.52547155795563,1
オ,312.8261866086105,319.74795998491373,302.2870784267988,5.810754652283032,313.98565959087034,0
ガ,231.7470982229959,298.5252009719505,183.46853866182514,35.4063871451148,227.15718418098152,0
タ,161.90613629094477,188.9121283149748,147.53467754272205,14.304444756873595,153.2767586381096,0
ク,115.40242040505642,154.9490374799036,71.55898526035563,31.12566211520986,127.20000832528383,1
サ,195.6387598883274,255.6427676869476,72.5697023099791,74.74502989123435,241.4477378316297,1
ン,248.72834329793739,250.86801495707402,245.65262845597013,1.876486634342813,249.1566928330003,1
ア,251.8874385464746,254.68507241885658,249.4488273431297,1.3065494705812735,251.74011697312073,1
ル,198.1849621053679,250.17205210151084,143.45625190092505,34.504048970566345,203.2225112360538,0
