Mora,Mean,Max,Min,Std,Median,Accent
ボ,187.45002131124645,190.41241946199938,184.94880184467755,2.0900443028113305,186.60015979653576,0
ロ,224.60910115325288,275.10506208789394,185.2924768413659,31.645245811465575,221.81126355930604,1
フ,272.32434687820574,278.0058510501269,263.7506236814452,4.390630626113171,272.1879038838629,1
ク,253.25800244612117,278.00403373203227,239.72070022311735,15.307886647287855,247.65363791466754,1
ガ,226.21111189478634,247.06985110579433,210.94833577468626,8.924876788990218,226.73270685173597,1
、,0.0,0,0,0.0,0.0,0
ショ,223.70082360709966,235.45609884495173,219.5026404620565,5.0043664464641,221.44944784812765,0
オ,231.32347965185647,244.72227979725383,221.43234044035793,7.425793858779451,230.25077582277197,1
ジ,248.99812560078453,269.8294427403138,229.40257626809236,12.185702285285956,249.74467360548374,1
キ,250.27654499770392,273.2506244430554,227.52411118882878,17.417309740924374,249.64958683882867,1
モ,272.3076472319204,291.80944735716497,266.2820829344385,4.912904796711601,272.28288910605824,1
ノ,260.68435094506054,267.23191385971126,250.40097577916282,3.934113460206987,259.540826805851,1
ヲ,258.8751510979083,260.5739943073442,256.53222660652125,0.9290131961087897,258.8193730567192,1
ツ,213.32636662771097,245.81947528162175,203.78260476355737,13.346897958057195,206.596824638542,0
ツ,276.33942814701874,288.2902751177124,259.47317363098125,8.63937662442455,277.84685845034204,1
ン,311.7396027806684,323.6914477054952,293.42022263935115,9.79644812071008,313.2360764919596,0
デ,295.9988190593391,332.30907620977734,248.59397180844758,25.323699772957383,301.961882327218,0
イ,232.31462680582266,244.88498709066485,220.34801930783087,8.143527253301459,231.94948419922082,0
ル,197.6678300292392,218.1783095159673,171.0550982238122,14.159427159616833,199.61484397400417,1
カ,172.10297830700307,186.51953695424385,144.03852509269223,11.707749859284828,173.5139622241041,0
モ,162.49683333869496,170.07398772977956,154.11220521649943,3.9218290657060497,162.1316538677241,0
シ,152.30318646606133,161.7128790350973,140.3979737249092,7.3453974313146455,152.74118320241737,0
レ,148.62750206398727,156.84894158785548,137.04488232866063,5.336693857877825,150.26602486999536,1
ナ,148.44555229696627,154.45561090461587,144.12126325339165,2.662247283588273,148.33167652013742,1
イ,154.07145069059854,187.11657462425444,103.80398766370497,21.098055537645234,155.74463651320008,1
