Mora,Mean,Max,Min,Std,Median,Accent
ニ,213.78909635864426,261.2639751135537,156.91238244602707,28.96179031991697,214.01462848137726,1
シ,296.9698236418979,306.290723846318,275.8811348488286,9.462611195030867,300.36826288175325,0
キ,0,0,0,0,0,0
ア,172.58128402305826,183.47561330420706,147.43933917422518,8.983620074309222,173.16391490349773,0
ヤ,202.9816825470997,217.2100409334699,185.35943016025047,10.60830330290632,204.53904950221647,1
ナ,237.89747214093634,253.55610028201272,218.87928418361741,11.918359316035499,238.56726238987312,1
ス,249.9316579298667,261.3060223006179,226.49236192918258,12.934258139773371,257.20695471043445,1
キ,252.54462924366183,263.93419167653406,242.53376015968996,6.469679833851103,252.6222606478843,1
ギ,233.6517693891382,239.2840461213463,220.8065234936031,4.774122180097117,234.735697648087,0
デ,169.8122667659312,217.09046984178823,147.82874525407544,18.18639040592738,163.3250252297297,0
、,0.0,0,0,0.0,0.0,0
ヤ,200.99844254894083,242.4118966741347,154.20490535607067,26.832627987300157,209.67774820348353,1
マ,201.7864487736387,269.2312927886947,147.0786344121096,37.24115358953197,196.91784496064614,0
ガ,258.37636479449435,270.47805887896715,237.01211320381506,10.651327209467196,261.55333675396616,0
ソ,200.81174430704505,228.71799261540238,179.6088322141055,15.928652487872064,196.85804437107683,1
マ,171.68693243773106,198.05638602916096,158.87312463267344,11.43585430955196,167.17640245483977,1
ッ,0,0,0,0,0,1
テ,223.13549783014213,238.68095275843623,211.45769211395577,8.83423475528973,221.5927837054366,1
イ,197.01256264786682,210.09794939209894,173.30297624406163,9.454131715071822,195.91557425843854,1
