Mora,Mean,Max,Min,Std,Median,Accent
ホ,225.639932225954,243.86817156789334,216.77356318901968,9.608941383256747,221.47009320646134,0
ノ,241.3090608299387,279.4542217757918,210.59536714522932,20.578010695430873,242.6229116103823,1
ル,292.6169159877742,322.4787093106701,260.2748639983831,20.81715767409349,292.3903295806725,1
ル,305.4450201452732,322.73125150397834,264.02699886927314,19.151300818732683,313.10093179093826,1
ケ,293.2692534898466,315.34325796479004,253.6252488944243,19.110155369365998,303.55075905519493,1
エ,304.29447007481804,304.9213935367632,303.3453298659848,0.49167134165064114,304.2561538450547,0
ユ,242.20720158941663,303.6136290202582,169.9595685009497,40.31628871903068,240.69561910798473,0
デ,156.32699847613222,183.0898348272739,142.29797148100099,11.166090585024767,157.62375351961947,0
ト,172.33864803151843,182.01488463419494,140.81016076959554,9.271859288953015,173.9293105665153,0
オ,198.38433494648552,216.89497426764575,183.8565580235912,11.195352068619108,196.93102703952698,1
キョ,249.15094241514706,301.2671236707044,213.15781333043145,22.548672674642184,255.63093623101594,1
オ,242.93039270297805,248.24969895904053,240.70401101966348,2.380633650081175,241.9995219219466,1
ニ,241.51807059221053,244.89367895754714,232.9502469688782,3.0512789165175005,242.48326529020176,1
カ,196.49886170559896,230.85083597234467,162.86598366615627,11.63904435647497,195.951461432593,1
エ,210.71271900854515,216.6520900229215,202.60001613349064,4.6575520969810364,211.73571127756676,0
リ,241.31822159484963,259.3699556461546,198.09040362388936,17.41373943455211,248.56149861786142,1
タ,262.0202663287429,280.1048133468176,226.23231348565787,15.346474217867485,265.4150719346069,1
イ,260.9181398792736,261.77283657786865,259.7382989220206,0.6440390414984091,260.88275569099187,1
ノ,224.23178054956406,258.868772321946,187.9506588333208,21.114637973704966,226.22593502335403,0
デ,167.96239248618696,184.92891695570898,135.63627458481614,11.313191755943576,170.06469546905186,0
ス,181.6837921070589,224.76795819092922,163.73791331345538,16.30584597386887,174.48352699789424,0
ガ,152.5613684675494,177.52055162127766,139.3511542594787,9.19796265508736,149.5458710726677,1
