Mora,Mean,Max,Min,Std,Median,Accent
ヒョ,299.4498093234972,316.883091524525,280.24748739042525,10.947888549640888,299.18930088606214,0
オ,332.9996128353477,346.8135898225078,317.4434112888584,9.054775689365139,333.9090511710481,0
ジョ,335.06188935063255,369.77663488958734,282.4069058893019,31.988485736692148,347.2943414840969,1
オ,346.983528254351,370.1219322761488,306.67576588401755,21.966552430851177,355.0217455663115,1
カ,258.6642497036577,268.1205530057829,245.29721763543833,7.481516245732818,259.00952929352667,1
ラ,214.1586305937665,238.16682213348628,195.618559193544,11.664233049783029,214.21657807271015,0
ハ,180.63330415269255,217.16537557457664,145.15427527997005,22.54032863608445,176.97401561185507,0
ン,231.7100891427341,237.8055569463763,219.32220401358413,5.149032184975007,232.4758379947887,0
ダ,188.1849429399696,219.41639040848253,172.26731842278693,12.8715251533001,184.26442292127035,1
ン,170.22110192311604,172.46833682280842,167.42207433026363,1.630066356137317,170.18954413091507,0
ス,166.78577040624023,198.60635236550155,146.9953399930963,10.83389941862136,166.66357124317153,0
ル,155.95882278489435,165.202820593718,140.66760182522145,5.873502074658992,158.4623591454508,0
ト,155.4399871542808,183.50102494795541,132.96333339809232,9.417992391329122,156.3433140017965,0
、,0.0,0,0,0.0,0.0,0
カ,204.1153153194572,211.09792614490806,199.53626829070487,3.976120806094829,203.12999097160593,0
レ,219.91399750526426,239.3748370860248,187.06558884128938,15.2545121778322,215.60289671462766,1
ワ,182.46556717851223,231.9250640236319,149.41523213594098,27.91032885596308,173.98759316009333,0
キ,167.2873298981562,192.49674410451982,145.05058879724174,13.342476582313976,167.64295304814266,0
ゲ,173.1221095575686,187.353685871324,147.15918107049606,11.396205755757434,177.64863584134483,0
ン,203.89293858819337,213.6812807535083,189.68916224340273,7.417993462566893,203.9409029164769,1
ガ,215.48980523074476,219.4448890729092,213.35512504329748,1.7574749296313321,214.89926421554526,1
ワ,217.0665534352561,220.1915070833749,214.2403225794297,1.680749782087165,217.09099948770887,1
ル,211.65788699227446,221.88357662990347,194.95794250367678,9.160451810817378,215.294675200298,1
イ,184.6105335861248,218.53107745078228,144.00078620527694,25.18605139398638,188.12266641830377,1
