Mora,Mean,Max,Min,Std,Median,Accent
サ,314.36922406633147,346.92001257486504,259.024457515183,29.231328158870905,325.7639957103355,1
ン,356.192831342124,362.77574589382806,347.7841880272458,5.733520033582501,355.59453071411133,0
ガ,328.5428504328384,363.2798833991432,276.41607822771243,30.446432415229697,341.1427399720362,0
ツ,213.73020476518136,273.40394454705034,178.0483989055249,24.115983547941454,208.64951617054223,0
ノ,182.67422150053127,198.26662340518405,167.04898642391612,10.7044794761601,182.24742543357496,0
オ,164.7878328519596,166.69379643186204,163.5911880086339,1.048915711377185,164.56323393109653,0
ワ,165.1998511768376,166.47974093780863,163.10720217281317,1.1789452723074074,165.71002920323633,1
リ,161.68684164400028,167.6052678450258,155.8813853186425,3.138127089082189,161.83251199020248,1
ニ,162.8760190077027,168.52631278710015,144.94942805473713,4.882073193552155,164.78025757929709,1
、,0.0,0,0,0.0,0.0,0
ワ,165.5580744186745,175.32347761575124,149.32005575715434,7.937002200929084,166.80575667177948,1
タ,233.06621030346332,256.71716589584724,180.2198306282869,30.754362207410523,247.66392234485954,1
シ,264.11187462684495,279.6294050912865,224.56280789071852,15.312320910923553,268.6416780585807,0
タ,0,0,0,0,0,0
チ,204.6177541869728,256.19445789471536,182.53898673095094,23.78020924885347,197.20295238625891,0
ワ,165.7429962684827,189.8526574970655,151.85885135714776,12.015427831834236,161.0749201899956,0
ケ,164.0959540149869,187.58581997677857,138.32324470837298,14.579852124732424,160.21217701121915,1
ッ,171.80825444322895,177.4656585771544,166.16152384760613,3.942112329660604,171.74637230561444,1
コ,187.55301178369913,213.0900598424335,144.58789772189448,24.535030350943817,202.54172364827045,1
ン,220.53756552170353,226.470864640462,214.27076870740075,3.94479970092761,220.70546306561553,1
ス,226.99622301538847,255.64846298015033,205.94954220798965,14.964595210911284,223.93589433038102,1
ル,229.20974064419565,246.28338181425232,215.31875726282124,11.848549525689139,224.97001935104612,1
ツ,223.4485672327378,261.9424405711698,196.12514157863785,20.709805800568315,228.37520853630588,1
モ,232.06575042002743,237.25291526193354,218.56362943196697,5.3439416092035055,234.00801116832477,1
リ,228.09311754009138,233.757357192078,218.78614197583158,3.639501830387144,228.80227101013003,1
デ,219.95573794360197,232.13712157500223,196.46613606951541,10.993627766856838,222.60973875932012,1
