Mora,Mean,Max,Min,Std,Median,Accent
ト,233.28100714003423,238.462465371048,228.3854540997714,3.6202732386091814,232.58944998524902,0
ビ,239.0407574283233,270.43014829289643,202.1481401503616,25.72075855205546,246.0068105698725,1
ニ,290.78416930020234,312.4192659548928,271.86755996411125,13.571767586186734,289.54873219473666,1
、,0.0,0,0,0.0,0.0,0
ア,201.1983658857462,212.41495250169152,188.0783451876457,7.853894402790916,204.30803328370882,1
ブ,213.41194994305172,269.1910636263152,175.8415760230137,25.879705383661406,203.82398619936745,1
ラ,308.33496135354153,331.83911077291407,274.1681667096801,20.73381425844762,311.44506791244305,0
ア,329.726850003669,333.6333631673878,318.39079808149097,4.590034840702021,331.9779145055362,0
ゲ,248.93031052068827,315.1013390108338,195.33473660942,37.58270745231123,231.06737128579613,0
ヲ,183.88145762844226,194.3934852091001,173.26565001917572,7.131624362793884,183.51960419308426,0
サ,177.86958028097337,202.8248236366109,160.68603835722504,12.480959317866388,173.32826250612013,1
ラ,184.76338605287677,198.3990181989784,159.07792398131593,8.6118109042526,187.7675151155501,1
ワ,221.70740128686438,237.08489712147795,200.46661038501063,12.616939439881182,224.47787488158338,1
レ,241.8705192863902,257.83134486620844,200.84869875181585,15.78890877685311,246.26121103516743,1
タ,257.6505047939325,263.8681633915002,220.84776443058112,11.203183176818241,260.5371156757446,1
ヨ,270.52045523740645,273.8441432737198,263.47377932829124,3.149758506910056,271.5773120537366,0
オ,238.6573909438157,262.5189944089181,212.14216086330578,15.918895377856446,240.57174325330766,0
ナ,178.14586704022162,206.61232584462567,158.8968116856202,13.173936333067518,176.61484302110415,0
モ,159.70731658572078,170.34096682472673,146.1074896260428,6.511236296898793,158.68489383219145,1
ノ,183.08185179158485,194.04146022932457,166.44895835475796,9.298889464938858,184.94169939492895,0
