Mora,Mean,Max,Min,Std,Median,Accent
ク,0,0,0,0,0,0
サ,318.65039900948915,324.8648260222015,307.7007352075867,4.6851923356139356,319.9440243880887,1
バ,318.44347643972094,346.350864774554,283.84544962839783,20.707982490261703,327.4315522537574,0
ナ,285.58367836516976,320.7493825254904,243.4618787158033,22.24549142280113,290.5486628670156,0
ニ,211.8301317462708,240.78979189716563,184.71561392747222,14.412803394129137,211.2988005328818,0
ツ,172.5525171474237,210.07884101296867,140.6169746772773,17.95229348859807,172.91878291034564,0
イ,167.56600153547043,173.6316619478142,152.56484273170923,5.361091407389999,168.63284108403195,0
テ,150.0184453126202,176.1979182754992,136.78510925953046,8.994984198637315,148.744308188062,0
、,0.0,0,0,0.0,0.0,1
モ,246.2317568462782,305.5899186196878,181.66798211677155,38.34637286331267,243.50971762219524,0
ッ,261.77676301600167,273.33778632959104,247.17730346528438,9.456620795743637,263.29598113456564,0
ト,233.944144139598,253.98138318092046,217.03825341073508,13.385287133678133,237.12746363123142,0
シ,191.38878037910936,214.6907046156289,164.89831172511077,13.818541855508007,195.12781898061633,1
リ,205.06635968372203,230.40297949013816,179.0716100985472,17.81424529577517,205.28681820064583,1
タ,288.0702096678508,312.38581715466216,220.90163038652688,25.181882287467108,296.8416241095481,0
イ,290.1282730928088,295.321215187767,275.54574867560723,5.39024217010366,292.42304897355916,0
ト,203.469160460592,236.78935541854827,188.48184789200138,16.089246536156363,198.0068147383828,0
オ,181.17438372134117,186.2701631502988,177.8077875757169,2.970876786383347,180.54948618818506,1
モ,170.15482259812282,178.09110386185043,165.56136627511557,3.6156699608439142,170.24440312122738,1
イ,168.3099420285983,169.17621314217772,167.5393229473895,0.5196337152547564,168.37490173030162,1
マ,176.07853103864892,185.98868895273756,165.38391630442462,5.500976393827323,176.43881420099632,0
シ,182.37014343051746,192.62667581755875,168.8839289620828,8.625286846481753,184.19823125951459,0
