Mora,Mean,Max,Min,Std,Median,Accent
ノ,234.81288407659005,257.17997864765596,208.8018883676056,13.363518153995834,237.13002048586893,1
オ,313.2105656714507,341.10567136444746,264.3551212115432,24.363482027332857,318.90387118135203,0
ギョ,279.2342328670418,341.3510560919024,236.65441396019412,32.24584258348567,269.263556175148,0
オ,210.65538683694837,227.917640306653,199.65386165636048,8.002172292156533,209.54189226656024,0
デ,181.73182041968138,198.0587314870633,169.45684384718035,8.411461088916058,180.47397542105315,0
ワ,161.41334915121078,175.602337728706,141.23782121547146,7.162438616946951,161.16183199307832,0
、,0.0,0,0,0.0,0.0,0
イ,218.38074729512783,228.05658730623273,203.36354595333117,7.72513873038515,218.99099996327357,1
ネ,190.62483123715333,225.38948590919387,152.37866003444483,25.52415847645466,186.24505976387462,0
、,0.0,0,0,0.0,0.0,0
マ,178.13928609220258,190.99035294955172,168.3883951046196,8.333023959631094,178.0480134301316,1
メ,208.52324370091955,233.34351780850758,170.94091186383832,21.57635970895904,216.25155456674588,0
ル,192.81562021776963,220.73171635579624,167.9630680744787,14.169160980803714,195.38896431535733,0
イ,157.6884650199048,165.46681734231072,148.00673610445622,5.773827188654937,159.0350646088344,0
、,0.0,0,0,0.0,0.0,1
イ,200.18626456018853,206.9016630622737,174.58949921718715,9.413635094860165,203.38690439499413,0
モ,261.1023294103796,330.88770784941534,209.14737897721503,41.79365072926543,248.5149872004484,0
ル,316.9450945901484,350.015473573059,271.0609790620274,24.278743318939835,317.8880445421328,0
イ,223.47769388519225,266.83388317310767,187.5720893093821,24.35650374773128,222.9718690457467,1
ヲ,170.27898796100038,186.11761611099303,156.202099277144,8.904208052389853,169.82235436502415,0
オ,224.64906717962586,256.50721658526635,201.25285785255525,17.26123153254733,222.18408893028868,0
オ,268.3469296351708,279.200344102509,224.73030740212783,14.88429263188895,274.7818101381064,0
ク,215.99940849776107,229.59937836509712,194.57069725016225,14.042592170090234,219.91377918789246,1
サ,169.2767200969583,196.52168394940733,163.69480348210885,8.90454581876852,165.18915453118112,1
ン,166.7278598087344,168.83159379234752,165.42678428127638,1.0340115031951445,166.52157952354966,1
