Mora,Mean,Max,Min,Std,Median,Accent
イ,0,0,0,0,0,0
ト,334.954192695286,388.012939485929,273.23679747759496,28.3466368457683,344.4187337594716,1
コ,285.7472577217939,306.80455749387454,262.44439468831536,15.369585962255663,284.64464079097286,0
ノ,225.4362762346317,258.77112113919844,193.02596282118415,20.83338467364429,226.1432821485757,0
ケ,177.680976098797,193.14614004107457,158.74481173892102,10.300058556709077,175.1601361553336,0
ッ,188.6064837610248,194.80389878610544,183.90315870757476,4.573894197684404,187.1123937893942,1
コ,246.57097732525534,266.9989637372011,234.90759345309027,7.668521505976187,244.67776427181204,1
ン,253.21627627803048,253.71958668397727,252.6123290881056,0.3669137053248641,253.20709783203836,0
シ,241.94493491878163,255.5059939458585,214.70400473259144,14.006828727975003,247.82587141941627,0
キ,212.1611522574804,220.0241448236932,205.36702035342162,4.789013360666152,211.20476802881643,0
ノ,174.93414831928874,200.95285307630098,153.23029573042706,15.045418963788379,179.26394006926887,0
ヒ,149.9321573592134,160.18200424634057,121.25344548605383,10.357425762714403,154.393632925281,0
キ,198.0773176838299,213.4232769403198,184.92649500101138,8.089456614450336,198.96375832106781,1
デ,181.06242893937574,198.98249111011415,168.23045430223289,11.680597861630304,177.39223804367808,1
モ,191.2115260229487,196.70828303834375,180.26252364650725,3.604683936934354,191.0179061249405,1
ノ,188.33945505826568,195.7184665017579,178.20955054455786,3.7511919351317706,189.4683651726628,1
ニ,178.26796111595598,202.44509128200272,145.84283067342827,8.795215440383934,180.38468195195125,1
、,0.0,0,0,0.0,0.0,1
ナ,178.16559857721163,199.31846417597558,164.05526379144894,11.219438435011455,176.1437882024525,0
ベ,236.0752232289899,289.4718955295994,194.0750570307913,34.460785861817705,219.24421362396782,0
ヲ,238.54023868565542,279.86540697301604,198.99446352774703,27.448950639819213,236.27151382198858,0
モ,173.9911338748034,196.2912151473557,161.87478324913707,9.29149088275283,171.80489189328256,1
ラ,158.92445517948755,167.2732687312012,146.75652082689103,4.753961040397211,160.3416927639458,1
ッ,0,0,0,0,0,1
