Mora,Mean,Max,Min,Std,Median,Accent
ヨ,185.23229066516635,206.90134594789006,181.13940388623496,6.907741725414886,182.8197951544467,0
ツ,204.83080957437625,276.0088484719928,152.9022151394871,45.51009081758026,183.07319511520444,1
バ,268.61246418667434,307.4331025613634,230.9022905801423,31.688198258586482,261.9829189837841,1
ノ,310.1320837208914,332.4084367929002,272.2251823293796,13.742392234232204,309.14450118360253,1
ク,227.73823560606593,324.32047541903546,150.97726771321112,56.653741577394044,220.73642848792753,0
ロ,316.11292541343573,327.76837929249643,275.51819669700365,12.490809300449843,318.53555779698127,1
オ,321.85055086647577,325.32869101725646,318.22589866555734,2.514520708867375,322.2880824904282,0
バ,254.22521387235707,316.1571355941478,213.16699914848368,31.05282803548346,245.50273292020916,0
ア,197.12589945428712,211.54956113484127,183.99935053413725,8.744456869196357,196.39455697344326,0
ヲ,166.88389787240078,181.86799462512175,159.20025882653388,7.0003917932723505,164.0970559191938,0
ミ,158.25667864166553,169.69383799791677,139.45988538635714,6.951010148853731,158.80863762534995,0
ツ,156.4702780664216,164.47062324476875,150.59364017914052,4.54126358394388,155.23319403690294,1
ケ,205.72674658444362,222.98522681457305,187.29228392922366,10.929322346312444,207.11009884374357,1
タ,222.4096333368792,237.6046056070476,199.78989214115296,11.21942979220436,226.29356518466713,1
コ,225.24464383786008,252.33289484291623,197.2459878564466,17.465905178349903,235.22853352974056,0
ト,246.47993468170955,268.3999980066378,236.19383402962427,8.547790990446925,245.63132038636235,1
ガ,189.2991779941252,231.18754207002365,150.6637569646402,28.963135344916786,186.0181966362549,0
ア,149.25010102571565,151.428816616562,147.7334876200743,1.117638469555452,149.00699439541194,0
リ,152.97894232004415,161.1274008965983,141.83803899129143,6.032802385884834,152.1515346930592,1
マ,189.40131751669625,212.93550344092827,161.41290283389068,17.31703687825633,192.22824955990887,1
ス,218.0355346095601,223.46033738682405,207.58743452488488,5.241927416583328,220.6340283326649,0
カ,176.9961828923969,232.40695605959817,155.24776430650195,24.647351658928148,164.6398308042242,0
