Mora,Mean,Max,Min,Std,Median,Accent
キ,255.7206488339246,268.06436208618635,223.65330116725997,13.854371766272898,261.2522551197372,0
ビ,283.52895096756424,324.3551869543376,246.47566460521386,28.836996359439247,277.26485426082485,1
シ,337.33347428985485,362.73234369991206,289.6523750743972,25.055240860716808,351.80778714781104,1
イ,349.2162537263268,356.4517927555708,338.0063161641055,6.33954939917385,350.48711411394095,0
シ,250.2707930348621,332.3026409618547,199.50848473614133,43.64500937237337,240.48145185657137,0
ッ,204.97448434138244,207.45623160947937,198.78669465772182,3.1040375146177133,206.59914307419393,1
セ,227.39913316176307,266.97940407960647,174.5205795309425,29.16477290583975,242.75197897163181,1
キ,235.17933588315475,261.8783608381191,204.84908826596504,21.299437631285944,242.18017278869297,1
ヲ,251.60888783627482,262.3939407720338,245.44876926235486,6.237997830611298,248.51367339471565,1
ウ,245.50586547999382,252.2341944052972,227.1129010485578,8.352699322212136,249.89793023884272,0
ケ,234.28827165399522,266.0169126217632,194.9874881768317,18.952377526042728,241.15871229621143,1
ル,181.9347911140298,234.44745326633452,146.95500463255829,24.161422145506926,183.5191991475071,0
