Mora,Mean,Max,Min,Std,Median,Accent
カ,313.5041714840987,319.35373418618735,297.88337472703904,7.170048804004602,317.2013399014254,1
レ,313.71574043356117,329.617966405813,288.427155996084,10.693993343181935,316.1188404780001,0
ワ,214.98870481798633,290.6545485739909,150.04376413462214,37.93471009583658,213.0005324697342,0
、,0.0,0,0,0.0,0.0,0
ト,194.96770339625516,213.39575330849212,168.04971231447692,11.230626703603486,196.36081130000042,1
テ,200.647313569182,236.476754709796,181.2801058467632,19.65941350102908,190.48539723208742,1
モ,212.39387708278625,218.31396565254644,203.4650230380384,3.817959562175873,213.89562940221543,0
ソ,210.70201057843792,215.71634300875945,200.7506340877163,4.748961225653496,212.75236279969675,1
ノ,216.33236196882362,245.5757426368216,195.91088878473533,13.334118754864912,213.40844410959835,0
シ,263.5400711128596,309.05168043487635,210.47478161208812,24.5558785558197,269.4191040107419,1
ゴ,269.7118528471035,275.2926020003266,264.6079565242483,4.0711830761162116,268.16536578651846,1
ト,260.58214437678555,271.3705631981655,234.16645389262362,12.115467568553058,264.2874815775497,1
ガ,260.1753467953318,264.60472130784126,256.7524575217519,1.8314890689357557,260.1892731429567,0
ツ,237.01165436814946,262.7784618114867,220.71450091522803,14.07288594975634,230.45395177663124,1
ト,291.27345017331237,341.9025887786703,261.25491893117146,28.12487672879436,284.79734838604776,1
マ,267.74799951492747,288.57991972397167,245.700834113317,13.535374458554424,261.4846213923867,1
ラ,299.93427247313707,311.53830010736885,267.3174940803587,13.061886942277033,308.4401788252003,1
ナ,310.1120030337367,318.85278493919685,296.7476295104719,6.740193381826106,309.9777731653669,0
カ,200.31371794893673,222.01507533423066,181.6536085181746,12.775996345324995,197.62163335104603,0
ッ,168.73457878122485,180.2328611317328,157.14555075444486,9.493920970280715,171.80574999953816,0
