Mora,Mean,Max,Min,Std,Median,Accent
シ,320.436568006601,332.50797998499695,279.54485925303015,15.006791070703418,326.3038608906694,1
ニ,340.4057316255815,362.1972285738646,296.36544361465195,17.765253074853195,342.6065889294308,0
ヨ,226.55253681668898,287.399371728332,190.15653292668225,30.463219433139997,225.70408721102942,0
ッ,185.9506666216145,189.79047316578732,181.571870507138,3.376807144119191,186.48965619191824,0
テ,181.2849686972489,201.13779411003952,170.31224454634392,11.189529294361495,177.0416599328919,0
ニ,174.5941950946055,203.69326562929396,160.40769293438987,11.414534501235442,169.60779822454822,0
ン,215.64299718325915,219.60257047117267,206.06692313777657,4.4167942292732025,217.64992446762102,1
ゲ,226.46660179086825,244.0015781403411,207.39770412228467,13.870402290019483,228.33825516029725,1
ン,233.39383267497374,239.06244890652692,223.33723606236967,4.949573651644688,232.26248480926105,1
ノ,235.65141393154298,243.8494573972377,231.94595728642338,3.5206396392057675,234.45322473571218,1
カ,222.52242411250012,239.4871535496118,210.05949306833287,10.094336113271652,217.38170857392404,0
ギ,221.75680007726865,273.6049730136281,192.16405311872214,28.450266453282364,209.312022240766,1
リ,279.0472593380405,316.0112265620741,244.47081657233895,26.28320428070908,279.2898446184764,0
ア,286.0585515144925,319.075680913963,227.785956296117,30.98802790659965,292.7127874304656,0
ル,188.08751649569496,223.13351521473072,168.29868985614203,17.794593265758717,178.87532176620215,0
ジ,164.9330294292683,188.74492358941083,140.38921225289135,14.060731082306052,171.47645541999398,1
ン,182.65131172286556,187.3234490757617,180.03231056122874,2.2766468742665413,181.90075035295132,0
セ,183.87666970365,190.5238084383274,164.19362200453133,7.661059497066845,186.62497216914602,0
エ,177.03188929878786,182.63510296787075,173.49192438295435,3.125747480215332,176.32852298390833,0
ワ,154.08826891188926,172.67525279310934,143.61165086548118,8.962055853500583,154.44594157376514,0
オ,149.27183193149415,152.08183879369295,146.87492586564815,1.8576821800021674,149.14596344700726,0
ワ,160.19672873935326,166.2503714513481,150.20057803520007,4.7744994895691795,162.1969210397582,1
ル,169.71212835189195,187.63852769874842,139.90702530931623,9.811234564463966,168.36073307267839,1
