Mora,Mean,Max,Min,Std,Median,Accent
チ,284.9218238647735,328.37894803959495,241.20371992732757,26.088490073232332,281.6915977457521,0
エ,372.446175370756,390.68614605746836,336.58177662711927,16.580910608974847,377.23034859655553,1
ト,289.6559155854766,310.1087993710012,269.694344311045,14.072260830354672,288.1763488408221,0
ユ,213.56200522932832,265.2489229961998,190.5711721211385,23.53572946269438,199.32865572498417,0
ウ,191.01832092032978,192.42115562868102,190.08683885273066,0.7103107964828135,190.83814434921146,0
モ,192.68046322559874,202.42591644671765,182.23938695582456,4.213503816093133,193.19422594771058,0
ノ,184.51610460369895,192.52526816305348,176.33436785082472,3.9317217810924903,185.41380504498537,1
ワ,152.70092745847845,174.63507069371352,132.97332568311657,14.03334515954851,152.13806931659366,0
、,0.0,0,0,0.0,0.0,1
タ,271.80351448692363,280.0040383780104,265.39182357321783,4.381150761604553,272.32587716969084,0
ン,265.6262881339695,274.81964151597913,253.73173086581377,7.756526103720009,265.2090137350904,0
ニ,195.51947177320542,249.6742677337469,159.96721053831538,28.593623075363855,188.37289327006556,1
ジ,172.42418026740083,208.80887160565408,156.26777870343602,16.683466645306098,163.14244614916856,0
ジ,259.4358645703094,317.8159571878274,212.5911425588888,39.20993652538393,249.06944428897148,0
ツ,240.13728437427488,298.10901845669895,212.3122496968009,21.936325998650673,234.05412795482036,0
ヲ,176.04189354180255,211.1922407588515,158.57406991042473,16.30273612463488,171.48213871784333,0
シ,166.90413311452116,174.23727144466477,160.87745795429922,4.311609581197144,165.90018871556705,1
ッ,0,0,0,0,0,1
テ,226.6370552336466,235.4406514123199,222.01482286977046,6.227683920862555,222.45569141884948,1
イ,219.9632181750358,239.86594476948727,207.49443323016158,11.457958945948587,215.84643547286436,1
ル,224.78060206540974,239.0032377257555,193.61336279780286,14.028973359462244,232.0052140475646,0
ダ,212.47750616446794,232.69690944762252,187.74057102765394,14.089822119289073,217.43540720856603,1
ケ,227.08300315881436,270.1447517117413,190.07071578341927,28.194346549829714,228.3578929046118,0
デ,213.44723585044176,253.7530142033383,198.4532702039648,15.87190655502857,208.81667850978633,0
ワ,164.65215285143876,198.00278710430325,145.20960667473818,15.327289556664311,162.65339512039827,1
ナ,154.3657262293255,165.7161539115393,145.04626364358012,4.727047463678468,155.56615410900483,0
