Mora,Mean,Max,Min,Std,Median,Accent
ド,205.7619198438389,213.91326613045078,197.79024136423624,3.9453441731242966,205.31718171922626,0
ヨ,305.4759054337108,357.5603879540266,217.7284426314413,44.77811048162085,315.7998023498558,1
オ,357.3346546030482,360.00512799668576,354.0153489274639,1.868592718677989,357.22613819977,0
ビ,286.24130650289914,354.2558062808683,257.4510404533294,27.90136709980252,275.28661915880593,0
ノ,195.20546958975632,252.4335191250851,162.7128468627253,23.230579095517733,191.7638573494844,0
ゴ,175.638247285567,194.71427692545387,145.34392950959574,12.780452654568382,181.48152005931456,1
ゴ,161.87308840259888,178.21957052170148,139.9449764285569,11.808133444735333,165.77083773181994,0
、,0.0,0,0,0.0,0.0,0
ツ,193.01207899516194,201.45609283637364,185.94675841219828,5.245353371583536,191.6578905027976,1
リ,209.6059871223046,238.27951530237561,182.06112353234235,20.226256299055237,210.98128250241334,1
ニ,252.056864956516,261.2010534237615,234.21451309572282,8.070118161777561,253.81614490188687,1
イ,256.30148221405824,260.8960705219071,240.5378336034363,5.815396548844071,258.6801903045584,1
キ,232.3986757395372,258.7779604451093,198.3536268314657,18.98630801116468,226.1991709770529,1
マ,254.4496254959022,262.37361177958314,236.51353847625205,5.313968232170595,254.69505080446072,1
セ,261.7026628769474,272.70199647056137,241.27975179634706,7.491626503149036,261.81232511532613,0
ン,248.81462736496488,255.86734683948114,242.39295389701942,4.210797686971477,249.10218519486187,0
カ,182.35570636779417,255.2209269018066,145.43705912380707,35.478721428478345,165.8779962495083,0
