Mora,Mean,Max,Min,Std,Median,Accent
ヤ,187.72951547911669,213.55623465663484,177.94825035844744,8.567157987439375,184.58345321188122,0
ル,233.50064459589652,288.86109325231894,179.94915588861213,35.54192295482908,233.8309997441089,1
カ,264.0141267878975,300.1042579061715,223.83215380919825,24.49199884972898,271.6646089177986,0
ラ,221.57588117658202,266.52559968992546,185.5565633006399,24.01382014018875,222.67899807613242,0
ニ,174.20934211029706,183.19535491890082,165.90940949236887,5.089038176333703,174.51915221167238,0
ワ,150.26673535920835,165.69479659716131,128.86421096901455,11.822931619929426,149.20286885173488,0
、,0.0,0,0,0.0,0.0,0
チャ,175.7293694054144,187.77172847969868,168.8217015294447,5.311788829536764,175.07371654067617,0
ン,196.64487845752203,210.72818609385953,184.72720027771618,9.764542459037129,191.53580098291795,1
ト,203.8154943230074,239.98193133552917,173.6605178957242,17.81958219068216,207.14811869969324,1
ヤ,199.6227519101461,209.63377202308573,189.45525429162802,7.5238319395047135,199.42910227819402,0
リ,200.04322461254694,217.0787664155741,174.91366682007626,11.551959274592443,195.02729237149538,1
ナ,211.40549614024113,222.685866236602,205.14487269108966,4.164052503682113,210.65896448275805,1
サ,194.27452597384223,220.1071643609478,164.4339743225358,15.783009066233372,194.62801986189487,1
イ,149.28079945895038,159.65524894050895,141.25663308036312,5.527161887380148,149.33723990450534,0
