Mora,Mean,Max,Min,Std,Median,Accent
プ,232.95807301206804,234.87351203460614,231.04263398952997,1.9154390225380808,232.95807301206804,0
レ,264.9839513392903,329.66176058957967,211.77915182706573,41.48865117515892,265.2339092206437,1
ゼ,327.029140624238,343.20924126849854,309.15630275141905,9.294532766311296,328.78190507117966,0
ン,277.03362379260733,307.86490661251474,253.64453077781297,19.404695398681156,268.4904688901062,0
ト,224.00341920867328,253.1186414251059,195.60695381921877,18.49741619081903,224.1289552417469,0
ニ,181.25828514563128,193.0103550070019,174.49708256667077,5.3156629882506605,179.62619336580477,0
ス,168.67345995687597,192.25371795962397,142.45528233494477,13.079721219434095,168.08727161592122,0
ル,155.03893656671664,163.4254187560697,147.53994210145075,4.0666534847705185,154.10714378870884,0
、,0.0,0,0,0.0,0.0,1
キ,230.43994605345907,239.7362507622721,214.0270255138164,11.639751755132624,237.55656188428873,0
レ,251.37060280438524,293.08172256569696,213.2909508575678,27.101554862652357,239.2636538344948,0
エ,291.61807444825644,302.7137705782389,265.7530932369526,11.487027063972537,296.5193308810093,0
ナ,205.80651049045983,261.2877735632169,176.48612212242784,25.248387384477866,199.07576799569455,0
カ,157.7538003729104,174.78480071563067,145.89255191510748,9.099752339223576,155.71406109005449,1
イ,170.75222218720754,181.31722712502992,158.2885260718376,7.027126611534192,170.34905062002798,1
ガ,213.0622429547613,232.66781120597963,182.88343740068922,16.453445904488067,216.38794168801695,0
ラ,219.60632853909527,234.41264496042072,192.38804569908424,12.485976833264472,222.2712382006277,0
ヲ,171.00860647407129,187.54079618581883,155.47143386154752,10.226353110850606,170.0782245340041,0
ヒ,151.84324007092167,232.49275245687295,126.19265487113023,26.494505999221243,146.46694493829278,1
ロ,163.07463904336345,244.12001787007551,153.87356839317243,23.557191635931176,156.16100402299088,1
イ,155.62136856126915,156.84252922756798,154.03006859167985,0.8999212902909636,155.9306104125249,1
ニ,157.23333794235768,166.4567719850973,148.47634809652703,3.306963546409413,157.74214774866402,0
イ,150.1637831918422,154.87173212056555,144.66043374548758,3.4951144122726476,150.83456153318684,1
ッ,0,0,0,0,0,1
タ,157.92694825548972,165.26697614511883,153.1759681149469,3.861632003860427,156.8119885791799,1
ヨ,186.94592675955516,243.72089518635315,155.57525405496102,31.324318351208127,170.74040449064177,1
