Mora,Mean,Max,Min,Std,Median,Accent
ピ,0,0,0,0,0,1
ク,372.7747550426699,389.6955171072229,318.26391563495173,27.365009864120502,385.20011983309945,0
ニ,314.7939931497377,384.15024607510645,215.01696923445292,52.003834931687884,333.43918481975936,0
ッ,217.69701391645376,226.58321444689187,200.9358518205048,8.194149091349587,218.76026490975485,0
ク,231.35046288940924,262.215380819677,215.50227023313002,15.684897383236223,224.40650345994896,0
ニ,192.64728091277757,214.29549167872912,175.52322296758155,12.441754733736369,192.40336719518638,0
イ,169.91430636033076,174.8774870124505,154.1552802041974,6.196770855789162,173.07002353879056,0
ク,173.5956465094865,234.12544217115754,117.06385388055573,34.25389645413454,166.42204858570878,1
ノ,194.23778116076383,206.8035819643827,181.61492217348842,6.53143436377179,197.34121180184908,0
ワ,167.31450930459835,179.5414415004547,157.9801457485041,7.1214541235008335,165.80168715683786,0
ド,164.92260085466995,193.4213180312789,134.6756878980743,17.797336790716166,156.19558651426564,1
オ,219.65424214975582,238.96040313101915,198.55911813318235,13.30817453463316,220.4508637101183,0
デ,249.14912432336453,260.18831382768815,223.9448877245339,10.112612932206305,253.1920119912392,0
ショ,206.17027231995863,243.24993261707954,176.99010452855896,23.066000407721326,199.265001621146,0
オ,164.93709326190253,178.60731323067137,144.70005852883781,9.91767456095646,167.01147264213722,0
カ,151.70630318176634,162.20306746150814,147.0964177410001,2.940827595473361,151.0930522185513,0
