Mora,Mean,Max,Min,Std,Median,Accent
ブ,183.8170956776578,204.17906365266848,177.873816102411,7.511451707481499,182.27432191872754,0
カ,225.5305377492356,278.3572556325573,141.36560373578993,43.359141745643434,241.3344641035996,1
ツ,255.31462450808777,285.90007998224127,205.69525977119966,29.61352643114583,273.99224565037116,1
ノ,270.7553609453293,277.3470167364826,266.72800618809947,2.462266142406824,270.4613527525055,1
カ,240.89346155354858,260.21773333953274,168.98456310172742,26.11734972634718,252.42018718467912,1
ケ,226.9109105134092,261.8396130052895,201.54783958898057,15.222646861243417,224.15858699158227,1
モ,230.8375943929779,248.8751415691058,221.74466618267522,7.325775000668493,229.09947075667088,1
チ,210.04656761447805,230.15524886452374,190.31194152358214,10.641241209173524,206.8977733981069,1
、,0.0,0,0,0.0,0.0,0
タ,197.5432486984357,211.0230920904964,186.0288003534889,8.475137815725617,197.91410501391047,1
イ,224.5140480275868,235.22272482979676,214.82792586968756,6.848663559657286,224.6946109047846,1
ヘ,243.1830000682827,296.3464914609388,212.9643237286351,25.759661817022753,234.1854179877365,1
ン,298.48977592987086,303.6343859730226,288.14195938586454,4.258663128579766,298.6890373738695,1
ダ,289.5499949576228,313.7652776500791,209.3429680294686,25.320963039174885,302.81240909383456,0
ト,256.8666871831457,279.4584217135227,234.86862712720523,13.70527286893887,259.96715219655107,0
オ,210.84002327071363,229.61099310189144,196.93591424263548,10.865446685826376,208.2114677878178,1
モ,179.57792327951012,195.01052880124274,168.57420824286368,7.903438738954572,180.1815419441864,1
ウ,167.27531871599138,168.5748832960566,166.08308612150486,0.9190322354951264,167.24375094567154,0
ケ,168.24139482595527,200.07600032808642,151.6618013519052,10.257282510841579,167.3538629852666,0
ド,145.6583674939372,159.48322390191237,133.88737552095213,8.000249124874014,142.9118643240684,0
ガ,143.99966159516595,159.27550795461386,122.55729095915095,11.890425614091294,149.57569131357997,1
ン,185.60713899981482,207.09106122781313,160.69112050292068,16.87248072558545,190.47497099700348,1
バ,220.0750194393155,238.42175524152384,198.06055274387953,13.955850813751809,229.5002357920079,0
レ,203.5077092242401,233.41944432678346,153.54914393964106,26.34189715526592,210.67048540557508,0
ヨ,157.96291499945036,213.42127256068628,136.81287289812602,26.09341534640451,143.94227497379615,0
