Mora,Mean,Max,Min,Std,Median,Accent
サ,276.19590649920684,308.19234532611966,237.71594465919583,15.9259596056777,274.0912494895269,0
ン,327.94825968548037,334.63155990582925,315.09971285754744,5.862448641092116,328.5576378372953,1
ジュ,340.60584945555877,353.8892851806973,309.8410950862173,12.955422206150644,346.8973448305502,1
ウ,336.76664799993745,348.93097715212764,323.35100899698625,9.109356082543357,340.004030428835,1
ニ,272.10344385429505,321.78878747464887,219.5860529302432,28.776885304686424,271.5664056504801,0
チ,207.5210555495884,252.7750764510264,136.13723761545427,27.0539405511614,209.250191086129,0
ノ,193.14670876864307,223.9437667317432,172.21065863397317,13.688565759826172,198.07118998227745,0
ヨ,164.1786766500248,170.53508410096674,160.26938460551065,3.57677811851144,162.61151029067577,0
ヤ,175.78279328002347,207.51779532420275,161.84393374093213,14.89084613964719,168.67524095157626,0
ク,203.00974669767095,241.78559594463206,180.42865113926285,19.733473846454018,199.7532924333615,1
ヲ,205.01588007599125,212.59126198131776,189.73140398347377,4.553252831939292,205.50631901082733,1
カ,175.29358405760598,208.3425236067731,159.25381569433787,13.510252182086596,172.8434494718148,1
ク,161.17613901206306,219.28848321154854,90.17982122961565,43.2900526927861,164.44404921745192,0
ニ,238.9719790808473,258.6040575154072,199.87136836900135,18.036726306766308,249.52632766752413,1
ン,263.6523957754785,267.0681819423061,260.16882712006117,2.3840794253499182,263.5894509861723,1
シ,254.2419001774211,267.84047884571623,231.44561932358704,13.152957965695492,256.7276369416892,1
タ,276.41870875321865,300.4467836262064,267.85034611807936,10.40714529211804,271.59262421838685,1
イ,276.2871505860128,279.8406853205315,272.55386930790854,2.449225082070516,276.4661370978462,1
ノ,250.21716716168083,281.77183896707385,197.84003211995022,28.081576601152396,262.68828705807647,0
デ,184.8495223425315,193.3224344005718,178.20446594979813,3.930324084984475,184.91388575008557,0
ス,181.98869535612312,192.01676907294285,173.8273473743839,5.1216564763183525,182.40910440075947,0
ガ,156.95437617221984,175.94474638351707,142.68015239486505,8.373674286697407,158.00525624642466,0
