Mora,Mean,Max,Min,Std,Median,Accent
ダ,197.4346667306533,209.93229465877576,189.9404258973141,6.533745195182289,195.58270238810934,0
イ,229.80254113573093,253.71125626668984,210.11550772334627,14.96572282009714,225.6558265021498,1
ジョ,241.45533815391656,265.93849095397223,203.95917243918547,16.694017942170312,242.82485142334366,1
オ,226.6922927362687,235.1814063356278,216.4630196477719,5.634839786487345,227.09069528990378,1
ブ,178.7677420158402,211.67312673220178,167.1734112682455,13.353326533379528,175.13568673336857,0
、,0.0,0,0,0.0,0.0,0
ワ,182.85418743970993,194.61773964943333,161.44488567906052,7.877764326239186,181.83134346236974,0
タ,207.15878396033844,221.48092265598285,184.17198937568753,13.42211478495966,212.90730934530984,1
シ,213.00652819950508,254.986240064252,180.17637779863495,22.83026113731923,213.11115040699835,1
ワ,225.64897543295803,238.1209701734315,218.09024967190217,5.006378422307294,225.8067284241977,1
ヒ,207.9684930952959,222.2970371286818,170.0852418861223,17.83205083353798,219.6161207665104,0
ト,280.4138177249695,281.11876293188067,279.8092668366234,0.5392922956824214,280.3134234064043,1
リ,260.5338388223488,280.564876254697,224.18983115963732,15.67070466719971,263.13480059295534,0
デ,197.3824664229536,209.79381752186288,182.46577365922928,8.254864848631385,199.1383908533691,0
デ,163.37939275689706,178.75789821435384,155.48986695014906,5.670974279281134,162.65661063913495,0
キ,207.87027248694383,238.5484037048027,142.1049754839172,27.7084718038808,218.68609473740162,1
ル,216.73786544255273,225.29017504314405,199.2764219119638,8.642571993961754,220.05393911766168,0
カ,188.58229728633404,214.0935654600892,170.45687693555507,13.050808573991121,187.86270604964773,0
ラ,161.45655359176223,195.4330146265106,128.94269222073348,11.383200792964715,159.42163080991577,0
