Mora,Mean,Max,Min,Std,Median,Accent
ア,242.26001482806586,254.62639404838004,231.15153155069515,7.874949350055925,242.4528530399847,1
サ,316.9233082338698,351.5401002245026,255.6190754824997,33.94401681122133,333.57434329953566,0
ニ,285.71245289105974,349.5606837726077,196.88247742960957,46.246680354266864,295.912301426003,0
チ,194.82974125388233,206.05466907690638,185.13384092382935,7.2214823700557815,194.60110362430524,0
ガ,199.0418300171461,211.36018152101488,184.00703134081994,9.1241160462695,201.72042272564784,1
イ,211.97132817547887,212.33930459474317,211.54230860715418,0.28269182197055204,211.94441137597613,1
ナ,212.19572381090012,230.8859128455811,196.26438856318597,6.84322501972468,213.5557534691406,1
イ,173.1431950428271,193.6559742124413,148.0114462970463,14.94468379549838,175.32857192731336,0
、,0.0,0,0,0.0,0.0,0
ト,189.16233969577996,196.36283809620426,180.40885334647766,5.879699011329955,189.93883367021897,1
ユ,194.028442748705,222.60948130391677,177.09821845346076,13.205190316390114,189.2709372615658,0
ウ,227.87957819041245,230.06227038897003,224.1959979262008,1.7300584825334109,228.52558324610374,0
ノ,235.44444095755205,246.40745691945597,221.7397644615184,5.28426211694741,233.90388625895082,0
ワ,178.73876835333118,228.0721575431548,127.02438210745596,30.40505281788499,178.50736519877353,0
、,0.0,0,0,0.0,0.0,1
ト,207.79398303786834,214.80194091796676,201.42499770607802,5.479772918752661,207.15501048956025,1
リ,203.8497225308375,211.52856094068363,182.63163229151806,7.105613670713167,206.12908472898508,0
ガ,228.4389400683739,243.04949740224347,212.75427479273813,10.52861546369286,230.28077760852184,1
ナ,237.36793245972956,245.04269988117503,221.777521187549,4.42443973341516,236.55417665604577,1
イ,233.20192532116337,236.7814846580855,211.99894168372376,6.69147672029414,235.6552509085216,1
テ,231.50840386063842,258.9169337896515,193.38929091490834,20.62266680362082,242.1144963749633,1
イ,243.08729607290124,246.14445207400823,241.376830112863,1.4234276576828455,242.7145772567926,0
ル,234.90952951430256,245.86063739068848,217.31777147390886,11.27131964554063,242.590280185902,0
