Mora,Mean,Max,Min,Std,Median,Accent
ケ,211.1036921287084,225.93764105253675,201.59022587616965,8.663903958214744,208.77093423012522,0
ガ,226.49441697310777,263.3727776078024,194.4209336033196,22.314011640308298,229.4426588773408,1
レ,282.5980362150002,305.5628898488462,239.74445639357845,18.881795125024492,293.79495196350547,1
タ,292.1517527185802,322.5814533214036,257.41066539901834,21.21842878110245,298.440218086371,1
ヨ,291.29253810413957,297.21141932081366,283.82265775284543,4.214574592901932,291.9766873954221,0
ノ,290.4870726102317,306.1324900114568,268.7273395556859,10.260854430442949,285.4784791487999,1
ナ,313.3729589571499,337.39208963685576,295.02267621955855,10.276000301097579,312.17233897136964,0
カ,232.7732389560083,268.18093074035795,201.53050194288343,23.656975456184806,225.01864097261122,0
ニ,189.66397933488707,203.28535751629775,164.8367479296997,10.642121788684918,191.7351572139812,0
ウ,145.2343186786245,168.97448266792438,111.00285806514736,20.277090988574244,150.81246927373826,0
ミ,189.19222045286736,227.69750702621192,167.98216215609094,17.533516638978636,184.9344031900631,1
オ,245.717888806717,256.82805854549974,230.46666873835795,5.868029824279547,246.21384247620017,1
ト,275.00618620729875,278.98504962212206,270.9988912021938,3.260397505779743,275.0346177975803,1
サ,252.0290075124429,266.4636947905044,204.56563258077534,13.924126513220209,256.33194962351024,1
レ,246.91450541925536,259.2057339177782,235.19854013208075,5.740534523365509,248.05484320501074,1
ル,188.4709145263842,234.87102813532627,151.46209774536229,21.661223810614704,192.09661067017205,0
