Mora,Mean,Max,Min,Std,Median,Accent
ニ,194.6547337273423,202.15777337268585,187.41737769070681,4.114762807615271,196.25100840561146,0
カ,268.7539360502164,290.09587300865513,178.31883528358696,33.047735344044305,279.1643754348385,1
イ,267.4166001689985,286.4301872977907,227.09435432089637,17.69598747976141,271.1896807963453,1
カ,272.2666851604097,299.26860881446987,217.44496007190247,24.63262874180088,278.65644076446347,1
ラ,264.6988623683137,273.1214419318924,237.4516489927203,8.108892115639623,266.1406135275091,1
ト,245.05130538868778,249.93045707678212,239.2257988761581,3.6795390245544746,245.2958586817336,0
ラ,281.140548653902,338.90117130017023,239.9250203240091,32.751945619037066,280.32124631133263,1
ン,347.5014830414211,357.86898802036285,321.9933780303025,10.038317538364904,350.29926046875914,0
ク,276.66548582723914,309.8900657386294,229.981261765431,30.136714887881656,284.0992135472595,0
ヲ,179.14097851200742,229.2418897837478,126.5532213541894,27.558200360572723,184.2841314501525,0
オ,141.0616353920434,162.97331028956486,109.63370216541996,16.88562932148729,145.91813279133297,0
ロ,183.50373080732305,225.8979879091731,157.26299481825674,18.958964565754542,173.86342771604518,1
シ,264.01006637821433,271.84503227913206,243.2335336695303,10.003231960789352,269.39888682948305,0
テ,278.3576805800493,289.7222720341862,258.12932717128405,11.907703446681532,282.74931898946613,0
ク,212.36302871281876,245.00929115988657,189.84269474188045,18.694336072541308,208.67960403085334,0
レ,176.78128147926242,189.30857311295526,149.78692662243282,8.811226256644234,176.11889858040695,1
マ,168.2900878722327,179.51210954301854,142.28921161049513,6.732168505402266,169.79115065819548,1
セ,179.54142878825846,200.69277549771132,167.30704784170652,10.650581577077382,173.7461173012738,1
ン,180.39825871437486,183.92094596719173,174.58480097800432,3.0577152495685467,181.7245425512494,0
カ,186.06100100448023,254.30445994336918,159.2517914195023,28.656168225801338,171.62485439813662,0
