Mora,Mean,Max,Min,Std,Median,Accent
ヤ,190.47463179557786,204.17034065299615,182.13910555932148,5.299558771847338,190.38698470823996,0
ク,161.52065277879268,175.2780046880613,146.11661162604696,10.584205942557004,162.34399740053124,1
シャ,208.31233388912526,224.97759526634738,200.1328222830257,7.432204542949646,205.96758678481393,1
ワ,198.2159884520046,221.3912578485631,185.55135729234686,6.177231794966796,198.82930886625581,1
、,0.0,0,0,0.0,0.0,1
セ,205.7329786389035,211.89262186450526,200.47575467052715,4.202483430407761,205.6591289791993,0
リ,223.82326165750982,240.58978656049072,205.1505880885188,12.8625051668478,223.43793101519265,1
フ,232.91235576356885,267.2611869438761,205.8372110103934,23.051914919952207,223.2394316673919,1
ヲ,252.26685732847315,269.5149596020819,178.19820177919397,18.414666638826144,258.468982073962,1
、,0.0,0,0,0.0,0.0,0
ア,183.52251154923388,188.5680906998448,180.43662250754798,3.3471497684521148,182.54266649477137,1
ン,211.65722154845545,252.97463844915853,186.7980556265452,22.66214461346865,205.60138995316788,1
キ,236.8513585972938,240.4596258198508,232.40705860148282,3.3367365996910574,237.55427599514215,0
シ,284.0043934497468,284.0043934497468,284.0043934497468,0.0,284.0043934497468,1
ナ,276.7280883429585,281.222793047373,271.9256839614451,2.732017399888456,276.3414714624622,0
ケ,239.02813080578414,265.834357509577,209.3661624421366,14.65283264326119,240.32243354436366,0
レ,204.843342518381,231.4161512044776,192.07710252613387,10.63734532964704,203.2022175766744,0
バ,166.70186272278755,191.08590555954888,148.74937809369536,13.641977348344142,164.09653902721539,0
ナ,148.52625129170616,160.32921101884654,140.83640198039882,5.908831530407101,148.99440308942766,1
ラ,153.82985749834168,162.41846757254567,137.1521120788247,8.234428468504742,159.0142025669996,0
ナ,149.22861423793216,162.28467868029142,136.620944311108,9.048935274666965,149.3306391559883,0
