Mora,Mean,Max,Min,Std,Median,Accent
シャ,217.41375425231058,223.75151923072994,211.07598927389125,6.337764978419344,217.41375425231058,0
サ,265.13151184445303,301.023468834979,204.632591983351,35.54733764040556,284.3765939924334,0
ツ,265.8953313869108,304.236782302937,240.20074909048975,23.08653519984343,256.83779238725725,1
サ,308.9590398135213,319.16627486389507,297.5837905170954,7.396652515102183,310.4179643399668,1
レ,290.0350693259607,302.3363184501016,273.39587213574293,7.818170790537986,290.5892563945959,1
タ,283.65101539780983,294.5773426770074,257.8360147648888,9.505464876088492,284.8724259354085,1
ト,275.1977608830579,296.10267130910876,228.31450161556523,21.418852630685162,287.42249630255657,1
キ,176.42748367532624,280.0602082322266,76.12330702964537,58.57572632022688,174.49234280818723,1
、,0.0,0,0,0.0,0.0,0
ソ,212.8975166428504,228.36848286293562,203.20930580668585,8.755311545006329,209.90404495087284,0
ノ,222.26400074709605,239.95004602333964,203.99518202050558,11.626866651701109,223.8747656016896,1
ケ,238.28765748182312,254.9641449851265,202.49829352632065,14.091235896777931,241.16098395013978,0
エ,223.50293272340895,235.66572197467482,217.94352407508148,4.997430164393819,221.70225000877855,1
カ,217.65238598587612,281.677832759706,201.17277955263768,19.3069292411073,210.40930978720604,1
ン,207.3376573576095,208.6559315039701,204.772617375028,1.1267295955740544,207.42487650834317,1
ワ,204.2669841167189,208.00471338489436,199.39916285127805,2.3299278038281637,204.14155987230066,1
ヒ,189.2898564056314,205.74109145632164,160.20123162445148,11.805501483636368,189.20041865745918,0
バ,189.5857213657091,237.51225289318194,148.6651532887089,27.16112361348081,195.63469608390355,1
ン,246.4753389838628,252.58935629599748,233.11270067017227,6.001751432520679,248.50475153176393,1
ダ,239.30226264692928,250.84228274356306,217.9700908577468,11.032607506063794,244.837576196669,1
ッ,214.40329663567263,231.37864431254425,203.7875828656459,10.562555694271808,211.22347968225017,0
タ,138.53583692824216,163.87677327600554,115.6130709983328,11.39234269213455,136.06253647083062,0
