Mora,Mean,Max,Min,Std,Median,Accent
ペ,277.0681118192384,291.9621237463686,239.35103464700973,16.261899471721303,284.6988067841971,0
エ,304.09961340821013,322.8028837111394,293.14061572229974,8.974648276435925,301.5561886931947,1
ジ,303.07041581413495,329.66593220641005,281.85949126761665,13.67548827021947,302.50011869612206,1
ノ,310.7755647892194,323.5695278322445,276.8209519142811,11.890391712188213,315.5479170438846,1
シ,291.444073127585,314.46886420291526,253.9937423791369,19.10653242390791,296.0112299532331,1
タ,314.59049923487817,329.47191473038873,298.3657727276477,10.976514546420058,314.0801371525354,1
ノ,239.87142949606059,296.61387402119334,169.67482029616755,38.10947382888235,244.6954893280252,0
ゴ,178.86514566667887,210.64029458893776,165.6977976289185,8.721102041979686,179.21555315098067,0
オ,190.1129518966096,203.61281009416828,183.9502996491007,5.478165753745191,188.51156733670695,1
ケ,217.23994715832978,253.14602171791128,200.16949666560896,14.340979090702698,216.4632195805964,1
エ,208.78859148035932,214.4047871822241,202.38846151107714,3.7663512237224173,209.08323117956155,0
ガ,176.95644194545488,200.34218943900538,162.74900700545868,12.448415061718238,171.4546553478603,0
ク,167.96316628925345,203.71887860299822,159.6410021379016,12.572318579911506,162.28077450847178,0
ワ,144.08371444625772,158.45431994610777,132.5830895464556,7.143292134515617,141.97293892064553,0
、,0.0,0,0,0.0,0.0,0
ク,202.06764369882876,208.92545098877045,182.81035897216012,9.701468886564875,206.07130740601588,1
リ,212.1846485269491,228.13287712112478,186.43363721421755,14.130979248206167,215.0068238183211,1
コ,247.57160009876765,277.59824651420104,214.3410666498128,24.209807565728923,246.9729699414617,1
シ,248.80824565277,267.66751941019766,225.85636545625005,12.022656560467809,249.38278307042714,1
ニ,255.90836894321782,263.29170585036206,250.52546598334197,4.396618146808391,255.5758552865063,1
ナ,249.81242298773216,258.92593451029984,246.72584585813516,2.5225952309064095,249.07023317792658,0
ッ,248.54182932622368,248.54182932622368,248.54182932622368,0.0,248.54182932622368,0
テ,191.83919005042873,218.77063879860583,178.65329318090815,13.968557838990215,188.72210161806711,0
イ,150.70491522203005,174.72523419242216,136.06977589630264,9.110846665467527,146.73398216406167,0
