Mora,Mean,Max,Min,Std,Median,Accent
ダ,180.70275365416188,196.6592829482132,176.63712393850724,6.623152746212825,177.50102032979768,0
マ,227.48642208665768,285.50298676507856,180.09440198292143,33.26531484032743,225.67709767575093,1
ル,299.7313104714803,332.3066202451026,256.04931390489395,18.095149948530747,298.136479200499,0
コ,227.91271556655855,255.62451933704318,182.79256179038617,18.54339349115192,226.45133313658306,0
ト,184.47544474280616,202.6496542150262,142.88462933165772,17.231586412964475,190.49774044349385,0
ヲ,178.31987737682192,185.76637153283832,172.51379528136815,4.31258637687135,177.64878367223378,0
シ,165.41623346570634,175.44696965023647,146.85196335218262,8.717015840284521,168.51656621103544,0
ラ,174.84779149173,195.77723469713712,155.5043805340817,11.437539632355742,171.91358636915248,1
ナ,212.07969349739093,224.17171210174604,197.37611755987925,7.372452232545605,215.0993492652001,1
イ,218.11414670605623,218.74694560888557,217.3933924414471,0.5573215143178377,218.12792563368717,1
モ,211.29206418649403,219.82742003252633,205.27258619461756,4.850466584544085,210.07206892621318,1
ノ,209.97419291790672,222.91066496416542,200.01612701679485,3.9025832358612127,210.66420394731986,1
ワ,170.6575143341418,205.77705919853264,120.90065548833886,24.94951012508287,173.92997452414863,0
、,0.0,0,0,0.0,0.0,0
ハ,154.83948306076175,164.63742003697038,150.07822520016876,5.327213936945287,152.02756129794267,1
ナ,173.81670695237386,198.62932239117214,152.2414358559806,14.22376570506819,174.21727227052088,1
シ,212.34625282024794,257.05725707496674,187.9988707391418,21.059087956507863,204.1484087669748,1
ジョ,236.50593155620123,259.39945958992286,211.38104531970134,18.484405434880156,239.5768732456429,1
オ,261.5946156292073,262.77548392708775,259.96405839870334,0.8623553890180393,261.76468010973065,0
ズ,216.7455955332148,263.5214217037829,192.76572049341075,23.434490598030212,207.79746754599364,0
デ,161.53954099762768,189.1123517990955,146.5821901129188,9.863546036057954,160.11858949440045,0
ワ,142.56860382778106,145.74893661317205,140.59764280838365,1.1897430450410573,142.42860039381583,0
ナ,143.42201408588517,150.8666838436399,129.75851079078967,4.962658982964751,143.38470976382396,1
イ,139.03611242272095,156.54214001215232,125.7671787155667,8.93981508416481,139.03353207931818,0
