Mora,Mean,Max,Min,Std,Median,Accent
ア,197.53002517355438,206.8284853023206,191.06789728348406,5.078583510293388,197.90936673952433,0
ヤ,248.21853924814877,290.936679800138,208.3800766499872,27.629085682391654,245.24925198104603,1
カ,318.8010670647576,353.003770102216,260.1443720276312,31.534051997662257,330.84803835874595,1
シ,322.81664420770306,362.6832388468595,280.0165239682512,21.230562768424132,329.0940288264367,1
ノ,326.697972088633,338.3669964303458,315.8884900222303,4.57816419368666,325.6204775895348,1
タ,303.80426445080917,308.15957432664953,298.41576691538796,2.8378729130316582,305.04161992447575,0
グ,290.62624818805193,315.6465870083204,255.4770801348013,22.96578140028011,296.8796087153317,1
イ,298.1961542637995,315.94111002056223,255.44323563654632,20.59011240555264,309.0905050105342,1
カ,232.1257798603292,271.74661351816894,172.92776850844115,23.610792528724513,236.79179755520525,0
ト,158.19753200159914,200.43777501936805,97.63135000166459,25.466099477974907,164.24860817512072,0
、,0.0,0,0,0.0,0.0,0
キ,198.01939463557844,199.52034781547067,195.1630373164409,1.6843770905719098,198.6970967052011,1
モ,247.47822791159604,309.09774001757773,185.37756851377287,43.99982086621364,240.41221795166052,0
ヲ,291.4822271414425,303.8309470758922,277.11062276980164,9.257776643936259,290.8556330014388,0
ヒ,223.054102594783,274.2861147299552,177.69869558543905,28.113815923453284,214.5788782955216,1
ヤ,202.77204201463,210.03131093155469,196.1511079970404,3.9225130439371485,201.0061469129865,0
シ,192.62638916425075,201.6759925565472,164.96256392595802,11.876241608575697,200.33435869046187,0
