Mora,Mean,Max,Min,Std,Median,Accent
ジュ,245.9715270219397,274.55111555293007,228.2699920411614,13.789222867897307,244.56438087834803,0
ウ,306.6690258743348,323.5902380854915,282.0456107997536,13.535022879880804,308.9410167455157,1
ジ,296.42907882561747,325.7974431294883,277.4174879705429,16.009600351055152,292.1625553534939,0
マ,242.3389669009167,291.4582242361383,212.75348550263158,23.192221233904583,238.27968923829954,0
デ,194.17191816136045,212.0945557154138,181.41140502378335,9.886953695610925,190.00462201466857,0
ニ,178.30161773614583,186.4144934727044,168.78777754888776,5.325718554072665,179.08809593907012,0
ワ,152.25503530627836,167.67183501058798,120.1818325129135,10.879752654121027,152.86129404716218,0
、,0.0,0,0,0.0,0.0,0
ディ,214.58761844134003,241.8791538149699,185.34228703032048,15.855043231601858,212.26785847191294,0
ナ,289.0063313711264,312.65096222460494,246.05705443744776,23.071247365358705,301.4345870917854,1
ア,293.9215580804816,298.73410428560067,288.47650313517596,3.0842325118197795,293.9015254797292,0
ノ,247.97836540847064,287.1844638476459,206.22842162835377,24.335083768825147,249.51406469770353,0
ヨ,195.98775631511114,203.65198362349838,190.14234497671995,4.581270781714655,194.84922768122644,0
オ,187.95685902849954,192.2185678403749,180.16323571373738,4.023889444280773,189.83393654446186,1
イ,177.16573004113357,181.75602908017007,169.70395256894878,3.4660602651735473,177.14301471155733,0
ヲ,143.2681065403145,167.9447600331636,132.01527703864892,11.520094756018844,136.41718626137924,0
オ,147.82514077911267,161.54949963344637,136.807198576272,7.265561960216843,147.30482734894565,0
エ,182.20595060859125,201.19694865289696,164.1133057322005,11.83383147398538,182.21785650961482,0
テ,264.8768706376595,276.4585142286274,254.57910467037837,6.871594508187999,263.50992460444434,1
イ,280.14412783135884,283.7029655807191,276.21715604608914,2.6454751750269514,280.2543162384977,1
ル,275.3432070284534,288.03007147763594,236.119791457532,16.042615048700046,284.8060334373916,1
デ,230.5006081158071,280.31842551338747,213.63141001965138,14.358673935820354,229.5440727952407,1
ショ,178.23370140186273,220.59965993287014,127.80451452018694,18.801624047756597,173.43040416910924,0
オ,159.08102746735588,168.65397566289627,147.12255031742862,5.2603039543744,158.59961113705327,0
