Mora,Mean,Max,Min,Std,Median,Accent
ミ,179.4508675870133,203.99866952411443,141.43742354691514,13.976444963265857,182.720936124618,0
リョ,238.1357938679563,289.21045423245806,186.2184087086333,37.86064184016626,244.85430963615295,1
ク,289.82042254594563,323.97274795739014,255.35235695284686,22.405920589458795,296.57108098346055,1
ワ,293.46338723418665,295.4423437134793,289.8145550776687,1.7107882620427763,294.00742558403255,1
ミ,277.36499370122215,308.2040830635278,260.3958549997687,14.997885106575769,272.73561458386143,1
ル,317.4305253190596,327.0276710885114,296.4077129004781,9.707728560581778,322.08991150914056,1
メ,274.06933540089216,323.4123777093302,212.47045201121762,33.39646557204344,281.7890141846756,0
ヲ,181.7476839735657,209.17317735015368,154.22997859161782,16.66777692865092,182.982692869627,0
ウ,183.11228046766382,210.39129631825375,173.97889248060835,10.359011334873394,179.06850953684523,0
ツ,168.36364935382997,204.62613445974043,131.23558388591962,15.054357750347855,164.07505736339147,1
ガ,148.954969326074,159.624314151603,140.26236149012465,5.32826215069507,149.94472376533247,0
、,0.0,0,0,0.0,0.0,0
シ,269.5307657515877,274.7388539569749,261.6273026267991,5.018489789430824,271.7768947476415,1
ン,272.94353572970044,277.8321918470335,257.42122419873965,6.088399972734158,276.12373451421195,0
カ,221.76186229748424,258.4461160905202,189.2302434204561,22.69184102441015,218.83368396595296,0
ワ,163.86769473612455,186.53769117867586,149.13464660642836,11.696267106671074,161.77531729264587,0
タ,165.68025268811252,182.2082293481795,142.27932118066357,15.76323311135974,174.11873780511942,0
マ,208.92148381720668,245.0619275384647,176.4140151919788,21.61449736540417,206.5314127691826,1
シ,197.36146122981395,250.76118945412395,164.7770867415346,29.392139103344196,185.3497911209859,0
イ,156.0331037814014,163.7171187967228,148.82847104444107,4.556492255377487,155.75129421490965,0
ヲ,145.98045645644248,155.25207838071398,138.14235585402963,4.6904443665921915,146.670258456236,0
カ,159.90608125170283,159.90608125170283,159.90608125170283,0.0,159.90608125170283,0
チ,0,0,0,0,0,1
ト,191.62405126738037,210.72235931462848,182.4354579060198,9.095768564293316,187.84575609216935,1
ル,164.13941546717618,192.02130336182066,134.96833662048152,15.45950004247146,166.5188675018445,0
