Mora,Mean,Max,Min,Std,Median,Accent
コ,237.3373966708093,264.7907380380848,215.5104846381475,11.455882952720838,236.42394922765726,0
オ,256.1029500284145,267.80731169941885,242.41773224976922,8.520573167031314,256.91690809059367,1
リ,273.87423909632884,294.05495126474193,239.66589174851188,17.05023421823599,275.5826707298316,1
ミ,309.5097479720245,319.0182570994984,292.05340125563004,6.034586911408947,307.7825443973769,1
タ,237.9275455529361,303.42985614509104,205.77592506769534,27.131338015168808,228.4781331899498,0
イ,201.61648833651088,204.33682518009397,198.1489436761863,2.0104382708461075,201.79411672451704,0
ニ,186.0210100606677,195.89466705618366,168.57943464401365,7.810609942869787,189.1796866877005,0
ツ,170.21043154226203,189.21033657774427,154.61430472645284,13.991731558651466,167.15087049225593,0
メ,191.39638740240227,208.74883632167317,170.4557654013255,10.249301107283634,193.04233300406037,1
タ,245.85481060322206,275.7993935960997,185.51307060295431,15.110352379880194,247.6968929866175,1
イ,247.30535542944966,248.2474172903908,246.20096383428427,0.6818903559447469,247.3419661523925,1
カ,239.23573394246333,264.8439975100724,207.27675729130556,16.087484149076612,244.80169531607476,0
オ,240.13099235769548,243.45387684275383,237.3285818989232,1.7197887549524644,239.9326660980119,1
シ,231.827152307606,245.12156912463067,215.44476675645163,10.588575542392146,232.45441868580824,0
ナ,222.09012807091312,263.60494830731545,206.2464396548913,17.785077915722162,211.70601302577583,1
イ,284.36705235990263,295.9357420946789,268.14612354132487,9.045433994867135,286.01816135906506,0
デ,251.63837965966397,290.5117539881245,217.72755765816888,16.42196315412961,248.61047482126511,0
ク,201.0236186696735,216.14378919038626,186.77347986826854,9.579581863117667,201.8840351889205,0
レ,172.88690583785294,191.68689623773022,153.9551513539512,7.742854242459265,172.68144611597958,1
ヨ,149.7301439726897,165.51501401391587,133.9625100723833,9.268887284309345,150.47765576553928,0
