Mora,Mean,Max,Min,Std,Median,Accent
キ,0,0,0,0,0,0
テ,281.11743302190985,288.47386752799355,272.18337861057614,5.365801558254763,282.79550238934894,1
エ,301.8401608168985,310.84177777737636,284.5822424563315,8.817637759134547,305.1110833930202,1
ノ,299.05909079471655,324.2384013928065,286.40922505395025,9.288443800613223,300.1041243881701,1
ハ,259.59867836504804,305.05437321811195,210.24316484369294,22.593873148287024,257.0666374765983,0
ン,279.9941168997125,283.19011205878246,271.69958434361973,3.067905331706054,280.7852146598675,1
レ,282.98996099865604,299.387295062917,276.74803885035595,6.7082912679609565,279.23684653164497,1
エ,286.8432085427306,288.5638516304305,285.6191846097266,0.7739319919401242,286.7970925364824,1
ツ,283.70795804761985,283.70795804761985,283.70795804761985,0.0,283.70795804761985,1
キ,288.95435088707677,299.357188971756,282.7103450109089,5.416413826658362,288.39373250253914,1
セ,277.88968496498626,302.8482213703812,238.96254750928207,15.164533621155313,282.90132953578336,0
ツ,277.71000774011134,282.4085888956338,275.2964267687753,2.9131762497223175,275.6716511904642,1
メ,281.1253210017511,288.60755850020405,269.959191549327,4.879863939512205,282.6743732951501,1
エ,279.1941073629424,281.5856823841836,275.6512765063425,2.017042725736556,279.291907876807,0
ブ,211.3478115145862,274.9140674668289,185.36213738277615,27.233757257297963,200.69866356401224,0
ン,182.55352156373212,190.34108284969165,171.3160508477432,6.106579818751904,183.3617403073102,0
ヲ,150.73974458217714,169.6025707248573,141.34023665129885,9.122776228124291,146.74756019016138,0
ウ,146.05036109237832,146.88902847631005,145.35601459637215,0.6136918472067383,145.97808021719194,0
ワ,168.65947678017528,195.5641328758019,146.74858493917176,15.882366222586334,167.75066460285245,1
ガ,198.34466705717688,202.25130863863998,193.889118058089,2.478836075354991,198.38434574926563,1
キ,191.6131027116598,197.5860966377915,184.325305987453,4.02945939843314,192.56700056365338,1
ス,190.59201584850092,213.35090280708735,178.7834438564637,10.411146383067376,187.7943378425889,1
ル,170.06954394560324,191.53714363729827,141.19137977935426,8.220143943961428,169.4491905473962,1
