Mora,Mean,Max,Min,Std,Median,Accent
ス,229.73634389568335,240.24249978830406,217.606257937655,7.610430845541065,231.2967749830545,0
ギ,253.6655099783131,295.47611552233764,214.12595589539242,27.04229664179485,255.302273680752,1
サ,314.4237413140177,347.7033761427689,248.22922819673548,31.28503120456807,332.59721251689115,1
ッ,326.1633095741786,328.3348532602364,323.9917658881208,2.171543686057788,326.1633095741786,0
タ,233.45457019011147,258.4225932755979,204.45420392880203,14.346613463961654,233.9510755498608,0
コ,184.94143947151997,189.02018266171504,175.03578863031254,5.750940883910573,187.8548932970261,0
ト,182.20525500663408,197.94458143577071,174.89429242428062,6.680682273715198,180.27374694429682,0
ヲ,170.13614985080022,175.04331491002353,164.1963018446413,3.493003792953629,170.53675368145105,0
ナ,153.33456117589716,162.51463977250958,141.8702335986625,4.0610709489537165,152.65623954180984,0
ゲ,191.2316713849374,241.59667402270685,156.99761691933585,29.06065570350708,185.7091064249721,1
イ,241.14799369980162,250.48816147911253,209.5046790118683,13.056673216598401,247.0926762434509,0
テ,206.21802838179724,213.8675781414846,197.46944623245244,6.7394651949860185,207.3170607714547,0
モ,165.7057789797797,191.99600059580973,154.00978318460852,10.603240806503885,163.04081504466586,0
ショ,155.1470994609704,179.27865004483712,95.04960498450495,22.245589616456044,153.71298726592366,0
オ,190.5930892255285,197.14801072608057,181.11980591007674,5.385817318222781,191.59111879546595,0
ガ,211.59409637236,216.22819124986015,198.7646598876156,4.544621960326071,213.44042472058376,1
ナ,206.44113693689448,224.24924575342072,178.82149615105334,9.873022073305023,211.55593717964672,1
イ,161.3404148473564,188.16936636045025,146.60075304068457,12.734954451237584,159.59694466646704,1
