Mora,Mean,Max,Min,Std,Median,Accent
サ,285.69275917558446,310.71349588432247,255.49183052876313,13.095109813403198,285.3085792632485,0
ン,315.99028870165756,318.44759415053807,314.3624483746356,1.2055693289378018,315.82816986231103,1
ザ,309.076682172488,333.8693721927661,256.16290746220153,23.21220447509592,321.65777662337837,1
ン,318.63275840990525,321.76374848901474,313.902355226574,2.8228271714451934,319.57311873573485,1
セ,290.65586765462297,312.29645581240334,264.1294644198003,15.724002149566235,295.90510922232966,0
ワ,292.4764963505306,305.58979296772543,285.83331662571675,5.779623734360495,291.2465773605856,1
ヲ,327.72285817282403,348.22418763607874,289.6373707544028,15.860699888484344,329.00398483367997,0
シ,246.18577490784236,283.003339394789,209.41564104492,25.027213787860838,249.1157452223626,0
タ,208.14578699270805,221.87760104408662,195.99382027277022,10.13127988813488,206.58371640186306,1
ノ,184.0334975045051,192.34549191135176,168.08185507638794,7.72637015383798,186.1914350208096,0
ニ,152.33419911001909,166.7387018326408,122.40062554212578,10.670091117516861,155.38937304033368,0
、,0.0,0,0,0.0,0.0,0
ナ,200.50614676021868,235.19417516838843,147.87908209164215,21.616451421727803,199.53640683422537,1
ン,265.6979347268786,284.6523370662625,239.66534107102862,13.650005243074919,266.63218518530994,1
ノ,308.9939932541786,325.42104319240286,285.84243657162966,13.38708341713053,316.1404082487018,1
ア,333.46121236981304,339.0809016556784,327.41515025237175,4.152543658820106,333.4972598488743,0
イ,332.5516215600883,339.5420664715842,318.5516769634879,7.40853335769554,335.14072260880243,0
サ,293.5384449995234,309.84134518031135,277.2725954047138,9.904091070729047,293.28454330606064,0
ツ,192.36244017141627,205.99158057931146,178.4829878679904,11.501744214609314,189.29386956912708,0
モ,167.13290151481934,182.07715154258184,154.8762208605059,9.05426381026292,168.7101684765886,1
ナ,163.74060514236726,173.90045071965454,149.33838414041517,7.015835490620666,165.36050501827356,0
