Mora,Mean,Max,Min,Std,Median,Accent
セ,256.59556982917655,257.08150089419087,256.10963876416224,0.48593106501431294,256.59556982917655,0
エ,271.6866573072242,302.32265866687806,251.92450881953943,17.795650141334722,266.495368011352,1
フ,293.30098743100484,303.166402030756,268.6633138270216,11.321163894031137,299.85651350932307,1
テ,319.49030308949114,326.3759655190163,309.25930177110484,7.377375941609649,322.8356419783522,1
ィ,307.8698510933393,310.7050375174738,305.5227062003021,1.5711872703485454,307.3509619015049,1
ィ,317.1758222510398,322.54625113148614,312.66490099125724,3.391887323732948,317.49464659487774,1
ボ,305.75238614783973,332.2687697936099,265.44755841137817,23.00864030924128,317.1288219974836,1
ッ,277.2761379752158,277.2761379752158,277.2761379752158,0.0,277.2761379752158,0
ク,0,0,0,0,0,0
ス,249.57833846679358,256.4995660652333,241.3780315508398,6.060892540506656,250.21787812555067,0
ヲ,199.6267556141241,234.45969388852768,178.37175373077108,15.716734599846964,196.18506846677903,0
リ,162.1977340658792,175.87971207454754,149.1604422760353,7.712456780126819,162.1613434228483,0
ヨ,173.42134773642206,189.4484935095552,165.83604747043165,6.917562921890082,171.9436654616718,1
オ,213.60677803917343,232.5090318632346,191.80002858826734,13.478205227271824,214.18915454656542,1
シ,220.99337792177812,237.9262324629367,191.4317532036036,15.015965648915154,225.0476088247995,1
タ,256.3230652313699,280.87322867141995,250.80120688646358,7.695679173898359,253.3506868083098,1
イ,259.400469241735,261.6597454965144,257.1058382512795,1.5389146057000203,259.1892248847573,0
ノ,235.21107483299116,259.0594474754728,202.39943210059388,16.358388361879992,240.1622451892652,0
デ,177.98307440013053,199.37444819365683,161.55822608836837,9.73512292353983,177.0499328667074,0
ス,147.52819735190943,171.43815641214061,104.50009324866983,17.126259955523473,145.67138367155667,0
ガ,150.94827064434475,168.20843601130778,133.76064316252246,7.56497820383773,149.07161537268803,0
