Mora,Mean,Max,Min,Std,Median,Accent
ジュ,258.32931222551673,286.85375865824483,227.5696626493057,17.374859841986414,257.69307927874775,0
ディ,253.394981617132,276.38233412985943,228.8693472870742,15.294045586264508,255.39379192266327,1
ィ,229.1751240209918,240.4208439295493,219.07071670668526,6.87981661096829,228.28063848160923,0
ワ,175.9901767915079,215.51299644236184,142.63282085353433,17.061802644095636,175.49282687109167,0
、,0.0,0,0,0.0,0.0,0
ソ,203.77706741699345,208.41746770240567,200.5972618299047,2.629208705366895,203.3089157752771,0
ノ,199.59772831666015,215.66692258577598,175.18262241342933,9.351602719476848,202.2946084198294,0
イ,182.67847712096213,186.45391663204225,176.32239905379717,3.9688086723179414,183.9687963990046,1
イ,215.0730388939129,253.92521923241605,188.84327678902952,21.987361106850738,211.5963038155047,0
ン,258.4589072061093,261.58371943285647,250.06138325545717,3.3871939495415857,259.3463617347886,1
カ,195.73797969428082,246.24895843343813,168.194865081836,20.699094251482,191.34546734723426,0
イ,168.84403963191724,172.093206283698,163.9562959396423,2.745030837357417,169.57066789835366,0
デ,152.00393639618625,172.00685767215822,138.6459960716791,7.973965559238492,153.13672392921822,0
、,0.0,0,0,0.0,0.0,0
タ,255.04710831653756,289.7939376789329,204.39502436982605,25.47668329167788,260.15159954997483,1
ダ,309.1245802565859,333.02363551005817,289.41072413053354,15.287638806693984,307.90560564831117,0
ヒ,244.7766302242706,294.92927279381786,201.16230063974368,31.85219644573155,239.74174802179664,0
ト,209.57100316845472,218.2775687176582,201.1865063746578,6.118603908796161,209.4099687907514,1
リ,189.04584927625964,198.29982032873488,185.04305073004443,2.936673274183551,189.2784734235891,0
ノ,170.40177076749185,184.93642550046647,159.6434823438411,6.228168880288076,170.09239903482603,0
ジョ,151.28153156264938,158.1664646652749,136.16656430911584,6.437455433308803,153.1897128794359,0
セ,150.69833810195024,168.56803052629982,109.3306108847396,14.339886520214206,153.2065021745421,0
エ,156.47121351507903,157.61637194614582,155.49046305003685,0.7967406605221533,156.43562836611466,1
デ,156.192152391696,189.28864150387872,138.10653792873012,9.774305496742729,156.7359219840044,1
ス,159.58783899255326,163.05742474400603,153.8026437393265,2.8457700153302907,159.17852677470384,1
