Mora,Mean,Max,Min,Std,Median,Accent
ゲ,259.7028926648175,276.77021420701686,244.7502147794662,10.032889557424479,257.898028252435,1
キ,282.33455591857984,318.8246697647493,234.36007307669695,34.925093564426845,302.3337652821515,0
ノ,233.6299063108995,297.40005977742817,173.62769651332255,35.13234942561113,237.8857402138117,0
コ,270.4472664488534,303.82407996520504,183.07476720923898,31.129779273338244,276.01285785332766,1
ッ,0,0,0,0,0,0
ケ,285.8715693893762,296.4814803814205,274.8364377780436,8.188671288298615,286.74938264039724,0
エ,254.93245014819726,271.36428342733757,239.0255676440605,12.260954211186519,255.70116382545672,0
ナ,203.4508296099927,237.8637242151673,178.9319579481879,19.540123485148893,199.56187852696414,0
バ,162.71514315652692,191.68831408450743,144.82755205912298,10.132522168472551,161.99218389199604,0
メ,166.99932268057927,177.53885525029088,146.64805217825307,5.7446602482018045,166.5735154809873,1
ン,170.2229024101697,170.8524069409496,169.10899283706752,0.7293394221550935,170.643515909099,1
ワ,166.56565816858583,182.8611644788216,152.00776931350296,4.426014499015503,167.49239401043386,1
、,0.0,0,0,0.0,0.0,0
ヤ,191.9238124247699,218.85283820349,177.30944793909035,13.170735869402902,188.35691652071972,1
リ,198.3804587283043,229.32229765784007,177.26935667313205,20.006559606659604,194.8336819196404,1
ス,239.8101851896462,291.74940291285805,204.23096992956667,30.628812297666162,227.1212801610558,1
ギ,238.82272311634497,266.0611704854224,214.6528970772937,14.116892320279906,241.54256141472877,1
デ,226.23150185344556,247.33019540771434,204.33225427525952,17.124977595719937,229.76413397844058,1
ア,238.04330260550506,243.08707959059453,234.20549978775904,2.290327911152463,237.74114970972153,0
ッ,201.98348978108237,240.88713817529376,169.37638356689072,27.54536192277262,195.86233638974326,0
