Mora,Mean,Max,Min,Std,Median,Accent
ト,253.68573873161813,273.3973240074179,241.69284341038178,10.133203531891937,249.38348544584852,0
オ,293.7060770808529,305.62116793197225,277.328414048224,9.057614280383856,294.97361496097096,1
ボ,308.68519271056266,344.99328592696867,265.85648450314164,20.646841810795404,317.9654667136833,1
オ,321.65184812343693,325.13481988710504,312.85311673560125,3.8251840796032095,323.0865633893359,1
ハ,290.40788427755587,329.4095059149665,229.15550484894123,28.643429039288748,290.04688592285646,1
ン,323.21972368393364,332.69381657211534,315.34592777114733,6.61265963941993,319.02646523979826,0
ニ,287.85048871226854,314.7174587577514,249.31610758769332,20.397650465114396,292.5499816318204,0
ン,236.68746407649712,245.51092510724857,225.43969324206947,6.784353416907123,237.66440990047528,0
ヲ,184.133336691203,219.1817926022922,163.89681656125433,15.944542422085144,181.12685893012312,0
ツ,157.80358594422302,160.51700987227778,154.98168034100695,1.871418675891364,157.67109825938903,0
カ,212.95186726626898,223.10765094901737,203.85307951572423,7.896098638799133,211.89487133406539,1
マ,201.52199896020772,217.23974582223855,186.01040836299362,5.089248337962238,201.8045121669183,1
エ,197.8920121187543,198.34272001968557,197.65509760103635,0.2266799456825248,197.82269087626332,1
ヨ,203.36745129849967,205.45026091135915,198.93751100703452,1.856347159124693,204.0296595928275,1
オ,198.25051299484173,202.8057642978974,191.54756334439085,3.56771074426936,199.14179466361304,0
ト,153.92221669562275,185.11514230993825,124.29674665531786,15.748763747237817,152.75229878445083,0
、,0.0,0,0,0.0,0.0,0
ユ,154.2081869559358,162.50009406086215,140.49626914240253,6.90708468373141,156.80636347102848,1
ダ,198.67068521041435,243.9962943851619,158.28663791281625,29.689048120666456,208.1282813978179,1
ン,253.31732055646475,263.8832479331644,236.96893223846618,7.286393372182551,253.98060046660729,1
ナ,285.07725547207525,309.2867018910594,251.7132675258852,15.017567553572924,282.38743218315005,0
ク,231.15752444410117,245.85476436083678,208.9651429916176,14.118058456909083,236.46827248805315,0
ミ,175.46122555683047,198.62436874724136,148.1716779544145,13.806671793067773,177.61543036402804,1
ハ,153.09849847488766,174.62370862179122,135.71549657110643,11.983202418741143,156.72920700570324,1
ッ,165.012651852803,165.9712696401784,164.05403406542763,0.9586177873753883,165.012651852803,1
