Mora,Mean,Max,Min,Std,Median,Accent
コ,257.61955808073657,272.7635114007435,236.10321450027755,9.90371023879767,257.7853638213345,0
オ,295.25153934652843,304.1094961552628,277.93125053851793,8.204969040283483,297.7343721229688,1
サ,315.633868420912,344.2730719642237,266.2213622120293,19.10005850565795,314.2465639009257,1
ン,310.55018991000895,315.19447941263894,300.4368130738779,5.31383887392877,313.21027165614777,1
ス,300.87292981755087,327.31979729283245,260.60914415441476,22.26435297588439,301.2437065107696,1
ル,294.34898157755725,320.3784276594233,256.3163734709379,19.33700838376846,298.1906515266604,1
ク,283.45265782984205,323.7959111042255,248.80755119395505,29.27711023314115,273.9877062978625,1
ラ,282.67705210586644,315.6123771832234,242.40917094431072,20.317594445040847,284.9023729963005,0
イ,221.52291660317226,237.6151265933585,206.5520333761563,10.238702701446906,220.89713968661977,0
ナ,167.60004225813262,202.0248373572909,140.45567787799516,19.81802560234813,165.73597036882722,0
ラ,122.71831438682625,140.97548305871794,80.67480265227294,19.942211796889904,132.86291754282942,0
、,0.0,0,0,0.0,0.0,0
シ,212.43428730982683,216.8220622530803,207.64933635550292,3.0500903126408385,212.5364553030367,1
ン,219.89067592544706,241.9846700365618,205.73038909102303,12.420559933195527,219.89777777989542,1
ダ,251.38011059745742,265.27487676804486,242.95654894573343,6.214506307051254,250.05363363580108,1
ホ,237.15640669780421,268.8092629421071,198.4311708149172,19.660071974234857,241.9854045425222,0
オ,256.65443799737045,273.2104744913575,235.48650144808195,13.01044330376338,257.73114364370724,0
ガ,194.70110090748813,229.02848348242048,160.09021679328558,22.88217743303328,195.90535782903163,0
マ,146.94057439442983,169.4842734614856,136.8940309358702,6.991776138932249,145.42162099715253,1
シ,161.11776394117058,191.20690766427913,143.77877554908767,14.135281191915817,158.55540865529997,0
