Mora,Mean,Max,Min,Std,Median,Accent
ト,209.4349931440617,221.130564322407,202.85466790572767,7.2202615202023255,206.87737017405613,0
ロ,208.75830282121885,236.63373449696456,177.73769984637968,15.447615163842194,204.64164829575847,1
ビ,251.2906448217548,289.52342703768653,230.0238082923391,21.729220713960753,240.45811856380476,1
デ,250.8497237298273,284.430035672907,220.34309192292008,26.558333558381026,246.07658166191783,1
ジ,224.8006759254751,285.224426048369,173.29247464869093,30.74856542995657,215.41996603951594,0
カ,238.37532058413183,266.07684507117386,190.92306103977774,19.517130669988646,241.2685773324747,1
ン,296.2285573336125,304.62745437810133,270.53387099382275,9.113091677168926,300.2379004000142,1
ヲ,291.33491175917885,295.51573392261656,265.6155562023336,7.896852231878936,293.8936173429414,1
カ,290.8100135880488,318.69581830009633,251.31713922014748,29.009788012751024,313.72398921148454,1
ケ,286.8119129826816,331.79130817344696,246.39430623776957,28.03763022899674,296.2007054237763,0
テ,183.18449870285082,268.2054566263675,133.61664359885043,30.967356552198105,182.32331546517293,0
、,0.0,0,0,0.0,0.0,0
マ,172.8104219276786,187.2557429832617,144.91738737899823,10.690999286015279,175.53216384338106,1
メ,199.44204315392793,220.62221788392304,175.79852805981136,13.809914803196447,201.184768450012,0
ヲ,214.31771995298138,231.6912654308682,180.92696955701555,16.48585213874702,222.26179137356763,0
タ,172.32556219572186,192.90053765408155,156.730387750174,9.363880795698343,172.25469889155983,1
イ,163.8043080183317,164.7273334879416,162.4350067027172,0.7871151513373109,163.8022544591422,1
テ,168.2417682526834,187.91405940422,142.77473162038942,11.380614086548272,169.59766587937935,1
ク,173.7462832252922,199.7529260438926,154.83027318692274,17.81232349277467,162.68758844612626,1
ダ,181.36503621068076,195.73093497293573,167.58516480998864,8.612996551840432,181.9991747858884,1
サ,183.11843792909374,210.78660786675803,168.11292068588259,10.212342660371682,180.26467822955428,0
