Mora,Mean,Max,Min,Std,Median,Accent
サ,197.90924734404928,228.722361646119,168.63746450118632,18.823374117079553,193.43569067827642,0
ク,229.14802707996122,266.720054747126,172.4987421182149,32.59972341130314,236.562968931643,1
ヤ,202.6549384376379,252.32877287963203,132.086021067323,40.974339984514835,198.00703908316746,0
、,0.0,0,0,0.0,0.0,1
カ,261.6707818783755,274.9970690432476,216.92592416012053,18.68940194473696,269.16157365875245,0
レ,272.68361861654046,292.57773175862303,250.8891227537601,12.054037221311864,270.58400238208645,0
ワ,212.5257504931165,289.39866211984344,149.26203772166213,47.19597194768967,208.35933631125084,0
ジ,170.13734533463776,210.95221063361618,142.72047138522424,23.609364495858408,161.40379195317888,1
ェ,265.4389046922613,296.53216205059584,210.29076250707897,31.667779536351592,281.8001556833535,0
ェ,286.98205872643655,293.251454935237,278.7269143447884,4.8561787286198825,287.76340271084814,0
ン,234.46732998550266,275.0546608476665,193.6379799861007,25.97649815926242,236.60593919330307,0
ト,170.98653724331254,214.9783141132197,152.41646793593765,18.85044078350961,163.38334455762805,0
イ,151.0531104193491,152.00201656476233,150.11053358675414,0.6717747729183784,150.90024365681694,1
ッ,156.00892619164335,165.35265206028635,150.4313805136851,5.3055355187717685,154.09044696467004,1
ショ,163.24167359855497,199.95270509963848,126.69613302498217,23.548790433224717,167.63280480230895,1
ニ,158.0040725392723,169.1921746675733,153.62467793744207,3.4500887988418243,156.67235967741465,1
パ,177.45507751824198,217.33687825086392,151.6804026376746,24.103578666977022,163.9555093929385,1
ア,262.5764366257078,281.5088114774537,228.4350056289683,17.223125833389798,267.6716278383535,0
テ,225.63296009050939,253.46503863709017,212.8333807557352,12.768403072180712,223.18142424223942,0
ィ,223.4844685184013,229.3073056420622,216.6183136063741,4.47215977791267,223.94557772278563,0
ィ,191.3043110768759,213.3658944920529,168.12465478852164,13.105389832841183,189.18993203231076,0
ニ,149.69169200808773,162.13138077975117,143.13186165743323,4.532468568277946,147.89060017330684,0
キ,167.72322685332009,189.54812507694882,154.31094767795182,13.231364796166623,163.51691732918982,1
タ,141.323290186052,168.53962097823742,124.61933696370653,12.514804782940645,137.36541415886705,0
