Mora,Mean,Max,Min,Std,Median,Accent
セ,232.88113955626713,253.5488389287555,193.2986889802203,20.033691329487244,242.8430594086248,0
キ,212.61639920117864,229.28592930097008,202.17066613164042,10.1338270693177,209.50450068605204,1
ヒ,316.06328761358503,325.6695008706895,293.3283257173851,8.7899609247256,315.88191869777637,1
ン,322.698206360024,332.4919800457986,276.0324845676809,14.098309491143482,328.0638061126209,1
ト,338.0547337111445,359.5114284369969,266.0998039017681,32.24444225357072,353.2715603527892,1
グ,319.55652686780013,351.05234339472975,291.5308442335475,21.664675772343628,321.50113495179926,0
チ,259.5719850586226,322.45829791066967,212.12304557853216,38.22402718269186,240.25305331747836,0
ニ,185.9074669975698,204.27048779678597,175.03623424583466,8.813001238502554,183.28116093464809,0
イ,179.62305492423437,181.52084269940974,173.0391293558013,2.3255042287987115,180.38988111593528,0
タ,178.32704680663466,198.7027072531249,145.93218363473437,15.521703266594645,185.76751614610617,1
ラ,194.3378050096521,202.7666222895952,164.2270961510969,8.704431840873905,197.16016454115106,1
バ,171.818299829437,194.40445364298753,144.22519836075068,10.428453231615714,172.72498958952187,0
、,0.0,0,0,0.0,0.0,1
コ,227.4706804491961,245.85003585153456,220.57975510206626,8.495219648465275,223.28875312803166,0
イ,229.5502962450011,239.06295602216957,219.76365002674936,6.523957169621274,232.47832399951096,0
ワ,198.79014176205115,230.43376688991324,165.17736707810874,21.061099467844276,195.44456206902402,1
マ,179.25036103070548,212.884324385373,148.11186950734324,15.959184419120126,178.34065444865405,0
ド,240.72712605341886,274.72653379260333,219.093367330089,21.075109308439124,229.13253858895183,0
ヨ,233.78482427113295,264.0756665095436,196.15065685509444,22.804811450570458,239.25686367207211,0
リ,171.09110493699058,194.1429569583686,153.44307177682282,11.687497843220637,169.53818430953896,0
ト,174.29383814356115,193.93127310869394,139.33583897083523,21.849816205536637,185.72344720318955,1
ビ,168.38916293164496,191.97923895728806,149.82058817464195,13.515175777161266,166.01310578906407,1
サ,193.43013025310123,223.12518602842076,162.47349412626562,13.482229418486973,192.19393583668852,0
