Mora,Mean,Max,Min,Std,Median,Accent
ト,281.6672319422655,283.80295619352705,279.10729161431686,1.7007595045579444,281.87933998060913,1
モ,308.62022920004,338.89226096057405,278.26952037608174,23.04657888491801,303.16765353519554,0
ナ,265.4457064462159,327.6583824303338,200.5374201655535,40.79793985536455,275.7289385655188,0
ル,179.6232795501831,197.86537721625064,154.75452065757568,11.476091854291349,178.3646190749205,0
タ,195.47087151791334,207.84081766196016,138.99727473907274,18.187284430610347,203.18861914959598,1
イ,210.48061263231176,220.46123612568465,202.25621047649412,5.5817302845358565,209.40311061292726,0
ヨ,191.02931285439703,206.41745588937107,173.1939760910629,9.511301069958073,191.26469239271267,0
オ,166.10856008412355,170.4000163114484,162.72726670649118,2.8620479143792767,166.0037976478523,0
ヨ,148.46531353121486,160.8760637080483,134.39651779309398,7.379651249702406,148.8341831865818,0
、,0.0,0,0,0.0,0.0,0
オ,158.17447991422407,175.01273325314943,132.20706506279737,12.624453874981208,159.18216203273997,1
レ,177.60013400777063,203.28978570711536,160.89842642660412,14.709745578754564,170.46014449416253,1
ヲ,226.68788323567654,234.11779561488316,206.61001403877643,7.802995344844896,231.0774872281857,0
テ,199.99754873527704,231.5568340282446,187.36147912381585,14.765927642142037,194.84918133910918,1
ラ,205.55914306732953,224.978405343247,191.3995370451562,8.410877131289057,205.2004875067032,1
シ,241.5245721874946,250.75466959773618,230.5334563289497,7.876110114110313,243.5003276297407,1
ツ,277.564156619885,296.2038710710634,262.38015286533914,10.844939362812813,276.649981864561,1
ズ,242.39089512618483,269.86508526890424,203.5885543349847,15.732296642973251,241.28075707411594,0
ケ,261.1115431211147,292.51683566049377,196.06372324576418,24.986493336360887,269.6332465646917,0
テ,208.689638785498,208.689638785498,208.689638785498,0.0,208.689638785498,0
ク,169.40674413974673,176.9783928666574,143.72711453155898,11.55892253039997,173.63907020899,0
