Mora,Mean,Max,Min,Std,Median,Accent
ド,206.7267581274439,220.75036856775276,200.81662437213345,7.857703231909238,202.68973694734507,0
ロ,246.02661919611302,300.09181378032076,200.12426250215933,31.28079773409482,247.4519941900325,1
ボ,295.6063893491684,373.29598231894147,249.34551528081866,30.55266303951186,301.19976899023703,1
オ,323.7673666952469,326.28074577173976,319.71911692927256,1.8646728931722738,324.15498691797325,1
ナ,323.1293985705244,338.14453311748366,302.22462372761396,9.67534551839102,323.25105026229636,1
カ,295.5138449387686,337.0231414618851,257.5393696833758,20.537410296601294,292.64100878851235,0
マ,243.76310155131875,276.0192980389153,220.97634340720495,14.626108332143348,243.96793847370674,0
ニ,205.08250913257092,219.0380954740347,193.35787168250332,7.277991881121292,204.55667443630102,0
モ,169.83017972931435,190.44730104752696,151.0090414687883,10.370632774379995,170.21206410848356,0
、,0.0,0,0,0.0,0.0,1
ジ,242.22174033489716,281.67852830877354,189.28644954012552,26.381669757851824,241.5389434502174,0
ン,313.081250525018,329.6909621209334,285.855872676088,15.162434644877226,317.9345549390141,0
ギ,296.0119377007683,329.6622398556785,245.87199474535888,25.82912155055035,302.62911500179666,0
ガ,209.32141873523054,241.48076632499607,187.78202015102772,15.4714210664172,207.57041233952225,1
ア,180.51484411088234,186.4932675567601,177.95557972001794,2.075290761001725,179.91848810611532,0
