Mora,Mean,Max,Min,Std,Median,Accent
イ,200.82856215382745,210.9359893268633,185.13475318955153,7.8132315619436055,202.8612796789672,0
ワ,274.3865679145931,338.9608639632961,206.88111238874458,44.11869633842842,280.81194934746327,1
カ,336.88393961475765,371.4242436210662,303.28183895631673,20.379359516845504,336.25974340472874,0
ン,278.18606676807207,297.8865632793601,259.75531399225576,12.83025300363435,272.73742840233854,0
ガ,221.9062718503191,255.90842599983947,188.40718742187215,22.142136080812133,224.03279180738554,0
ヒ,180.57347756496338,201.93384218497792,147.11708939128823,15.288740780000857,181.9282747937628,0
ド,213.6266255087169,260.89759405637557,168.06212007833798,31.951884492148896,225.43736188231247,1
ケ,226.02263636912267,270.078611377712,206.93678818396577,16.850494330516163,222.9619183044584,0
レ,189.63457608560904,209.03144405826978,176.5614245035963,9.283785012059866,188.60539822757008,0
バ,160.1881523593978,184.9391819614897,140.99180373824782,11.788578417125409,160.01830040558653,0
、,0.0,0,0,0.0,0.0,0
ト,195.20364247205825,200.45813207546482,189.00621096779622,4.7225331363127605,196.1465843729137,1
リ,206.84304629300718,238.14763132624074,163.70272289151632,21.581331241987304,206.49829051634626,1
ハ,251.66875876093223,286.8893679839781,215.70693076367667,25.8781298307807,248.35985071254876,1
ズ,259.39131977731694,302.9676280063116,234.88168944616405,22.449919455740368,250.26271056401453,1
ス,277.0085701439476,306.33059183633617,217.59467064994007,30.207213932616906,287.4406717069413,0
コ,284.0756157528032,314.7268564481253,248.53756506436264,18.12090837669724,282.50641832713205,0
ト,231.99122846941532,257.3936751832115,210.4387291868752,15.232072542197152,229.4295330317054,0
ニ,181.61578310790222,206.29484704857055,163.4154040595769,12.545093258607885,180.50397471513418,1
ナ,160.09288723962933,170.67757956581895,154.22128485717448,3.779873805906432,159.1368650448998,0
