Mora,Mean,Max,Min,Std,Median,Accent
ゾ,231.86823091307002,238.05657379103513,226.2581707396158,2.6223593674598575,232.10055970193866,1
オ,226.07965190888274,231.98765147600565,218.9950047473853,4.261010067340962,226.40989079592129,0
ワ,196.21678268065938,216.91103269156466,174.35409214864396,13.509730976658828,196.37931142708868,0
ホ,161.790471716958,173.54838541554807,150.67942464485287,7.09637770608001,161.89308365600385,0
カ,196.7993963437162,229.4164400101254,149.4159627698578,28.189327298987457,213.13304581145925,1
ノ,259.0509128238111,279.42538506925615,225.71630649912373,13.344417081951716,263.4121523301983,1
ド,228.61475639340088,259.7515036513784,200.16774602399678,19.51866367375283,223.6478313322226,1
ン,264.75573099005095,278.86983961883715,244.75687742672667,10.644170706188156,266.503602408377,0
ナ,315.08261388906675,336.8237043194484,281.06834790763946,16.877219912422582,321.1660457343877,0
ド,217.12919311539866,278.34691704675714,193.90541664514424,24.3259648887858,208.60282122182727,0
オ,191.98067610276786,193.9426996033816,189.70914953427774,1.3036433033498205,192.4169596325113,1
ブ,182.28954345900374,190.49483424478316,174.94865088905703,4.915237173345594,181.60009541818266,1
ツ,178.65819720425722,205.31879869263523,157.1048084533654,14.844173667245501,174.7955564430522,1
ヨ,189.12429485670935,194.192294793285,184.2844879203745,3.8623496986750214,187.68846054564938,1
リ,179.08246796928648,184.85922528168913,161.43093218877002,5.167530519903789,179.88796749018672,0
モ,155.7860218557643,170.2275633197495,143.70108373165397,7.860778520920561,157.29730639712324,0
オ,146.27290181943678,148.57193712581545,144.143093481164,1.6516862789463616,146.42645674562428,0
オ,157.79953679927743,166.45529225099676,149.35569593759672,5.070618606627601,158.52558158576795,1
キ,166.3085068493609,221.3105532630609,134.93735689740927,15.649235413355676,168.59574271160528,1
イ,0,0,0,0,0,0
