Mora,Mean,Max,Min,Std,Median,Accent
ヒ,0,0,0,0,0,0
ト,265.287498884585,285.08655776982636,253.5267864731872,10.15130094675339,263.84598417644713,1
ビ,219.3929647850425,251.88027699729284,179.77359627944003,19.556166946873333,216.96259444459383,0
ト,179.7467690861322,200.60764225835584,171.0458501993037,7.8831484871962205,178.1641410934683,0
ワ,159.16764324369902,171.86769358625943,140.92207655082652,8.603094034096078,160.1688222970066,0
、,0.0,0,0,0.0,0.0,0
ヒ,0,0,0,0,0,1
ロ,251.04605669746596,272.52036518844204,186.53805534537867,21.324563670953744,253.9846032992026,1
ビ,273.91495620741887,307.28077504408884,240.97767073831167,23.92886015832082,275.05644638525087,0
ロ,312.65917724823294,339.49681886002173,279.2107390067244,14.672226963888065,315.2679745124208,0
ト,227.84407127557046,230.52773136568345,225.57214572182053,1.8247576631181395,227.63820400738894,0
シ,211.60503193566697,224.51817921618766,187.81605311614214,13.672342100970486,217.46873428346262,0
タ,192.6225971580922,207.21375149310694,181.9468937959708,8.493106408326238,191.45920539645667,0
ノ,165.1994896558298,179.1939608253921,153.45344789354627,6.916569940365244,165.65547265635752,1
オ,188.28146759300427,193.94669023526515,174.79047231480178,6.125288223645016,191.77555561897722,1
エ,187.4297132991668,191.67977027441907,184.92117832176928,2.0660694705047593,186.65717329065166,1
ン,187.18600008867548,189.4765266542665,185.1820702095631,1.2969440312468266,187.12016181391212,1
ヲ,178.33007481142556,186.96613458670507,162.10266295732367,9.592426689555968,182.64029835742613,0
、,0.0,0,0,0.0,0.0,1
ア,165.67710636720986,168.0427448138548,162.17562942798563,2.526309237958848,166.81294485978918,1
ル,185.2868628201027,208.77874948519246,165.09894180685882,13.125230310134475,179.71827144362584,1
キ,196.84272670449297,204.85780462702868,191.48637232521924,4.390507639006935,196.92572134814367,1
マ,243.2782159914447,256.5720719299026,234.98449047911998,4.738042020374915,243.62977055059633,0
ワ,247.2892532388034,248.72849652506113,244.87824305836114,0.999951289541327,247.5491338892707,0
