Mora,Mean,Max,Min,Std,Median,Accent
ナ,229.5489655316956,248.16959093810422,200.06080019643912,13.394066195145037,230.90596285384643,1
レ,292.0425140245304,321.03288628305927,251.93441778435766,24.54796774537774,295.4967206518926,0
テ,246.8291264976383,273.2849434124312,234.08878726442876,13.793470026563288,242.01628758455732,0
ミ,211.3576748283602,236.32781834837286,192.17950886705944,11.519431471812796,209.23778402369084,0
ル,175.8781547533767,186.5219473167786,163.24986998156018,6.302175914258464,176.5507214450575,0
ト,146.76539734519838,163.8320735383974,133.37874456726837,7.30851189948188,145.64987687038922,0
、,0.0,0,0,0.0,0.0,0
ソ,188.05898519589334,194.96603075689606,172.76257780818932,8.958479723081286,192.25366610924397,1
ノ,201.37774690238373,220.52036410217124,182.57141825082238,11.159764134537944,202.92968215557028,1
ホ,254.2677335177066,300.244373446821,209.17879875464004,32.62223108860748,243.4782935860253,0
オ,277.17652205682856,284.0945729115037,269.1479163356968,4.741904965821642,276.7377564359329,0
ガ,203.62388932537272,266.66891859141344,156.29284038531338,37.26492113285358,194.37634302948032,0
ス,158.2967933672525,164.50048748803718,154.77420445671623,3.7894007907389624,156.9562407621283,1
キ,248.29219381063356,250.85715338302688,244.77633610420585,1.7519973760505114,248.7783079178534,0
ニ,257.3218237324696,262.27097504710053,249.58680807662503,3.978834569780122,257.90270180740583,0
ナ,208.7685255032662,245.33637250516125,183.69250365483086,18.384133565652306,208.16894621922637,1
リ,172.93526623089457,181.80225287803543,163.24556204330807,5.371056298017301,173.48364224173935,1
マ,175.4232483885663,186.6310954539185,168.59778056830564,3.752114225729442,175.89526395462877,0
シ,176.06924484697183,179.79388319624638,169.07079446568756,3.577231414688275,177.60539167337333,0
