Mora,Mean,Max,Min,Std,Median,Accent
マ,255.00056389529772,313.71305354799813,209.95773961103262,32.040723368636584,242.35310290387818,1
テ,306.36940840856334,336.21178234725227,281.58590499777216,16.303840840485112,304.63541729095175,0
バ,207.28830236589937,277.31077558664145,158.83560774942845,27.13442932403303,203.57301434270738,0
、,0.0,0,0,0.0,0.0,1
カ,297.12120416882226,330.3761321509473,227.73816248677105,29.17206431034892,301.99319618839,0
イ,326.68067054709365,341.6439433390006,293.07164982008754,13.12243836585736,330.0316542501596,0
ロ,233.15716005203487,268.4237493645181,196.7671955437813,21.604982436040334,236.79091282473493,0
ノ,175.0414831647711,194.80506648570875,154.1452424209539,10.979533063074815,174.75837973697884,0
、,0.0,0,0,0.0,0.0,1
ヒ,173.58791703619585,192.75756178649593,136.0692317191814,16.12836378669054,180.35158442639545,1
ヨ,192.9545691996764,215.74886443592445,180.89929293399163,10.588977182327215,191.2594794220663,1
リ,226.1496541808602,236.1339092812256,203.44588776048238,9.36550120171683,231.439566823628,0
