Mora,Mean,Max,Min,Std,Median,Accent
ム,251.1803597235082,313.0137938483287,209.06793613069655,30.487323759613837,241.43146645149704,1
ス,325.80476329660047,339.34865545793235,303.01250139483983,12.033105198423696,327.71380077515573,0
コ,269.73979192694657,286.578843841365,255.19577771384147,10.896467074598192,267.8711162681267,0
ト,220.03642568644295,241.36651848566024,208.45767008793976,9.133625316733045,219.05463874439107,0
デ,172.3313296063139,205.17302270495185,108.12857948362664,22.060952500897887,177.736208442811,0
、,0.0,0,0,0.0,0.0,0
ヤ,177.04026181354803,180.69606793273485,167.6465466692052,3.581988328489921,177.6417244120369,1
サ,221.18972994171313,260.6779318595868,156.60069700727576,40.52624100321194,252.4344977799073,1
イ,261.5289438744049,268.0165150097761,256.29057347130424,3.917486774417173,260.82734496185003,1
ホ,291.95038250155915,344.1814321607827,219.8266186572971,36.71884333175644,294.0609253229097,0
ン,342.3133737298359,345.62185859663344,335.8037606576061,3.3301287927206835,343.4719680387069,0
ラ,297.34346665703646,332.67256983335943,247.77758166011478,27.315748924541793,305.71484308188985,0
イ,233.0207258572378,243.30021695947727,223.22411631028046,6.979622739629339,232.8799626696433,0
ノ,190.34266376433973,220.14053889193957,158.44874849321985,18.733760036904236,193.52833808678014,0
ウ,151.13264950997834,156.70365293862935,147.87726115004503,2.3611761271150757,150.7758686931253,1
マ,173.38703721073293,192.72934863689116,154.74182012034126,13.581339187921825,176.0751443520373,1
ミ,207.3149578337378,221.42236652928247,186.89464202749951,10.245253018365231,211.9883147291062,0
ガ,189.9809888008504,208.55272951065578,167.69928120372992,12.768623285485702,190.15751277030927,0
ヒ,149.37431319121714,162.66034988267455,138.1403178223656,5.515183488310836,148.6379888705801,1
キ,0,0,0,0,0,1
タ,216.91504959654486,242.26717770397664,208.344168226372,9.684571771074372,213.11254265667387,0
