Mora,Mean,Max,Min,Std,Median,Accent
ア,225.06202013248566,230.70718692789532,219.41685333707602,5.645166795409651,225.06202013248566,1
ラ,265.835941155763,310.2675209864534,228.37952007041662,27.58282726139979,261.10771126738393,0
シ,308.03805033802007,329.80472445458406,228.82986652649168,32.18908867933882,322.6560626933064,0
デ,195.88368509722034,209.35213893664258,177.0117078668385,8.835708572236681,195.86818196919342,0
カ,197.2077816448689,221.34562989811837,128.64775359865232,31.39466203044746,215.35284228967788,1
レ,217.5668091120594,235.16022951115204,177.6931023126366,12.356022233976216,221.8679994700381,0
ラ,189.0112389150652,220.17792476356982,163.51914627375507,17.7310751088294,187.88691264746132,0
ワ,151.19510261287098,162.85395990009548,129.13251234000023,7.799530194521953,152.357202370896,0
、,0.0,0,0,0.0,0.0,0
イ,182.82568940063314,203.24927482933353,153.74503482019037,12.099681501562845,183.27937452204958,1
エ,228.46723685862693,246.62810357118386,207.8235139363451,12.916621663990824,230.28899692404042,1
ノ,251.8111641620743,268.51198169881286,211.1850680265881,13.700944114676377,252.59416459591736,1
ナ,269.61234521367044,283.1615196256213,260.84736733156626,5.838887996996507,267.18503759204054,0
カ,231.6440725382518,260.48480899280634,218.8019512128156,12.362202117335118,233.54744817282702,0
ニ,172.96820419191468,212.61324312861635,145.7821398448353,17.553620799980827,170.82484205952642,0
ト,144.5864671900503,174.9443900156105,115.38345942981755,20.54580905022746,146.13876121042003,1
ジ,165.8010181807263,183.0939099444774,159.71337424071083,5.930663794436635,164.2651201673104,1
コ,185.85924831977164,189.56976858579964,177.49627665855104,4.3558647180815715,186.6109592889941,1
メ,220.66525030932607,241.64260974121834,196.83680991696522,8.04498350934756,220.5162858803917,1
ラ,223.9416555834373,230.15547113802307,208.46452277744896,5.328427454541041,224.01206194273124,0
レ,214.24361190622804,230.00659441793633,195.1239579178476,9.841150927915086,213.10509031123567,0
