Mora,Mean,Max,Min,Std,Median,Accent
カ,232.77452536495346,249.23281327290718,226.07252553211626,7.180529422790606,230.76209102527622,0
イ,266.9175373173979,285.3675274897334,233.14555311880662,15.59127832187813,268.9721801388728,1
テ,280.75755298413617,315.21883658014025,248.69200777579692,22.44571422678959,285.29798026042687,1
エ,279.9008135307164,288.2008116132245,242.18949922902468,13.18147901567293,286.0141213974291,1
ケ,274.08654789657163,291.1822859981492,249.69831082916085,12.079378720415681,278.19765404069847,1
エ,279.97595212531917,281.297750655153,278.5646006416497,0.9984770647959735,280.0995525933701,0
ブ,238.30116744301878,279.69740217127827,209.06509544571026,23.177775354475035,227.37915204750539,0
ル,183.3918660743933,205.64337735146657,163.63160333638604,13.42490552660303,179.6341794331277,0
ガ,148.31374560067292,161.17259274761395,128.72924710466182,9.771203661683277,150.36632665864454,0
、,0.0,0,0,0.0,0.0,0
リョ,173.5681309943524,184.36797662317326,167.2561273307721,5.116684581978037,172.50704375562134,0
オ,209.6035850660071,231.8105654359837,188.05432239704163,14.30307656714776,209.06151877141588,1
コ,227.1728480838391,245.67307937161434,182.43794403601913,17.909452909860697,231.80279453896514,1
ク,212.22773394370176,246.04047753729617,192.69315268148284,18.554344197347845,208.52870357297843,1
ノ,230.48836139376604,239.66216217093898,219.77524026855687,4.365069668310347,230.03404057926025,1
ア,219.36191278554395,224.17030104655777,216.7646743093507,2.220135489669952,218.60163102868995,0
イ,216.7711366063981,217.22800399989572,216.46935131485012,0.21994359548983422,216.7552267060819,1
ダ,202.95822165074856,218.87104305721797,185.9200597797355,11.2380402555131,202.6520348346761,1
ニ,197.23327404838287,202.40139367941094,191.1145254602954,2.4205919267207907,197.11653339739513,1
ヒ,180.39722826573785,194.37289244566512,160.07644585866697,11.375959957186486,183.41449229134747,0
カ,179.96640138665134,197.98840941053334,147.09743044025333,14.200645301909642,182.87571903109193,1
レ,174.9448869158762,179.8880302426938,166.63260115298965,3.553001837762833,175.4596198901037,1
タ,162.57215982105964,173.82975117365018,149.66487824580202,5.704321166022673,163.85792037965498,1
