Mora,Mean,Max,Min,Std,Median,Accent
カ,292.1612664966844,296.85816275249374,289.0266311333356,2.535989817997462,291.2951889266358,1
レ,292.2209011143624,312.6118832742282,265.7732199749588,13.241792255656666,293.09341893269334,0
ワ,209.79620510747606,282.20416651992736,159.46023986789507,38.243927175265675,201.9808731733204,0
、,0.0,0,0,0.0,0.0,0
ケ,192.61255746345415,228.27424564161998,168.87389005472062,15.854327028570316,189.9573272032087,1
ッ,0,0,0,0,0,1
コ,287.0374860564315,299.44672908724465,265.9852514156864,8.45338646031644,287.8798086144168,1
ン,296.91600323762316,302.3893255813072,284.84493948174446,4.90024686886407,297.73175201914484,1
ニ,301.75956874238483,309.05789872386856,281.8874643805104,6.057079480315062,303.18100616860744,1
タ,299.05717622567596,315.640395144774,237.82709791341566,16.46202696383219,302.27383327670645,0
イ,303.201537925274,308.7264120915346,293.27037325038395,4.976494968972219,305.1246659183406,0
シ,257.1162494743974,285.6614682304297,236.63163250772166,17.649356863048133,253.64735081695804,0
テ,216.7185580910521,219.93386992887457,213.50324625322963,3.215311837822469,216.7185580910521,0
ニ,181.53331201968066,212.2627102691362,172.12788111834718,9.391198425238178,179.59281354123738,1
エ,225.4029841783592,248.89058895679528,195.89385893947411,17.89065127349517,228.38846893804856,1
キ,253.74866722737812,319.20375439704003,220.87609568476663,40.18469606779951,231.02493361785304,1
ラ,314.30995626811887,326.24921183817077,265.0142242831989,14.928657401980805,322.23421543061136,0
ナ,282.2770001893613,322.9973379514514,225.1918641781919,31.328113696484593,293.28796038581174,0
イ,208.21901255399987,221.04460445474274,200.82843922442692,6.946943971431092,206.3393598558117,1
タ,203.36046492954253,220.23485404432364,198.14567995506914,4.595335115573356,202.90649698506337,0
イ,200.92424719773587,202.33520754060908,198.3047027563748,1.2859165619233965,200.9619739142883,0
ド,190.11897469120132,218.24382435641633,176.71917693068636,9.618949339711106,188.8143949985955,0
ヲ,174.226187951493,178.77199958755284,164.86871505850087,4.131311494117066,175.45383720238334,1
ト,189.27042401643155,205.93365931323942,185.09297423099486,7.4897238240094826,186.14415216341297,0
ル,179.70463683016393,191.69404551547078,161.70380351249997,6.801712457293912,181.5545639508588,0
