Mora,Mean,Max,Min,Std,Median,Accent
ド,206.19128562556392,217.86304940366927,200.9733924574705,5.305156731860147,204.92446949488223,0
オ,229.85984524005178,250.82278795237315,209.6769442298214,13.309881779503584,229.42418974204344,1
セ,264.76728380435077,278.3414414124203,252.4977856002594,7.692331899226626,264.72399518045154,1
エ,247.6783496484062,250.43490352247804,246.68663667158026,1.2632465527687176,247.03039758079717,1
ヲ,240.16691414093435,246.62632318345095,231.3556431581438,4.398726989378102,241.91674877978403,1
、,0.0,0,0,0.0,0.0,0
セ,193.1954868846578,204.7916023636273,178.50690474996628,9.764457576889006,195.45046506731651,1
ク,177.00322636051942,180.2874879226398,173.67127361903715,2.701268685172551,177.05091753988137,1
ハ,254.07406718035872,270.2304552175209,214.36655036925242,17.387044791419893,260.5184404311974,1
ラ,276.9649851034417,296.9513447550045,251.04083966454664,14.212130689226578,275.98180185017276,1
デ,287.6318309467743,326.2781276148623,243.7250889909699,22.73509111766364,292.40889427478413,0
ウ,242.866007035518,256.26854277788715,210.22863358754753,15.91413238582986,252.57279174555518,1
ッ,215.62799497999814,225.00623107988255,204.62558675068414,6.639430495413553,215.822369610631,1
タ,319.80366547451973,325.2308016141416,316.828917532203,3.057366762206093,318.4896938754403,0
エ,333.43550885535984,340.9033294530656,326.3769211339053,5.069409296148137,333.0923434430124,0
ル,324.95620071781786,356.3075162218899,251.99793887181752,33.26689731111644,345.39644604616564,0
コ,203.63198637275661,236.24386557786943,185.995842413545,13.54281426349028,199.4143756580639,0
ト,181.48278845986104,196.2257183608785,168.58591889317762,8.964758704374407,178.78950569233731,0
、,0.0,0,0,0.0,0.0,1
デ,152.47814733045533,196.5397759146764,132.51756485157478,12.904313290156566,152.45934246048137,0
キ,183.38269773053756,253.81262592437008,101.28311040943188,57.519399191822586,207.64253239173638,0
ナ,287.6765955267178,325.86866588364666,226.287701121054,31.69596212332587,297.0638068509612,0
イ,326.94771521158924,327.89597197499336,325.4786877962089,0.9103683048249668,327.3512845922139,0
ノ,265.73711016445384,323.05971598339625,207.75975717002308,35.06495012423322,262.1968932741037,0
カ,205.7435972618359,244.37203232496105,194.66624677587726,16.790198838047083,197.15528451308694,0
