Mora,Mean,Max,Min,Std,Median,Accent
チュ,282.27743155147806,305.9112821437137,226.3598494640507,19.249442437045715,285.4217646634919,0
ウ,309.0426624065769,317.61916387687074,280.53334733438817,11.110952679076657,313.26382091425523,0
コ,308.2926836710195,357.79261813904037,190.5429784371198,57.96487452351041,343.69023563781184,1
シャ,321.47302577372284,334.30589166148013,300.9113012151448,10.572204471271537,324.215986269122,1
ニ,241.02047504126827,306.4308205729292,203.76677038754713,32.017327975228085,233.4332268806442,0
シ,184.64541764558354,202.66908476622464,163.73074598256486,14.710657517860097,186.3760196524358,0
テ,205.47997142105078,215.39283151102939,192.97038529061032,9.336264892836098,208.07669746151262,0
ワ,161.10541150963735,189.6436611235699,128.38407243326495,17.82491560702209,163.6511993228773,0
、,0.0,0,0,0.0,0.0,1
コ,186.05534275449685,199.28137472995252,177.4791113941141,8.122093652773659,183.7304424469604,0
ノ,193.71586582851327,215.90587819798847,175.5228324961009,10.344142202030168,191.29393913474374,0
ネ,235.23854412055215,242.90596312557315,216.93937278163526,8.214148303692124,240.12498740753847,1
ダ,229.85539426193927,246.81412016855967,204.17020056568003,12.858938581480968,232.03238530010324,0
ン,230.86545643407896,231.7819989327227,229.23190497211337,0.7752492194198046,231.1570696019474,1
ワ,225.7269507717978,231.44463174470707,211.29667874822692,6.445633178339804,228.53723753826117,1
ヤ,212.95618441406245,224.47718172158272,205.70055058428753,5.165433722223336,212.70804928695878,1
ヤ,252.65734168759764,278.9451449653935,205.83486434671332,19.92000213238591,255.93923003933764,1
タ,169.66756628141076,202.34288549173792,154.75750268586097,15.200503120574115,163.23843030025472,0
カ,174.1248172188469,204.65449689741075,129.0937108085771,16.904284061375375,179.8984932602199,0
イ,154.22859787855617,166.2328459309786,134.00630872454363,10.295575846786056,155.6952469883246,1
