Mora,Mean,Max,Min,Std,Median,Accent
エ,211.8988640523619,222.00319369475184,197.24911642535727,9.674002528218947,214.17157304466917,1
レ,285.1653581887292,322.4876344234671,221.86042703366172,32.17866882123064,287.5862197327633,0
ン,279.7976446243424,303.54906818635783,260.40524756909923,14.47916492036345,281.74174228504904,0
モ,205.04424785906826,258.5939418328125,139.03223580141966,30.780586385911615,203.27351469565764,0
テ,230.32333928275668,262.5978313857731,163.07861620012983,30.02532985040048,235.80030785290225,1
ニ,317.1496874336871,338.31984070063544,268.013819786739,22.46703312967744,326.713243521457,0
ス,277.1428181013166,322.14268964883473,224.05490385225139,26.99912458497374,276.5403232532629,0
ヲ,210.59085764170172,239.49994120999935,197.4232823609997,12.693126534130146,206.78054560235637,0
ス,195.09748223415588,214.89005716509996,186.66604704325636,6.912659847515511,194.73490888474876,0
ル,184.18935970755257,191.45893194988207,166.96975424189307,6.88761363867388,185.89738535901245,1
ノ,183.1020411155917,191.34197885872538,168.3660443976644,6.752390243546677,184.72457481911326,0
ガ,154.14806379330085,166.29964964909027,146.83845473731253,5.719608957292257,151.9092663445055,0
ス,166.47394253769346,167.17752028960504,165.7703647857819,0.7035777519115669,166.47394253769346,0
キ,208.31817058551383,218.37148032989757,186.85018689814873,8.378221220912764,210.5181553820746,1
デ,172.2304406310582,202.01592573010979,159.5989220873217,10.485231008492402,170.43274923324594,0
ス,163.60266054172797,166.44727076409615,160.75805031935977,2.8446102223681895,163.60266054172797,0
