Mora,Mean,Max,Min,Std,Median,Accent
ヤ,182.55928084300984,196.38149655318068,171.60004025737396,5.373372671813857,182.81002929818138,0
ミ,210.27521989683606,235.71441839129443,176.37670706228812,17.241353039048633,209.5342793599856,1
ノ,241.1082954946998,257.673248233426,235.23817171818013,5.0916923226919355,239.7241274786576,1
ナ,233.86816216547527,257.17119015798954,221.241806730648,6.906701883629489,234.101205286435,1
カ,205.4150962622848,239.960400624407,189.34143460162275,13.232351461522148,204.12727489274067,0
デ,164.25114768056733,187.0338378453087,127.42338541620506,13.291313570803014,164.82101304632505,0
、,0.0,0,0,0.0,0.0,0
カ,206.07673350387213,229.22548000563373,164.4231171804599,20.856410324699077,213.39849798925127,1
ロ,234.32934555434545,270.2818860126729,201.89275056028904,19.88144602755957,238.40872466578054,0
オ,292.0837841769257,296.7815609716695,277.97103559734086,4.82181183539113,293.93450079805706,0
ジ,228.48030372022006,296.70022285772677,174.02791497188534,39.4070908503912,211.95926101920242,0
テ,167.38016979170015,189.62244354745354,131.77815147746847,14.33631748136756,166.54452961715583,0
フ,160.15973197668916,162.82544263525708,156.84615033351218,1.7008770251549394,160.33420076477145,1
タ,260.485152736729,281.4296811774982,255.67007218295984,7.668152754821811,257.40084536615575,1
リ,288.36011853875175,307.2999678964752,260.74280338139135,18.397191130589288,297.2321740899636,0
ノ,268.91759960400947,295.77311789633376,241.7544541268835,13.592802558389174,271.54953089887135,0
ヒ,207.35614790500117,233.4650776158434,174.89098086871738,16.08076933509182,211.44705061759217,1
ト,0,0,0,0,0,1
カ,197.8719164252755,218.64628525618994,190.56919299283376,8.518001435713256,195.26493945363217,1
ゲ,185.318841913858,189.96796612649354,173.28837082207127,4.328433049022628,187.05885107072942,1
ガ,181.81699008391627,210.33974578387827,165.48598114975832,10.176126455387966,182.17501183295207,0
ミ,177.17600309793082,182.02723547248834,159.85523550524337,4.56028815033322,178.76933486804637,1
ワ,183.17379071262968,193.1383189732909,177.36398967019863,4.673916901122914,181.94225785897783,1
ケ,201.67524250075542,226.63831044576284,178.74508805868794,13.825540606711888,200.06276439823776,1
ラ,191.66424037122565,201.41548105109393,168.78034397825465,7.538186909615168,193.28021000061278,0
レ,170.48492624250085,186.61917969453924,142.07252960012627,11.303826041565395,171.49945643365027,0
