Mora,Mean,Max,Min,Std,Median,Accent
キ,235.16568252924898,260.76413664201647,176.126438180781,22.028175062978725,239.23373901978312,0
ン,276.24643710627845,284.57080582011616,261.8560434483974,7.643527879280496,279.0381747928434,1
ロ,281.19736580765385,290.77074512807343,261.50292673605236,6.968758798519899,281.1477847635781,1
オ,272.8877951859095,275.8885353297851,270.8116693196013,1.4995452324581307,272.77752250129697,1
ニ,258.03876431509565,267.6890365216333,252.6413194863907,4.749850446366336,256.0924464374941,1
ヨ,251.89405591228902,256.13847835422064,247.55404649423434,2.7772079003819594,252.42118386696245,1
ッ,224.6293028693378,246.24924748513163,204.04038024068564,14.9962626644848,224.11379187576694,1
テ,225.7965409381645,281.5401727799967,211.9113062375196,13.48871801458601,224.98182155651992,1
、,0.0,0,0,0.0,0.0,0
ニ,182.4073614529679,187.1733828793597,165.3631804533984,4.979702074326715,183.66342818812876,1
ッ,176.20456416420717,196.3915502092419,161.83345736704902,10.544100609110044,173.30891600006518,1
ポ,234.82667490587502,250.4770887202801,224.91254021350267,7.333476079988097,233.16240959699388,0
ン,196.9450034002586,222.89889940930843,170.00898066469392,17.26266614444191,197.24298938193868,0
ワ,156.65711465493015,185.0445453050339,136.01511237726032,11.251650322828329,156.46804123467834,1
、,0.0,0,0,0.0,0.0,0
イ,199.62695118467806,230.92143944619593,169.60839851155043,19.663008834352272,204.8285881604013,0
マ,291.1370334715441,318.66880352763184,237.39763050302903,23.30177954729683,299.6554683627129,0
ノ,237.88786452690758,288.80981761842247,188.44273215766194,31.381342741807302,236.39789845409058,1
ニ,167.30511163437512,186.00234962619055,157.04888050421016,8.632942850352556,166.07594755294744,1
ッ,132.65305948796183,160.0493136139009,112.00566806988891,14.372730326462028,134.85288952587706,0
ポ,245.4999391467063,262.8798785716651,204.63489872391918,10.683154314067139,246.4377671914209,0
ン,248.82513610615388,252.24873709657817,243.11927645381405,2.700559205156441,249.1220745336598,1
ニ,228.70232166765163,247.04996529065602,208.26674125483265,12.0535613592485,228.46303575525602,0
ナ,181.5836725138188,205.79111921407272,164.18689014230154,12.723433472360828,182.50468258612716,0
