Mora,Mean,Max,Min,Std,Median,Accent
ガ,214.67444323699584,247.6839829703137,196.96523336873443,15.332695762990728,211.27069622403033,0
イ,290.47273946114984,311.8785082745322,251.10550070567385,21.09452966211914,298.80510688924386,1
シュ,279.8896315654765,301.4685633560653,258.20724423209583,14.704273459864583,281.9764491387851,1
ツ,317.42999524620024,328.0333549872512,311.5779192766526,6.565752614601383,315.05435336044854,1
ス,303.36593570013383,325.2466982042338,270.935987301189,17.896431750370823,308.49911755641887,1
ル,295.20888972158787,323.39686350720507,266.7706889782289,18.215631638211505,303.19372813533334,1
ヨ,297.75682245757366,302.253115239609,293.49850618066984,2.5963969031076677,297.1006896057115,1
リ,272.96840288443957,294.534093778323,234.9251147545593,22.404072715582327,282.95515662120226,1
カ,193.0689610136428,261.94708246592546,178.02756397930565,23.616166040069526,185.82881151101168,0
ワ,156.6469144583536,175.1528499984885,136.16592509578106,10.184432095258794,158.43657389279485,0
、,0.0,0,0,0.0,0.0,0
ム,203.23690754431243,223.8318213064697,189.63856628671104,12.084281559837892,196.37465614216867,1
シ,264.2905046011938,295.5411130214659,231.5039142384772,21.531768353315506,260.44151094818653,0
ロ,193.97702887808686,258.4850257516847,135.07146541028524,30.794037525226912,203.97027831082747,0
イ,175.06365962916024,209.12861836060148,129.93625583575843,18.560254124512863,171.9919545954058,0
エ,242.01004272626952,273.6906546173235,214.51449411477972,18.485051012274663,240.3560927261309,1
ニ,272.31541118868785,319.03273555273194,199.76115203781617,39.37669301997166,285.9999888111986,0
イ,167.11637654012907,195.0372794534014,105.8283577384133,20.88488425092726,168.13414336138175,0
タ,155.04634714421726,175.96907999545965,140.7471804388205,8.815803398141497,154.79764462217224,1
イ,133.06981725034228,139.6859120441925,126.10171409611758,4.323188331324815,133.13538515634878,0
