Mora,Mean,Max,Min,Std,Median,Accent
ユ,238.0874684020779,289.6010715279111,192.447848954443,28.122364495214125,233.66397582692915,0
ウ,305.56384865858433,319.01162871725234,293.7614404275008,8.643764403909827,305.267117821069,1
シ,319.4478844775713,345.6749868841291,269.9321849265954,20.333421927661025,320.25894272934346,1
ブ,303.7777553026877,341.185601009093,255.12064431945254,33.23517620441922,315.56911439321317,1
ン,326.9893847888529,340.37548507472985,309.4648289732014,12.285218138450105,328.03928931926305,0
レ,287.2666211320453,313.6416126902928,245.9522032379206,21.00738837006995,290.91725507572187,0
ツ,237.09242042582937,241.37893687415308,233.17384624949773,3.359802987908747,236.7244781538373,0
コ,274.24247212745183,281.4747897362124,271.80479015457996,3.282247718863462,272.3755365492465,1
オ,277.5436282129759,286.7370414321156,271.934124749003,5.564894588851523,274.7164323117185,0
キ,227.4978767115148,282.1972365166487,195.24052037983094,24.49066425201887,221.872883827539,0
ニ,173.99048768570694,193.5110598019798,141.19675658652267,12.903216784063934,173.28583476119823,0
、,0.0,0,0,0.0,0.0,0
ボ,200.45797438442054,218.26406389405096,194.37806944234487,8.44112477533377,196.38645315126445,1
オ,211.8696832631103,232.14447574191468,197.2399511394606,10.800663791358058,210.72458909806863,1
ス,269.8183167836378,310.5422322253094,235.6083154281257,17.554596402136188,264.95878598956165,1
イ,271.278516597743,275.0114097637495,260.76493793424316,4.082920776970384,273.2357177683358,1
タ,252.87234241153226,292.35530351608685,242.95312986922417,13.097514930236693,247.9600690196744,1
イ,244.44267291535326,245.37518629646956,243.63213266363366,0.6203270675909854,244.44235876399944,1
ワ,240.66165304478082,245.777974742259,237.3684223745973,2.9758207605608953,238.96828706126786,0
ナ,213.75473384932846,235.7277169212716,196.00246795109803,12.668681410121266,214.34435438879945,1
ク,200.60977995839048,233.83273640020735,166.37584611748503,25.66086444041706,205.54225748442997,1
ナ,201.71617189197167,212.9758719116858,186.78959717840644,6.032165260969154,201.258784302714,1
