Mora,Mean,Max,Min,Std,Median,Accent
ヨ,193.82529153682307,207.12934672748221,177.1125551774036,5.777806855222394,192.86181604166367,0
ボ,224.16589092832396,288.29469269226666,189.30608769325235,34.610568813921674,208.11927225755392,1
オ,313.92789504457426,324.01693816749247,293.1168055700366,9.67480453702117,316.3868607292084,1
セ,322.7022478052645,346.93601475919957,278.64592781660195,20.487957050966394,328.62304031535416,1
ッ,312.7318139870175,326.5830249860571,293.55478153062285,11.708211138675281,314.80096047645867,0
シュ,234.39834601766432,276.3410701400773,220.91300532658576,17.884973700541465,226.02088137541594,0
ヲ,173.86106043973768,216.99673496294827,151.5323792314794,17.112175312565977,169.6838388318506,0
ウ,169.79895128048395,203.15917619962732,152.33912478677132,13.799088730137592,168.63877711402043,0
ケ,235.60041261638005,347.27003580941766,207.9322541404875,45.88851935849856,218.87803117400526,1
テ,259.1415002486161,288.8886605775638,242.90386901324447,17.59415094985522,249.85121309380688,0
イ,204.2867303852537,237.92604336376615,172.16752399449993,18.69680549217026,204.6850258742777,0
カ,186.3352733605347,196.6416439202439,178.64345408662547,6.647824500280378,184.1155570740371,0
ナ,171.36423146610124,180.5970403457405,151.02266455442762,5.6615394540384525,171.90107130881847,1
キャ,159.86059566330155,187.46631665265485,149.06492814898348,10.660142264125856,157.20644093205226,1
イ,152.46124917054655,156.35203283496563,145.34492692073752,2.548257758650241,153.00538274713372,0
ケ,158.45618733275933,168.44985998395782,134.80389374404834,9.558800928191063,160.425322507832,0
ナ,153.5091919436842,166.33054486691412,128.38652647124349,6.474404007349324,152.06663490691716,0
イ,153.63514950735066,193.68826499416528,142.17218946441156,15.957559358702152,146.15564634307128,1
