Mora,Mean,Max,Min,Std,Median,Accent
セ,240.01314483188176,254.68874726305935,220.28540014713843,11.698147967628799,241.97750947190585,0
キ,201.8669864490905,211.55067870979656,195.28514935784122,5.1375743596249945,201.12178594235812,1
タ,328.7129495143145,348.92598508730924,307.59338170802727,11.713493281907777,328.9396799970672,0
ン,270.1350973102838,304.96720385018136,232.7683669571242,22.59472441157515,271.1675120287799,0
ワ,176.44075107481035,228.18762641753796,105.65987721844209,34.11979296968637,178.06176223302947,0
、,0.0,0,0,0.0,0.0,0
ダ,215.9827009075726,258.5972641957443,190.3821938808285,20.659645826789713,210.32542101903832,1
イ,281.79735069541056,294.87348499833104,267.414605775146,9.432588148184491,282.06275805002167,1
ブ,304.89183163799726,341.4086294027248,259.8389883868011,31.08440854019932,306.4589584176671,0
ブ,271.5474558903951,331.8610967160688,253.01867415182662,23.557317750049585,259.62991337896995,0
ン,223.89331809759815,250.31152262812765,199.5363045800574,14.196446481851899,221.50192878748436,0
ガ,169.98746486909278,196.31071778606392,157.72520253918648,11.300992048594683,167.95548515115456,1
タ,249.48693610832802,301.557724542403,202.54701958125946,32.86653749025512,249.83986706544644,0
ン,336.0516453079634,349.17221730145616,308.3574423137759,13.070012172885711,341.26933672087614,0
ソ,309.10303785430017,343.21640376535214,253.47729556502256,28.590336214410538,316.3732347821075,0
カ,187.06516434128872,195.18479428174132,178.67325793323093,5.523431936277742,186.74374686816304,0
ラ,167.17868922074584,176.45448447337398,160.62047779201598,3.9887433772451377,166.11570491804957,1
ナ,169.52503496388206,186.46100064031097,156.07259898670497,7.828515337944346,169.8781584449544,0
ッ,179.80705863103896,183.18018914195665,176.43392812012127,3.37313051091769,179.80705863103896,0
テ,175.89682154879148,177.4723265544903,173.79298890791162,1.4015388026281022,176.16098536638202,0
イ,151.89950160185523,169.26693529811672,129.33085403472538,6.984335490476218,150.2426788165148,0
