Mora,Mean,Max,Min,Std,Median,Accent
キョ,312.4935564261274,328.9917850681553,295.775363118048,10.798891330731182,314.8337797416372,0
オ,340.45423352158866,344.06508532175184,332.4338226650588,4.0297896068039245,342.2418459865646,1
ブ,302.68153614200014,342.61379142156403,279.3835378579982,18.306203657324932,297.62628662054874,0
ノ,217.77660705113402,276.50680982774907,174.32797249391794,30.46448862843695,218.4734717001916,0
レ,166.37432091384926,177.84347543827698,150.19751315619166,5.805861610042266,165.78340263243211,0
ン,185.941076434875,193.37711638306334,177.44781175496465,5.026295793552471,187.42430299841214,0
ト,217.59989054030956,245.2007717755961,190.18960170164388,11.880010601202011,218.5958647670085,1
ゲ,231.93156091934736,234.96273271081657,224.137537210781,2.7753696029126957,233.14938753380795,1
ン,230.63375400623457,231.7890096902385,229.17804142231657,0.8710677804541009,230.56791905569352,1
ヲ,228.09724146396692,230.2046549249857,219.41991913449627,2.1192420311822806,228.56721162608795,1
ト,232.3935564667028,255.75490127090492,185.19450385029975,23.028061742225155,247.41333931949026,1
ッ,225.837072701139,235.31291824185848,220.1470423865801,6.0641642072987905,222.70881855862805,1
テ,243.05055652128672,265.1635527418847,228.43141766720828,11.231332609804696,241.96265145613853,0
ク,192.56695463083926,228.9680911255991,156.83252769213325,21.469186412951526,195.05878907053238,0
ダ,161.72241752491405,171.69934495495798,148.1057407950213,5.342499407583135,161.71896265320984,0
サ,167.15919443206553,200.38890774764923,153.02543989338815,8.623126807186615,165.85803281662317,1
イ,142.4892070160102,150.79621080044748,134.00517681012713,5.724774853466229,142.5544005099316,1
