Mora,Mean,Max,Min,Std,Median,Accent
ホ,225.62089189883048,237.78687612266518,189.23213618763015,17.114914346667156,234.52481363672484,0
ロ,260.40414158313394,287.1574388002968,230.0021811747515,19.256178822825525,250.32992919644954,1
ビ,293.6226064329689,327.9175982038062,252.63989231936975,29.067451545739623,289.5878778811252,1
ニ,291.0416427123378,320.9185851104812,246.1439918037365,24.050289440207727,297.87769208802433,0
イ,221.88025228643284,242.59423885528477,176.07339018589659,14.775105976447726,223.5811027737024,0
タ,190.54480930467852,211.89458254031453,160.85548719866472,15.014965251041865,196.25428067902186,1
ル,175.75806632672212,193.08419676782586,157.26349882794707,9.729110053059673,173.2265426564495,0
モ,167.08087311668558,183.3468062526993,159.8604561806119,6.261106999003155,165.58328293804243,1
ン,198.65611065214094,206.68829511615095,185.4489186786971,6.215278152447412,200.03099266884868,0
ワ,177.62774257610377,195.0072393888645,162.8057399509658,10.337883361313828,177.88598825795526,0
オ,163.2950658611014,169.5473749819774,160.5525337739244,2.6070499819345954,162.18708503506235,1
オ,177.17371528868443,185.80924044065023,170.62035854146325,4.515641830066067,176.4549619146053,0
キ,184.97145824353277,190.15984333735142,176.91344310312434,4.950690911075007,186.40627326682767,0
ク,143.7345007287416,174.39639744147505,118.24636916808788,15.509546010618857,142.51015283468823,0
、,0.0,0,0,0.0,0.0,0
ソ,176.73867140371073,185.1356590167266,170.35794592992542,5.639860697451573,175.7305403340954,1
ノ,175.7231642358124,183.9767433932369,164.8915421326927,5.903841508455781,175.38132038883023,1
ミ,193.90989170257544,209.13810310935304,182.54368931317157,6.157552450907264,194.16738359770403,1
チ,191.2234102998679,212.73729139164215,176.10447568801763,13.995710361560379,184.55902643462298,1
ワ,195.95578854207068,205.77866446711258,192.62653956664852,3.448726288265189,194.58345830592324,0
ヒ,177.94084716926656,197.55355019980007,133.86569358434826,15.616462195133638,184.78424788616402,1
ロ,179.32036441821086,187.76962092643006,161.96112055078697,6.86420678867702,182.7567904807755,0
