Mora,Mean,Max,Min,Std,Median,Accent
ミ,194.8733769080942,210.9890451072898,182.44796349773716,6.277038358190359,194.23129395027675,0
ニ,233.60978867534595,274.6442675660941,200.71550612195847,24.328335261757765,228.57761176375612,1
ク,308.2274910244643,366.1729321508766,228.91081010479664,54.86751557160894,342.46480794912526,1
イ,282.36655634826343,329.05705368602406,239.81055639521864,28.389875735070845,280.93923597644846,0
ア,203.63223202402833,232.2845607299292,180.2541543638387,15.516782792443893,204.58859571068228,0
ヒ,177.1443793891111,201.53362308061355,164.92557639695613,8.61907700190366,177.44974524223386,1
ル,194.7059548196667,202.7990248384001,186.05816586074798,5.264002660680152,193.92049676999682,1
ノ,189.16581617497238,197.61719895908314,164.27309166615254,8.048163097011482,190.58925881704545,1
コ,181.91711694344934,211.17828367514744,167.32179100479743,13.851978019850328,181.36185904564493,1
ワ,170.8833100638115,179.10349280152047,151.15397288863124,6.776627748499036,172.32949120259207,1
、,0.0,0,0,0.0,0.0,1
ユ,172.17998048135382,282.60348510055366,78.30475707006443,80.5513065554263,203.40358414727405,0
ウ,288.85973405313354,291.21990802326894,283.94962599068396,2.6420129465158677,289.72783807654207,0
ガ,244.4225931630527,283.08391798702553,210.19342203238293,20.290605297679054,243.14392163717955,0
ナ,184.91711419577325,206.64164057641423,168.43513371544458,11.68662898143227,184.61161538542248,0
ハ,163.29038010699097,184.81166926856702,145.56221941839237,11.533853217371341,163.21276547055555,1
ク,147.43634895146903,148.7859451184151,145.70072092483434,1.285867919020245,148.05052738467603,1
チョ,220.7653565610831,242.84028964520607,204.52420536854956,14.067592716339739,217.52839737892464,1
オ,198.13418167133787,202.7981938516992,192.95776028328046,3.23173737624271,198.00528200360088,1
ト,203.30108366129335,212.36309799083153,193.16983924375893,6.094464232353381,202.06998484072767,1
ナ,199.8828783781864,208.26046703532575,188.70379547678422,3.9656640295328365,199.13508874667303,1
ッ,202.32276754586937,202.93707720541227,201.51226612637868,0.5979911135001689,202.51895930581708,0
タ,149.6712604161948,171.17613211301378,130.4039926624406,10.81758971025957,149.05395596255596,0
