Mora,Mean,Max,Min,Std,Median,Accent
イ,235.91810639256957,240.95135896128045,221.83811736992155,5.698956272986344,237.94279106057942,1
マ,195.82905966952222,240.4530699452433,146.22310257804975,26.989003543779685,191.82985536408734,0
、,0.0,0,0,0.0,0.0,0
ヒ,0,0,0,0,0,1
ト,310.32356030064784,321.11502248089636,293.07995073244,8.720225653386636,313.09809766361496,0
リ,321.33714444416694,345.7800217210022,278.49888168742245,21.138694486730916,328.1121814118838,0
ノ,224.92717470337766,295.2694327804058,172.43993726342651,34.88366607436503,228.5161368654217,0
オ,167.07824550185447,182.71902591276748,158.36027889748075,6.94910195562703,165.4191443296645,1
ン,197.64860333462252,219.28231162336542,184.69859047485875,11.665892329884624,192.57787408766558,1
ナ,247.6768107344132,272.77205589067376,221.33287661729048,17.563371948874074,245.51793027047148,1
ノ,275.42311146090503,289.19528204518133,261.13130637914753,7.533814277465453,274.8539425019543,1
ヒ,255.06093596129207,284.8958638521562,222.55270555610974,20.971928959511093,255.96997039364362,0
ト,249.46841069592264,273.0056337840989,216.7525782953567,19.0257444929202,253.50690807857478,0
ガ,172.75784012701916,209.31097824969,137.34498664810096,16.86561956625077,174.54440982423475,1
ハ,153.2381352410305,283.4732555499859,70.56089115967184,76.48829532456051,133.8726837858401,0
イ,310.91555570429,330.01197145545757,281.6692748068403,16.07545975278868,311.3726297344671,0
ッ,0,0,0,0,0,0
テ,245.59615609537778,266.9830964344881,229.62555432806465,13.201840496202188,241.81349080734674,0
イ,187.4757291216184,223.8178754492466,159.46368612920134,18.212356666493285,180.13219564412748,1
キ,178.1396402222492,193.3217584430379,159.71080884469757,12.778647982375547,181.3813552611572,1
マ,172.71319747810614,185.30851269818268,164.7984484256124,4.927332821484886,172.89059425215493,0
シ,168.62960548921947,178.8219511336897,146.7346372587798,8.171600828485744,171.25093917759867,0
タ,143.02313851569644,171.3256859560927,126.90862138792409,13.322149377687476,140.20538728783345,0
ヨ,163.1531115954858,225.27316318389126,126.8927048031192,30.763503662279746,153.27806616091706,0
