Mora,Mean,Max,Min,Std,Median,Accent
セ,263.7402563460338,270.2104428356301,241.5292859453133,7.521845117020619,267.58807792955685,0
エ,281.9463904237376,289.8671051865873,272.7700887579023,5.404582589074797,282.49586121433566,1
コ,277.9812432345397,307.58985776441847,234.92005768997248,26.34059033840344,285.9462959685345,1
オ,302.8785094571663,306.0678868500777,299.1739857736267,1.6810083360130899,302.64965562017403,1
シ,279.08088157987095,297.10445983388786,259.6630400304963,13.422275206007873,281.8502053913564,1
テ,319.29480995015564,324.808008335978,315.4562572722015,3.9972607849936668,317.6201642422874,1
モ,278.75039760498527,312.90843250559107,242.95287256192807,23.02191458035979,278.616115342037,0
シ,224.58324901556097,241.99963334824574,200.30449870694284,12.528938039064265,228.76513990116305,0
ナ,205.89357370897415,210.06700382762224,201.76441720154642,2.6303781261032677,205.40040986075297,1
ク,188.6845438539497,202.17773456607057,179.6355847174202,9.724557425160434,184.24031227835837,0
テ,205.2638452074576,210.85949891776872,194.68348778190847,7.485598947908764,210.24854892269556,0
モ,159.22963257938068,188.50151378788956,135.31078240805772,14.948001533168979,158.5675787764053,0
、,0.0,0,0,0.0,0.0,1
ベ,197.32642556197266,241.29855262473532,169.75727119398294,21.955143554680852,191.92967933342857,0
ス,234.70366885914544,243.73071742683604,222.2395157296551,6.8885172064326445,234.15531614065853,0
ト,239.281653294232,273.2902080719393,214.6796387351852,20.060389532051733,235.2788563082399,0
ヲ,177.6567048368381,209.04961472221865,159.79333863168452,16.210713457267133,174.1128002366662,0
ツ,149.3173121538323,159.12998409236178,134.62406857485823,10.583003936844188,154.1978837942769,1
ク,201.70529971395214,219.7901136746322,190.69758315178544,12.888180987419597,194.6282023154388,0
