Mora,Mean,Max,Min,Std,Median,Accent
オ,192.11980057215493,206.52120762611926,182.1761861269765,9.44604115433545,189.80631510890814,0
リ,212.75592680453212,248.9413707352667,189.8209780341251,21.489593405475695,201.70649287808743,1
ノ,273.65498080100406,300.80659938230804,243.89917356937454,17.98573371809767,271.61175817404023,1
ナ,319.854698572485,333.40578330669354,297.67073400808044,13.303037914826467,326.23902200511714,1
カ,289.52051512028737,304.9671001889142,272.21816144758225,10.22223405232604,289.2796894180642,0
ノ,214.94892918690397,269.8457387163317,176.23256128425507,28.821483253053735,215.5380684123786,0
ド,171.55819488689798,188.4184500800873,150.68709068736646,9.763213468574719,175.8005172084259,0
オ,176.3741405482176,178.3095656808085,173.20614363420248,1.8759679959358024,176.84346288015064,1
ブ,164.0459539425016,183.47765932440763,146.20212281787587,10.235348543759876,163.27096053727357,1
ツ,164.4989317485242,195.31732547767083,122.79697270004819,19.36488925682305,163.91009533858318,1
ヲ,174.33997330832534,198.58170083311026,164.65671444993592,5.810253944952283,173.69474000370585,1
、,0.0,0,0,0.0,0.0,0
ジ,173.0704902640588,175.64723987812405,164.17931481309094,2.8636603482157104,174.01681600492202,1
ユ,221.2320815938204,299.29120652116,173.78840088144543,42.56863320363443,209.9359975018228,0
ウ,304.96800104687935,307.1066625494982,302.2815088085648,1.7614556398595573,305.09193565158733,0
ニ,280.1575326432714,297.7705746429317,250.43315912961685,15.556965784351611,285.58051229097816,0
シ,214.48765027410985,246.13811118513195,178.56659817110273,24.083799728839633,217.9498703615855,1
テ,206.95150545891272,211.71785656726618,202.18515435055926,4.7663511083534615,206.95150545891272,1
ヤ,179.70135191186552,207.83361135104008,171.60053290379904,10.678118291649437,174.0385627423215,1
ル,172.77689938160097,189.37272114150684,151.97571123882764,9.810299100759533,174.4435758849728,1
ベ,179.81740708903382,201.80759438007252,163.03124075929236,13.852793684051575,177.56906391628056,0
キ,176.89898691134175,192.6171220021783,162.0040136280329,9.507832738670562,176.94730736728997,0
