Mora,Mean,Max,Min,Std,Median,Accent
メ,255.33250274390295,338.5302626027989,163.80383468939786,46.32192853806041,252.92153359092936,1
ン,336.02926333235087,354.9493918681118,301.92655380966534,13.862596863508003,339.3768788970077,0
バ,256.82015666221565,292.5869641824001,235.42578573144553,16.215936970634306,252.8040174147436,0
ア,217.3820199208667,232.9172599629616,204.20553824623872,8.731060366558525,216.9385748076518,0
ノ,192.33997672613242,202.72194259961495,177.29496537281702,8.362858791924465,194.65429229781222,0
ダ,177.23729672509842,203.75979579902486,150.36506657818677,18.17781749608428,173.82183787310535,0
レ,261.94703118616474,298.5913501842933,207.4066235877293,31.974013187395787,274.09858792634935,1
カ,219.47840950478903,260.2259057403084,188.75931856384747,24.480589157164058,212.5467639319651,0
ガ,171.09693894565737,187.32346530353155,154.9168592118436,9.806638314623271,172.52305258090885,0
、,0.0,0,0,0.0,0.0,0
キ,189.47807463122967,214.86213801671033,142.91737508578802,23.48413732022394,200.36845382327454,1
ミ,198.54712049569352,205.93178017606655,190.6658926476951,3.5659231929457507,197.72881672015097,1
ニ,198.04908860139298,200.7701603830444,195.17590087050647,1.5596897637685694,198.0788171513177,0
サ,188.17955364146175,212.25270723568806,179.83723348298804,8.161542490411975,185.57370732491023,1
ン,190.3653642788832,196.5570600605471,185.99623533826502,2.934040009642559,190.32723002304743,1
セ,211.47735661630745,235.95880828808004,170.94466084119964,20.788584822576986,220.4929431937298,1
エ,219.39076263471705,220.26754977105125,218.6109167926636,0.5704348034543921,219.37257563274378,1
シ,214.70406245694676,226.10315606753113,193.29778222021798,12.341833044913418,220.58771778460306,1
テ,228.92527749425395,243.98470370446523,220.00097279763872,7.421093409720845,227.8516093167745,0
イ,214.6014052798113,220.2857330293724,212.12205341844316,2.246583395954101,214.17994279962517,1
マ,219.52401706983332,231.6029188184852,212.22745694181873,4.014692440993993,219.57698276180543,0
ス,218.47758324310325,221.92139030086233,215.91011803112997,1.809325884617094,218.28990682180344,0
カ,200.1723666567829,259.13267858534607,168.379415717202,31.295689727820047,184.41986105857262,0
