Mora,Mean,Max,Min,Std,Median,Accent
カ,289.172806958848,317.4165298540776,210.2220817111391,29.43778837427648,295.4349467317697,1
シ,321.43375021540265,333.60556473160943,280.2272899074877,14.147767480518306,325.9424862085872,0
ノ,259.56276333383215,314.73401053527374,205.27930135929358,31.801896656209056,260.06777575157184,0
タ,199.12387716352097,222.3891562877969,184.74961472986075,10.99242086469012,195.26733362367733,0
イ,193.92769418868252,196.8663250436598,191.26441142824467,2.0066843761083315,193.39262443277246,1
ジュ,182.4826071419636,201.07999961132347,175.42304129781095,7.750936422658871,179.55924921874876,1
モ,157.68453374908535,172.15937489095222,142.60099076472824,6.347848899183173,158.05540510085973,1
、,0.0,0,0,0.0,0.0,0
チ,287.35763596326,303.2384910672527,250.73618958083728,13.90750257868557,290.1029451749087,1
イ,308.9219804492299,312.63681351433604,304.43776998374176,2.8039616932633504,309.509763651468,0
サ,275.9216882149143,299.9487367131789,242.0660341612488,15.820040150859368,276.54832039110187,0
ナ,204.63166561070318,246.92554990283676,182.4416921422807,18.40702789327804,200.09430188384107,0
ド,171.60107242830077,194.49943844573582,152.58490350491985,10.20605917579846,176.69354332633696,1
ン,188.69238424381456,193.08729144601185,179.2107552702181,4.176337556502879,190.5595580065538,0
グ,187.14364029278605,190.57484631426755,182.3688221673519,2.300373285305654,188.04428492701317,0
リ,174.01314877952967,182.82246548686544,158.05904447002897,6.455828299625072,175.7397815529852,0
カ,166.57393627325243,188.1670823696831,152.40731345724785,13.567443750731531,161.8560660684404,0
ラ,150.30623196190547,158.72288071551347,143.56228885059173,3.6657813050040366,149.9965146911402,0
ソ,165.6737689729671,181.19982054548743,142.39957875156082,13.847636074727983,169.73994226806514,0
ダ,178.14250468538347,208.02091916628518,152.3609983732117,17.987355701118595,181.03423111788754,1
ツ,171.6583128445662,210.44798159145785,151.9051151281937,16.755495163490618,165.0858318057146,0
