Mora,Mean,Max,Min,Std,Median,Accent
ド,187.57628042378556,189.45663132555683,185.22736626900013,1.1006930605499408,187.5918740803395,0
ダ,222.20800246082405,271.48203224452305,164.71327076199333,37.518251130838465,234.8217359822908,1
イ,273.47624291129284,274.4366366425317,271.7972800718905,0.8234060565883742,273.7343535217506,1
ワ,266.20425155021314,281.27954549880025,200.4712787064942,15.990983517873756,270.8522749955981,1
コ,252.03307660195568,257.10009850422097,244.23623367441914,4.223174380136571,252.92642356529163,0
ン,271.32435410836365,284.8649844709726,255.13058465957081,10.584950855634343,270.2859147854117,1
ク,286.22590575111667,323.7519462283684,244.48962937660713,25.41085410862248,282.57812389370724,1
リ,293.06489786497144,308.24671039114935,270.29557603860343,14.08808039242728,299.8099580549531,1
イ,304.4985509037761,308.543925372999,298.48484357094014,2.4048921898876072,304.20673436354906,0
ト,224.11544986460623,255.18504824859917,191.17922360866962,21.252644475732136,222.5268716966914,0
デ,168.2104504789572,194.36579480273417,149.0687177362714,11.454072452035446,165.58095556792276,0
カ,156.97221061361293,170.82717157073856,133.70119515819243,9.789613653699025,157.93242107774444,0
タ,168.9902876000225,181.9902740100559,142.35852636963193,12.24773698907818,173.32980364856948,1
メ,187.9487860933053,204.37213935053018,166.7565193188815,8.743257334900735,190.50694055162433,1
ラ,184.95068704787778,191.5561445051413,174.95922329691203,4.412816356586069,185.0319860469532,1
レ,180.4978576511706,189.16120950220915,162.72818820041698,5.69812286950945,182.57496997725625,1
テ,174.3229333112185,215.03512744056044,135.13417098242383,15.137104199788336,179.88848525971696,1
イ,176.94143992856215,179.7833557706122,169.5220464271287,2.539970185872594,177.62305607129207,1
ル,168.89739794488028,184.12168958767197,153.10823532867332,6.870197270201975,170.41240253175778,1
