Mora,Mean,Max,Min,Std,Median,Accent
ノ,189.63072854382824,196.75146097473186,178.9339252221682,5.524360542456911,191.65566820160058,0
チ,212.96509038120968,270.7340503458162,154.71821400145305,40.843270067342914,196.10127098425738,1
ニ,218.88855317597418,263.4366993635336,143.76778342084722,36.209449654278636,223.591412972073,0
、,0.0,0,0,0.0,0.0,1
ア,216.85991408315948,239.61508644369954,190.83889352887138,17.200567723134842,217.85997876603332,0
ニ,294.12580305899917,328.29026474407885,245.69588064021363,27.333626986503717,299.600842996535,0
キ,200.47998384554228,249.56070375786865,147.30973551052725,38.15623859188634,206.9766718407763,0
ト,199.32058027669018,215.63079062363477,186.61378713922363,10.345720517689328,195.8184909923575,1
ブ,189.9203403521377,226.40870008158842,171.11374641183065,18.76669852600979,179.04108297234492,0
ッ,202.42199707469263,212.61758790899376,196.84635298410925,4.89296841981527,202.5804754688109,0
カ,194.24610916043105,226.4858462358434,181.9258264321668,12.602470647524589,192.236814372578,0
ガ,156.4303402924636,180.11203948053446,126.36380643445106,14.408990110117616,160.16127537155654,0
、,0.0,0,0,0.0,0.0,1
イ,157.75360117072603,173.61917465840622,135.39959586541943,13.83544440974271,160.4856892965865,1
ド,192.74030276725216,240.11864937955636,144.97111435298632,30.559988279193735,202.95956317607704,1
オ,269.8037325602082,282.17215954509163,246.2838863939822,10.980994513908213,273.9885683800287,1
デ,271.08380315245887,291.9241770152001,243.6385259409286,18.913316046482713,278.8300322773829,0
キ,272.5822454540369,310.20972065537467,215.1995033319897,34.43601280953109,287.4504252470126,1
ル,258.7229582273956,298.49247433327656,236.23683614464522,19.52673611923137,255.25651506421266,0
ハ,191.13957654069756,230.11546775084457,157.12453748503094,18.585209145491163,194.15383740876644,0
ン,183.70342281100505,188.48366876986603,178.52752955664678,3.232168358561653,184.0439376110944,0
イ,167.71453899244304,177.2766788341595,158.47036971669382,6.211391014075826,167.7912817187323,0
ヲ,155.15761659550347,157.95404839067092,152.9214115165764,1.7768488548661152,154.75029976682515,1
ヒ,146.82097149147273,151.24825435108093,135.57937942902907,4.509617040234199,148.43121948518032,1
ロ,174.72165603173147,192.45060884042374,156.8435575621053,7.208944596831847,174.37414969107422,1
