Mora,Mean,Max,Min,Std,Median,Accent
バ,197.35152577002782,219.7762974084785,188.43279999338327,6.36182683256107,195.81186556503079,0
カ,214.18582464146047,262.6319238474039,159.12567388728206,43.69925994097665,215.10559392528495,1
バ,274.8646972767071,337.2070155146883,231.53518755381677,32.303030432125134,268.9224532111112,1
カ,307.72600094142797,338.04772292591394,250.18130083775452,30.45486400202024,324.2645398900321,1
シ,321.47052782194044,354.0954919371383,280.1367611869616,20.857748841254843,325.4755681083392,1
イ,318.3132100848111,344.0562828230381,266.00694839399154,19.23599528257104,325.0406701575878,0
ト,226.75077697078973,232.6283574117842,220.55370135668224,4.181148094632787,226.41155660009807,0
シ,200.125910168425,221.65408182651706,172.5501194883275,18.399120163561065,200.98030636652737,0
カ,172.07187859089274,184.94588169861467,162.38316818294442,6.7863515819813856,171.69292919235278,0
イ,157.86383406939663,164.7025990423506,153.13258526996572,3.4402740072405127,157.5947823954004,0
イ,169.49542170350617,173.55793594875246,165.27675741500596,3.229717012571006,169.31622486484122,1
ヨ,222.76949440242382,248.53743775638623,175.71283356424843,24.481472229564634,231.68212748462474,1
オ,241.4001993936028,243.3728115285397,239.35116381111618,1.5501493213496955,241.33670224978692,1
ガ,230.3308494701113,240.09979865974165,214.0025353350796,5.641674578570933,231.18821496739838,1
ナ,216.4884538252552,237.35510384107874,185.77346592876086,11.552794477107735,218.82309968354357,1
イ,155.0804564139087,179.3534655186439,130.55710861118703,14.432159179459457,150.85584850452477,0
