Mora,Mean,Max,Min,Std,Median,Accent
ソ,228.0666600205919,234.6874775573585,221.6079766426208,5.340914507132174,227.90452586179643,0
ノ,251.59974604676037,287.52243812663295,207.57353874741378,25.695187772382834,249.40108073750025,1
ボ,266.6057077690581,296.05246434923276,234.7700859664912,24.34303972027365,268.6894540608065,1
オ,283.71511767016835,294.59699345811805,228.97931143429392,16.920250759864878,287.89306951347515,0
ト,207.32642076604273,250.1787488118844,183.06660055998796,19.938765730593524,202.5396181185513,0
ワ,168.1904387657838,180.21006388911516,152.3233289774955,8.390939738972683,168.77381726596238,0
、,0.0,0,0,0.0,0.0,0
ハ,182.4939259432169,199.80929848397508,156.57688966801194,12.750100932025237,186.91970565008208,1
ト,210.48333023265317,270.1204290076496,159.43880289009806,45.97750495064219,183.599848600729,1
バ,271.8701156558648,304.54989352526354,220.59922904002934,26.06902465763548,282.64486816537504,1
ニ,290.10455780432034,298.78289365671037,265.1804738186013,7.0758762827695065,289.2600878312495,0
ツ,221.09841843712022,248.62525655159752,171.07698652595252,21.3619854770551,227.37282311588297,1
ナ,237.67729985778305,253.9264174677964,225.79171871224077,8.875312020169458,239.72306144077066,1
ガ,260.39339819764086,267.9800215882898,251.18878293191935,5.1090723814071355,260.1102361467902,1
レ,250.64168243719695,262.66432892756126,210.94015167146404,13.021740567192044,253.78963916649897,1
テ,232.12711851029837,246.6444279209542,199.13564517374297,16.977516477544565,241.77205459246088,1
イ,230.69506837159466,240.0114508727993,215.89879802185976,7.19501069084726,232.01530848566267,1
