Mora,Mean,Max,Min,Std,Median,Accent
ケ,290.88647118850326,302.9992710806041,276.37061492822534,7.533198677616545,291.29436248780905,1
エ,328.60837006562457,344.4898291380901,306.0404171542724,12.75589877961677,330.2094729816454,0
コ,313.3290326517562,360.113437865466,275.4240149361558,21.31543930041856,312.09691375759166,0
チャ,223.9609543227523,288.56100678235754,190.45896352275568,30.85353433618712,215.7674680181086,0
ン,184.39111546325498,192.78198001218857,161.1731216668837,8.622746443223706,187.73267353362195,0
ッ,160.02947089701163,161.09802961965454,158.96091217436873,1.068558722642905,160.02947089701163,0
テ,190.46627460147576,210.9823615822223,173.44683654835458,15.52200212997291,186.96962567385035,0
ニ,158.1075319619957,167.78105804874085,154.71731356159833,2.422239461959049,157.748957457428,0
ク,176.66666030763088,243.37938908820811,128.90291793519648,43.31544574264085,155.03774555381858,0
ラ,213.938915501603,225.22661659819738,177.5433737418227,9.935788993372823,216.81309018077084,1
シ,232.76564223705037,253.45411948854886,207.22782089345736,8.9185146289516,232.946848063024,1
イ,193.8826103278584,222.89281314503188,163.08845820812112,19.294602551210083,195.0796166497353,1
