Mora,Mean,Max,Min,Std,Median,Accent
ハ,216.76723416587558,238.01669828843097,155.32144887358902,26.757580237078173,231.30689851753377,0
シ,263.49148512912024,305.15344999289584,208.91677834333865,32.8781899670881,243.60838116535896,1
デ,271.81859543344314,304.80556164289817,247.47957807549216,18.130832634620113,264.2102766030562,0
ソ,227.9804072375395,253.76281298787356,200.4999964545653,17.476366834828717,233.47933609065743,0
ノ,201.05292748779127,215.16734659223906,181.57247387149224,8.377477593404508,198.7085070685964,1
シ,237.3621755597502,317.398607325453,196.59482780002517,32.681589293382125,225.44154141161542,1
マ,254.69557345908416,287.7636483123575,219.53265082284497,12.937461012155948,257.63547147110285,1
エ,199.65284521136326,213.76423306789638,186.13707204291248,9.426733075225195,199.3459570515122,0
ワ,150.76955096159597,178.31094901556125,138.32986802641116,10.279557045529383,146.86665305865833,0
タ,188.62480719203302,206.58748985951155,137.84391713912834,21.583530650890186,199.4434784284735,1
レ,225.13123917418608,241.4621257607443,183.3340390437831,16.587034189109023,236.82013088888323,1
ル,230.66048319125184,249.32734479658257,215.7772203843179,10.930759262890566,226.3867523767594,1
ヨ,258.14709973862114,266.6303844346296,247.14654926796595,6.24284411647574,259.5706076069358,1
オ,255.95868570736152,260.33843859202904,251.78386894223834,2.270966612996238,255.64145583570004,0
ニ,206.66576028564222,252.52144119838658,167.6886436523181,28.003228740421168,207.75436680160018,0
ナ,173.89674114448002,188.4292931667041,155.4452528132109,8.798484944711971,177.08941069622847,1
ッ,159.7328864216205,182.36333286477196,144.6128003548051,14.822359658098051,155.97770623345244,0
テ,192.7031960527591,202.5241152524371,186.1507595240898,6.050639864567094,191.06895471725474,0
イ,160.85067677475644,181.59207374807963,148.0857704447814,9.02511812185958,158.27237088967712,0
ル,148.68258705689942,235.50251537793787,122.67378560240431,22.972433812413975,141.52566333943366,0
