Mora,Mean,Max,Min,Std,Median,Accent
カ,218.9408405853478,241.04047107275431,205.92106399601428,11.796861329308397,216.8323465752186,0
ワ,213.36493859775595,225.2649606878306,204.7055158122968,6.050845546202884,214.39219151932946,1
ゾ,207.97149028455448,225.286560341933,198.4530076054021,6.239422457455698,206.0560956254464,1
イ,194.92549733428768,201.55127410069093,186.49356844910514,4.659945577583872,194.98632194378536,1
、,0.0,0,0,0.0,0.0,0
ヤ,185.511355488307,188.66458340110609,182.27325725948992,1.9906604923436935,185.33305344395455,1
マ,218.92328433323317,255.81862540887764,183.01030036202914,22.852021369081672,219.61586442635962,1
ハ,280.77608127232537,317.14215462756806,257.44937230525943,15.977917997347033,278.85106320088914,1
ダ,287.06838801066823,321.82658094619757,243.8611466800358,29.927098790746548,304.35372482079475,1
ナ,305.6011115066275,322.38237793869865,296.92795180570295,5.269215079957029,304.28486590209434,0
ド,246.45486725612537,305.15406921755005,181.27494293271874,32.76168715751048,244.63100779794297,0
カ,182.74594010261598,205.24100163458246,170.31255850295378,8.868069232370337,182.3208429753197,0
ラ,153.35016762485287,170.8865494454405,98.17626009466753,19.238963944960748,158.95210547027426,0
、,0.0,0,0,0.0,0.0,1
オ,194.10519459421022,213.77071577558544,174.83115663602524,11.678367713289129,194.57712358220493,1
ン,229.21696371335992,239.10175553904853,219.03334271770106,7.206157000875337,228.5182245080216,1
セ,254.39438660200108,298.5007149982875,200.79397575738608,30.115217527320468,265.0745544735825,1
ン,256.1805633580711,260.90676865790374,252.44810179730035,2.1853380376299083,255.42107734375503,0
ガ,252.84077314563675,261.5330782736456,239.96001376783454,5.242309510695282,254.3172723696008,1
ユ,201.29619823209137,236.27495830774052,184.38154921838478,16.843673733200305,193.2160476224555,1
ウ,208.68122687273785,232.98723938347158,191.54390943241367,13.582667832847383,206.24275684764834,1
シュ,239.47624658888964,249.78396015059204,219.5972577309587,9.356586169482078,242.9939568430749,1
ツ,272.31913361581803,331.26426674252514,241.04187423953186,35.759279692965094,250.49615262828624,1
シ,219.83500625032053,239.1329060756776,182.33461578973927,18.891156634290038,227.22836154386243,1
テ,225.84499059248532,235.4777498495147,215.31385484893684,6.985598551442443,225.99299411777113,1
イ,207.2949904814863,213.38028016905764,202.55740895680702,3.8275760934621372,205.62752436139073,1
