Mora,Mean,Max,Min,Std,Median,Accent
オ,192.2811186389958,220.92794532719464,139.52599548122114,27.377828794896953,200.07537693618048,0
ン,252.14473805026628,269.8519562789022,227.29221338771097,13.838237563006773,254.1495957467443,1
ナ,291.82240743662845,310.8179568336465,272.7411440371252,10.933050640779854,289.1370351573838,1
ノ,289.0493870632766,304.9143182159439,243.60930330352963,11.989244079079004,289.74209274121523,0
コ,212.46143696604818,253.82743621721892,181.74046796672224,22.509399018568303,213.57677974089668,0
ワ,145.33667134503287,184.87121768296316,80.89770413451572,30.369616911416085,156.95184413873045,0
、,0.0,0,0,0.0,0.0,1
イ,286.3821042749875,331.4960277561255,199.53289785960703,34.484762126277595,290.8712900369492,0
イ,323.67005840283275,333.80961421610243,302.18325436356,11.099813188818525,328.62235805648527,0
フ,259.2756217976536,294.08346028086896,218.30058080766221,23.998969913875776,265.81349001539377,1
ク,217.6318335704188,226.50793774181395,211.5781851716307,5.183150616341238,215.30722200237324,0
ヲ,187.93143821535992,207.8678617129569,172.92211584744715,10.484842144325796,186.48573558064442,0
ミ,161.81118198381972,172.25256286019714,150.3616859662644,5.397800242723516,161.48434334896604,1
セ,197.95563534150452,242.44846556314815,154.9380012612579,34.478396835264945,211.65898134700097,1
ビ,227.19492993096674,254.887033924466,203.97423832363998,19.806342326122557,222.2164400931189,1
ラ,254.42841076754735,265.71545431330975,236.41253640411495,7.047644406546412,257.10847752253034,1
カ,247.48731750694236,291.68526721899485,185.31220403776626,31.534250925609385,244.0476517423959,0
ス,246.1826353018325,274.0570755691743,190.20154454350165,25.237692223528953,248.98871401339963,0
ノ,186.70405103653985,223.05248694061538,157.02066769745542,19.64355019998796,186.6476107282196,0
ガ,152.00337196922158,160.78588560740437,147.49067879682633,3.0961054893122593,152.3099736501468,0
ス,156.12571809640536,167.310300832839,138.33420634527496,9.565482414515591,158.4170129316008,1
キ,190.16182027109627,216.83625319037756,172.93251127437568,11.498756927739866,190.04577971807194,0
