Mora,Mean,Max,Min,Std,Median,Accent
ト,314.2810989533206,332.8365293656295,267.91972441841784,20.055779195154535,322.9042675675774,1
ク,316.567622240009,353.29500894967435,256.1923726726747,33.853221112024535,330.54197731238,0
ギ,270.7236405938689,324.4359424661824,231.47446363665674,25.995885607603405,262.69277276932155,0
ワ,181.854782639882,224.84411800474183,144.65455199586833,19.35583489198646,176.48685694554706,0
ト,162.88413194456345,172.6433402596871,130.80226158762133,13.431505782280052,167.46767734734743,0
チ,190.28562447019405,230.61547231516093,134.6754025045393,30.33467468640649,202.5315435636197,1
ギ,242.32002378983796,258.64856494685864,218.64936031110787,16.30205764938368,252.86857960951764,1
ベ,232.88057888851594,265.39624332306084,210.89205260720271,15.164247704360976,234.5363376869431,1
ン,230.54627126263415,236.3912855068554,221.6956790774166,4.68511320181464,232.34006343489082,1
マ,187.47343338942449,220.1406811759354,166.6089982008648,19.245392756721085,185.44508012297598,0
ル,183.17827796342027,203.55254162322942,152.12442544510478,14.606365578216788,187.9281815208531,1
ダ,222.01853807638258,245.8060852162551,194.8228322947597,19.592332863383902,237.85513358871393,1
シ,263.4017961387081,281.30294175095867,233.81094134959775,15.496964927557324,264.70715656334835,1
ノ,275.4383869408929,280.78071980429513,273.25799514947516,2.095317332343577,274.5628746075671,1
シャ,274.1022260240626,289.38994087439943,228.2297543747772,15.865518374570842,279.2001532314201,1
ベ,261.87620416383965,283.5289243694127,235.3914120395097,18.049477829902592,273.35938199760193,0
リ,268.6683855113651,279.7777539519952,234.82165820814086,13.165083268328754,275.45530796918644,1
デ,222.7423013530212,233.47395130191157,211.65389501188548,6.260477369628529,224.3824145204546,1
ア,174.29544961368464,207.2523310211051,160.064625831587,13.19615447218239,168.77580367273612,0
ル,153.05286992775638,171.16714936117415,127.7117871783342,9.399745178704846,154.84142081583502,0
