Mora,Mean,Max,Min,Std,Median,Accent
シ,223.46969718883437,244.68808346907747,185.65788008951964,20.50390561778489,225.7244143802501,0
ド,233.15216277903636,276.9439716692326,199.7376572736065,26.1195393146523,233.93223560133097,1
オ,291.2520386374011,299.5347254869221,280.49700789424116,6.315940129851238,291.9689278277088,0
シャ,240.27422098482361,297.604581868814,188.18403684074616,36.96792550540923,234.27589131922738,0
ワ,163.9812541503305,185.93535809212725,96.14072002433402,21.106677387233102,169.50954685190953,0
、,0.0,0,0,0.0,0.0,0
コ,0,0,0,0,0,0
ク,214.19521212445275,234.70296062570876,168.6114549401806,23.82298656371358,217.94775539936055,1
ミ,227.11979946410185,241.19518745192153,206.25878256426338,11.659931411844312,230.72001193392876,1
ン,231.95356915136094,239.74830979569572,206.4586796364679,10.119434359545313,237.38938183351252,1
ト,214.46931979262897,229.57858667680586,193.31167575327177,9.099931911379857,216.6125356099422,1
ボ,211.93565210402986,303.7481741871823,166.01847893239346,41.80149545449631,200.7249319183733,1
ツ,286.0281004907117,286.0281004907117,286.0281004907117,0.0,286.0281004907117,0
コ,211.5761174329165,226.94644410138068,198.81126380734682,10.078176901492654,209.19771797323472,0
オ,206.60994077598193,218.72139157875202,198.90510641824824,6.876812611386091,205.05505386848088,1
ショ,245.22965707215874,269.1016792552828,213.66737668425793,17.729744602736808,242.9153133602342,1
オ,255.48583808361028,260.251024123535,251.80545636652042,3.0310806685866214,255.41193231735784,1
ニ,242.35346222658063,251.36538532600704,229.060861177712,4.612564034536417,242.35324089154994,1
ナ,247.49890831690558,259.5746510526605,236.53976755476066,6.713886090719329,248.34928341974646,1
ッ,0,0,0,0,0,1
テ,206.7465561646473,211.7049270417189,201.7881852875757,4.9583708770716015,206.7465561646473,0
イ,172.76380515253837,193.05973043906874,155.4601643158933,10.170339793204308,171.14400582143884,0
タ,138.81523008225727,161.5509634792313,122.52270539432266,8.546861919270794,135.41985829790585,0
