Mora,Mean,Max,Min,Std,Median,Accent
ホ,204.05574363709343,210.139241850123,200.9138600604101,2.4789313872322425,203.62334274621753,0
ワ,234.77764356513993,269.6572488406162,203.89272160470088,20.38714812229919,233.68363204848038,1
イ,276.56678681631695,300.5291648700291,236.56230205735068,19.393176188957476,280.76893427689436,1
ト,266.0864349045483,294.6736435012631,237.3638181150311,24.029841856027296,249.8545100961026,1
ブ,256.4798899266744,290.16049167354566,232.3237652643172,21.111990691536498,248.12061861077916,1
レ,258.37225717099864,278.4787787109964,220.58724443844088,16.65830820129305,264.68426234785215,1
ッ,0,0,0,0,0,0
ド,160.55774830354346,193.9885056038761,132.59690039131675,16.93616860014539,159.2630398323997,0
、,0.0,0,0,0.0,0.0,0
オ,140.95017347784392,147.79547540779325,129.43430916814899,6.858848624901942,144.8809406931747,1
ネ,160.0286667550868,173.4067911588114,142.2325236990899,9.246682646222114,159.81649645974684,1
ガ,188.62894652912027,202.42895236229336,171.88954338693335,10.830524731827012,184.91862367703703,1
イ,202.88671881830496,203.3465388042135,202.32893064485114,0.31301445464249306,202.92009115051462,1
シ,197.55974200175683,214.86780368594634,172.0504765251294,13.30344192819907,203.78289398802156,1
マ,200.25984503212555,209.09794794080776,195.42737038482477,4.104434548251712,200.537874517891,1
