Mora,Mean,Max,Min,Std,Median,Accent
オ,210.0375579755643,239.91871571099327,170.60242823732878,19.8608881617304,214.84258187879666,0
オ,255.81384445931624,283.30385561765945,224.67473306477655,18.718579247654198,256.7372276674102,1
ム,289.4417685226202,303.5730233280078,278.03543299370097,4.5436322151407875,288.8746670770562,1
ギ,274.4879043540771,285.6556496661448,220.5739049774575,13.203479408751015,277.0189697857016,1
ト,255.94755975415592,295.0320386760335,217.99447333292613,26.804287563669245,265.9874486359058,1
コ,248.30592495566702,258.44451244214406,232.60790160744662,9.038994857870724,251.34263106451888,0
ム,240.3090111216797,250.51707279637506,234.97763772585364,4.887701153788834,239.70996277649743,1
ギ,229.1245213959305,242.150295440877,220.78430241901552,5.870443157635621,228.08401388229674,1
ヲ,220.07206060365436,245.68387965433843,207.61272944900574,9.551536985288655,217.02625133196756,1
、,0.0,0,0,0.0,0.0,0
ヒ,0,0,0,0,0,1
ト,299.3470260633657,316.44219770653433,292.8961534818473,6.665083371228304,297.5822162061382,0
メ,293.9155464094844,312.9656130597992,268.29309970042726,9.892143153925076,296.5817048925095,1
ミ,211.3711521924382,263.56242520138306,177.29627616607078,24.40656145079127,207.12035111621626,0
テ,173.6993640917206,205.39791632116317,155.13967899907027,14.345625328857434,172.7410460413067,0
ミ,151.18277046286772,158.37127394766944,132.32231861573106,5.997285523104401,152.2432618556997,1
ワ,159.5970207476175,169.31539844533967,154.19896689765378,3.9706036790792223,158.71037631059622,1
ケ,193.60185878720102,244.61371852418446,170.75889574852425,19.924048362805095,182.5674031990708,1
ラ,196.821900490337,202.84524990217452,175.46296660820627,5.7942208346291775,198.40038372923627,1
レ,195.25239196658828,206.46715462122648,176.55486280231634,6.680134626742451,197.42440646454344,1
マ,203.44570958620352,211.95326829864322,186.8626248568464,6.36512871532382,204.75419540848932,0
ス,218.65775553112405,222.72193358750536,212.42715908618754,3.4545723525351875,219.85178189498245,0
カ,176.50251981793966,213.66786293938696,151.7305333247608,21.847916375315574,169.26211444291746,0
