Mora,Mean,Max,Min,Std,Median,Accent
タ,216.97290029441487,227.15627974779733,207.99003469926816,6.391694771287111,215.63488669017153,0
ビ,258.39451174238224,351.6141682681783,188.46330773762676,50.231360764635085,234.02174578874542,1
ヲ,350.345809904005,364.9909330260319,313.0430351079774,15.164091450624637,356.74822289652,0
ミ,228.67179961783845,304.25892612894205,192.61147990500805,32.21130272422813,219.36347163030553,0
ニ,193.48102300501378,198.63930698444042,172.1875769332574,6.100879840244206,195.13801980812875,1
ツ,180.63551910224055,193.49587331873192,171.09966232812607,8.123026290443342,179.68769244413144,1
ケ,168.09984454090326,214.8857269766445,123.68447377194398,18.742712492505916,165.5640501415936,0
、,0.0,0,0,0.0,0.0,0
カ,185.4859488429625,199.60437848187613,177.99674280925018,8.654678700079195,181.02045044249033,1
ッ,176.16349796515613,177.58407056840142,174.85684959878233,1.1210988475780939,176.1927867280436,1
ショ,173.044775811821,174.93503030253788,170.00589406751033,1.931247988605211,173.61908943861795,1
ク,320.44812404203157,340.48076045588954,298.4170145397411,14.90938418887091,321.4473605862478,1
ノ,312.58545400833015,325.74675172713745,292.7548813180467,8.101359716466527,311.1129853146355,1
ハ,297.27662644361175,323.21282438529937,256.122756942394,20.433211446322854,303.74613888941946,1
ダ,302.6311220531998,335.01243748288687,268.5989136600153,16.77535164366314,303.00233631088395,0
ヲ,237.94151731433917,261.88528913249104,215.4136670039899,14.934358365858337,237.58176386851488,0
モ,190.528113894827,211.21574390723063,182.52138518302817,7.263460193991079,188.64105867221656,0
ツ,181.05766379363388,183.70252954521496,178.28598992389476,2.195885253561232,181.33273409689275,0
ミ,192.36686195481946,231.21112738724963,173.52203529070624,17.53577939106822,186.75079303362628,1
ン,238.74613063020473,240.64948395629537,234.7228235819568,1.9014938280135514,239.33812458705563,0
ゾ,208.7442774645425,245.4204999522069,177.0042399397331,20.0629988263746,206.24763813570272,0
ク,159.44154864941441,212.86114329353944,139.8750749624237,14.801907269891014,157.1252061652885,0
