Mora,Mean,Max,Min,Std,Median,Accent
レ,214.2296160442569,238.5027765479434,189.76840103529247,13.047216824098355,214.64203006242823,0
エ,256.36443098052507,264.46463344204466,241.9454024849077,7.207243176189208,259.1133961051651,1
セ,251.91021274279268,278.09631593576455,223.8548941600121,11.971717191047782,249.85201774128947,1
ン,241.57305469941872,243.8416785168519,239.98142760377792,1.2068452048416694,241.2710018985214,1
ワ,238.04310079469965,243.23267348560748,212.84499101353103,5.6140902302521685,239.3403524312192,1
、,0.0,0,0,0.0,0.0,0
ソ,211.77976332043391,228.26960393993414,200.66209907322218,9.777293952895034,209.00802808139775,1
ビ,220.01590093876626,273.44639833214535,183.88673356895566,31.060985589570336,205.65833437546246,1
エ,286.7473935919721,291.9958772698418,276.66483666046247,4.769234871064198,287.6495627776164,1
ト,288.95324173087266,297.7965986436342,283.15117698929265,4.915349514188898,287.4406216247555,1
ノ,271.5813682056317,282.6330790958923,260.6346064401452,4.772602202431154,271.80591878648886,1
ホ,249.14308540842578,264.8209018301145,214.70826907465505,11.078776973948402,249.60403456012278,1
オ,236.72848842906353,248.5521293832804,218.62380712621862,11.134452010726967,244.88908846471642,1
カ,239.93419588862074,275.8120022658876,203.7660938634457,12.877276971466056,239.6333142710073,1
イ,240.97865871023288,252.53403514994795,210.5503446544954,11.467537757982583,240.11333037079572,1
ト,238.34652528332097,378.8689575900872,213.6085442967151,50.20865319277952,219.9162866925189,0
ト,215.37394805040864,217.1508426113323,213.06621269989387,1.7092677450250806,215.90478883999975,1
モ,200.65955078859696,209.6960520028854,192.78583583182493,3.2771814626124107,200.87867635004625,1
ニ,205.01206801684083,210.4480196524326,192.78528118192577,4.512415071020736,206.77660585681886,0
オ,194.44609789230756,200.18241817941242,190.85984789769478,2.4073196895848947,193.44713171720554,1
ワ,189.6721804884778,193.6190793902998,187.105442887576,1.8487906134208305,189.64681780235938,1
ッ,182.42198506728693,187.84918189320695,176.99478824136688,5.427196825920035,182.42198506728693,1
