Mora,Mean,Max,Min,Std,Median,Accent
ト,274.77918785483286,279.6349747591056,265.57525672008444,4.770764008681417,275.257793472262,1
ミ,251.96064150658185,270.24511849761313,227.5828086244106,12.063188290224653,255.29201015568515,0
ワ,168.70997532079372,224.18682701556384,127.69957973390271,26.05798051212966,160.96594678885424,0
、,0.0,0,0,0.0,0.0,1
タ,274.09083134693157,285.98889118334756,244.41469615135142,13.0974017050274,280.01331288075016,0
ダ,250.69056828566048,282.08297181498773,219.36933430743716,19.876427182338762,247.27564397793572,0
ソ,208.1999845253199,215.63271454090503,198.04056536265512,4.668779308408549,208.17625196266016,1
レ,197.48569025916183,213.7438314909321,175.85123192983272,10.091010058229502,195.6566078603768,1
ダ,237.45786549166266,273.0560875128406,208.66631787537278,21.559274364142002,239.57488391117295,1
ケ,211.4605449663762,256.7496786704819,161.1799915534521,26.467891410863505,209.38850790763786,0
デ,230.30584473583062,250.48759286893315,213.93484064396708,11.869567501425886,225.84042975074217,0
ワ,170.34656752061008,219.80540016812628,122.37888274614376,24.64815421220329,172.23672124362963,1
、,0.0,0,0,0.0,0.0,0
タ,245.87797995928037,274.82153368643367,208.58781555528563,19.14305104089868,248.00242490999415,0
イ,295.37840866713384,302.9472396045428,280.7747389577855,7.119350604621991,298.0104911361759,0
シ,262.45540816830686,292.67051618413353,232.31668024610408,22.278714189315977,261.4467150660954,0
タ,213.44874061031015,230.2307042634169,197.39486328574458,12.383114697041945,216.45749747057388,1
モ,176.84466182087317,191.35662459321495,161.6785987486133,7.25060851572346,176.72416456003958,0
ノ,172.37367471689126,177.032028521972,165.39002831590406,2.532720671964412,172.92627155508234,0
デ,167.67815902523031,174.4307518108853,158.8676967393662,4.8195027239945105,167.66514058655196,1
ワ,145.04794360515834,156.15758585796164,140.62555372673552,4.231321141337961,143.57396972285866,0
