Mora,Mean,Max,Min,Std,Median,Accent
ホ,214.18934232923493,230.03275932829013,184.56069874636609,15.246620477220056,218.01649729858894,0
カ,264.0795370605261,287.9114041318801,198.67787109313875,23.563000544099157,269.2429926540469,1
ノ,299.6457979177347,319.6783659308055,285.59642308541083,7.932271846582425,299.78331672690234,1
モ,294.34907246202187,305.8211368099531,282.22327177132297,9.719032597070845,298.6941774297961,0
ノ,299.98413915357446,309.55900124964137,290.23494771248284,5.507506555859852,300.25953047388225,1
ワ,251.6238261758815,298.6142090043585,193.05126760781255,37.413047872968605,257.81215552334095,0
ナ,165.88361838151147,188.44328250792145,152.40508525686874,11.611286668188072,165.17363400674793,0
ニ,180.61653659619685,204.48400214029644,157.89075455104853,14.36230898528875,182.63611596926256,1
モ,237.07249854405075,251.78700825138458,206.68832844179423,13.232899057785144,237.05610095697205,1
イ,240.47294905571695,244.3408005460167,237.2977701716141,1.8467225745943503,240.22158281988567,1
ラ,235.0903570112541,239.58556882709948,226.47299388196265,3.3124723864682126,235.658704900183,1
ナ,228.01278893023886,238.72674319376708,217.54623229787225,5.0524172018098295,229.35286389026936,1
イ,218.74690375779838,226.94012285423793,215.77500363018908,3.021729563588003,217.856682695923,1
