Mora,Mean,Max,Min,Std,Median,Accent
モ,242.00080724463425,310.1891882322233,201.5569221636888,35.40514804371623,231.1471600922531,1
ッ,0,0,0,0,0,0
テ,320.35639095282346,341.80832570370376,308.54109272399717,15.194862511721068,310.71975443076934,0
イ,264.70873294911456,296.4725336697835,239.81115870690834,16.22687647250033,262.1652331033766,0
タ,191.04325207173966,197.77899418429274,184.47848542760812,4.834895125996318,190.9577643375289,0
オ,170.10786767396255,183.1858859483116,144.80847133439408,9.285464894548944,171.36854765905358,0
カ,168.99028503417202,194.77912531019777,123.37275587733512,18.80301124685219,172.26200674998654,1
ネ,167.80849192687268,175.28699362650912,160.47505624942892,3.1746849937909416,168.26560844592882,1
ワ,166.0238932777061,170.1429109071908,163.2285099967076,1.4582190945732671,165.67783054885734,1
ス,168.44484504677237,175.26633719316422,158.83593514959296,5.826564945567299,170.51506036849656,0
ク,218.20700857645323,228.6964559047671,209.7016082235233,7.032337408239233,218.4695539309721,1
ナ,208.27227048541948,222.65064420699292,196.27542888601658,5.068337323100351,208.20442707574352,1
イ,199.2450704874273,207.35003455247656,186.54641083607015,6.618815234618853,201.19894802113714,0
ガ,158.66599050159695,184.7215697085783,139.44192574520827,12.030303400455267,155.6630294888004,0
、,0.0,0,0,0.0,0.0,1
ゼ,218.15810187281542,236.58521348169157,209.44545845509634,8.466984932384904,214.59068296544655,0
ン,260.83815095722304,271.4653381820507,240.70323732653986,10.59833939572933,264.75947543333166,0
ブ,217.871655570291,258.5195876100624,185.9458630941355,20.397512166118084,218.0464048403362,1
カ,198.60518193494073,223.9605711091071,165.27868455521062,22.885379607053494,215.18531999966882,0
レ,233.22931654703993,243.5662320858659,223.64505771234624,5.25474158578861,231.87960401892963,0
ニ,198.91332201430868,227.60485226519006,163.0567560119805,20.3193007556794,201.2357665708394,0
ア,134.76955482216098,161.87687186943975,79.8556181522519,32.835317091912664,152.41594957204333,1
ゲ,133.29450736491776,174.06818014597792,77.66728587959385,32.63244568971907,151.2644204479762,1
