Mora,Mean,Max,Min,Std,Median,Accent
カ,277.11569070818484,292.3957082210894,269.84917356208297,7.017655836431144,276.76866795832734,1
レ,304.3880575484247,318.79814932108377,281.2840663546639,14.342118022435669,312.179331687588,0
ノ,292.6577549240453,319.46317031920006,261.2569664696214,16.176406931834386,292.19197269507947,0
セ,210.2211912288309,255.53919129665107,179.07989241045274,24.97808533750426,201.7954887230599,0
ッ,172.1231722534946,174.9724723534943,169.27387215349486,2.8493000999997236,172.1231722534946,1
ト,167.55560089138973,188.38815716789998,155.0901254281552,8.726729074069436,165.43656442008805,1
ク,156.349050087748,177.51935502629283,129.90511150278294,18.822018080866492,157.8323142330225,1
ワ,156.94791174651078,177.01500474467537,143.96086774494137,7.160524971134491,157.28079051388332,1
、,0.0,0,0,0.0,0.0,1
マ,210.2401607214606,274.26064308650433,145.52556871235387,35.23087784038289,200.78720471921065,0
ン,298.99937533602076,307.1771783833828,281.24409634675783,8.124333962660348,302.41994915881594,0
ゾ,274.34592363507073,306.6960167271185,236.55992909098848,17.6850403942118,273.5330096172517,0
ク,194.6443209787924,238.10885722294296,140.6137530820236,29.258448369032088,196.3573574824403,0
デ,180.60556628256708,204.0541244139875,168.81252186672694,10.139779985400972,178.4650022425477,0
キ,172.6009935092735,208.40535215545793,144.9656313205404,16.621716769010156,173.03114607046993,0
ル,199.73951966016725,207.90607643220787,189.8222448763368,7.614773530896729,201.05367472122663,0
モ,168.09699015738605,187.1656543605502,156.29677758101448,10.013572905778169,166.05704702369295,1
ノ,175.74689238976833,190.64970091316582,158.0886296581785,11.52029267262692,175.7377251101306,0
デ,180.84627139164508,212.26527415111383,163.2915185753631,11.784359957019573,179.43161169744758,0
ワ,149.9851999377669,174.5825350680593,138.1879462328667,12.267063631219404,142.89846338261998,1
ナ,149.51587507714498,163.075117723917,133.49689489611958,9.456414321008522,151.9768097230075,0
カ,214.68326040533597,244.2768483232935,196.03915996153606,13.468087687555123,214.19503617466268,0
ッ,193.23734795611225,193.23734795611225,193.23734795611225,0.0,193.23734795611225,0
