Mora,Mean,Max,Min,Std,Median,Accent
ダ,236.99968020491914,246.09983038655608,230.45863140621793,5.4455497968073,236.10756632101678,1
ブ,264.7177035045127,315.18032421784847,227.7567642787015,29.80156876827929,252.84453228969164,0
ル,291.19757601527266,315.73769781856856,250.31365830569257,20.042820107555166,290.8559404694465,0
ノ,221.05423273287494,271.11854205652605,193.58343814712924,21.184871653557106,217.46765203106293,0
バ,162.05782100530234,207.5629617480214,142.8492127347049,14.900181370048182,157.92877647575983,0
ス,153.03833993074036,156.3472440831013,149.70189447981946,2.713022512476232,153.06588122930035,1
ツ,0,0,0,0,0,1
キ,264.7787638588731,273.2227215715796,256.3348061461666,8.443957712706492,264.7787638588731,1
ノ,256.5944317102471,269.5350553337174,228.59500432862555,10.93354288391689,255.583021478809,1
ヘ,250.40820152541866,273.07317144206314,232.12204597221253,13.925294690358898,244.80909424293466,0
ヤ,284.2897459518861,307.9195175773046,269.7674604203314,13.188739330273995,278.4552401159864,1
ガ,281.236822776826,308.24971328274444,225.1038555008495,25.908977832073866,293.17062812522727,0
イ,198.52009177593297,219.4443152776472,186.4241332874155,9.542279250257783,195.44426234148477,1
イ,177.40910612524078,184.95112796583447,172.07640287959353,3.4777993402604173,176.69931318487716,0
デ,157.46785967550278,171.5203104143329,147.11296026055155,5.555808206517181,158.13592665960687,0
ス,154.99317786138997,159.5098204227796,147.35378217747774,3.7759407084929775,155.70453160811041,0
