Mora,Mean,Max,Min,Std,Median,Accent
パ,250.48675204911896,259.8158833464314,229.14997673907925,10.369717483434545,254.48169353565874,0
ス,251.5147253676806,258.7253308098359,226.6014351469797,10.790630159900873,256.90646339283074,1
ポ,352.6125462876143,358.78763879858667,349.1140180572049,3.109847519756663,351.89234915669886,1
オ,361.03118489511064,364.8162571199758,349.9564032166299,4.3564909656683195,362.51568723298436,0
ト,287.87225847709345,298.4682807800892,271.34201867898173,11.84257085979786,293.80647597220945,0
ガ,203.64674532294558,286.5228742229271,162.48803775359738,38.81697282308662,187.8007180824274,0
ミ,158.87854786016987,167.5070574218735,141.77563309361918,5.3829887097280125,158.60245814838856,0
ツ,161.56108052263136,185.3553588246263,150.0807202619832,12.541800948085585,157.13613117008464,1
カ,271.3969210169101,296.66448418166163,265.1756932851542,11.359908580105136,266.27855914375004,1
ラ,277.7073338817082,291.4181811331161,264.158313999461,9.184216996758334,280.90608155082344,1
ナ,295.70824471610854,318.99374188922786,270.85766685429167,9.339484617152683,297.71112998533044,0
カ,186.75860226722986,207.39048913111247,173.99516191285957,10.78169391690062,183.77848227820778,0
ッ,162.1360940279921,170.45635894655035,145.6374423844182,10.058174217818808,166.22528739049994,0
タ,160.74450033283895,171.67571209938396,154.0883331704171,5.268845721863913,159.79040557337623,0
ト,154.58264264046204,187.3076192258894,131.75934744895173,17.94341220202734,154.71322152241152,1
キ,128.3295881608873,166.1413608677878,65.81226574116583,25.08438294785221,136.26112097133282,0
、,0.0,0,0,0.0,0.0,0
ト,173.02402477059897,185.05636860657575,145.48627938279168,11.824302856591636,175.81305173960533,1
テ,187.39958957506,231.67234178424454,152.024353364735,24.954036509083792,191.75531291238227,1
モ,213.60862797044004,231.96133897541935,199.6888481689713,8.64523915095403,211.99424579636576,0
ア,205.00746030638604,205.7597718461251,204.3922469284932,0.4432133727891044,204.8934661448847,1
セ,209.1031910909747,230.32896048831125,184.28143003533017,11.397764165180227,208.0135357501544,0
ッ,200.7095845614509,210.61220731256492,194.5494937766514,7.07142610196697,196.96705259513632,0
