Mora,Mean,Max,Min,Std,Median,Accent
ナ,184.92137344056488,195.8757460846646,167.9651377691723,6.0794024165694465,185.4697551758846,0
ガ,245.4263701487963,321.9525042673968,193.13575409996199,41.98170783625653,237.57344320379798,1
イ,327.58323589562735,331.4687822941108,322.8341616427212,2.8733072620260316,327.69681554489694,0
メ,279.36247791256784,331.8094912011824,230.3975367530098,27.999314590454176,276.64225531969146,1
デ,197.89122517817628,210.33817661117808,187.412774469744,6.777049542232623,197.65993875898198,0
ミ,179.9607993490816,188.58976716127432,172.68804629195228,3.1410755791697595,179.4609470971404,1
レ,175.87339207097074,180.5570535647695,171.18393887108783,2.590876947163918,175.96073587812901,0
バ,131.43191932803256,185.87919682772915,83.03068067230794,40.3204100202682,149.89329161784332,0
、,0.0,0,0,0.0,0.0,0
チ,202.46669144650497,204.36381575899802,200.56956713401195,1.897124312493034,202.46669144650497,1
ガ,201.09118404381817,242.53455616219716,178.45610815999822,19.72436479315429,196.23627386419392,1
ッ,0,0,0,0,0,1
テ,264.5492871736375,280.45885037612544,225.92575622252602,17.262878617322176,272.19217038117586,1
ク,261.3686069192685,295.22475500346934,225.6739279865923,28.556816403626662,281.1035890180718,0
ル,278.4190701020003,289.5465599698922,229.8284512689203,13.344995812667502,282.85999939326746,0
ト,229.3658975167584,270.26115023439183,192.84914652869926,27.183953449228078,222.2041153421602,0
オ,184.3376053317304,190.62120450374616,179.6451958735237,3.5591805353721973,183.41311442858904,1
モ,167.45251622887636,179.6506612943209,155.10887923706144,8.736361705578098,166.49673007092468,1
イ,153.7419566208287,154.8572155125279,152.78222584983885,0.810581044337896,153.48234506784078,1
マ,151.1074188695931,172.0134914476862,144.3775199003183,5.591175475450778,151.54349800347762,1
