Mora,Mean,Max,Min,Std,Median,Accent
メ,191.09219165305035,206.58526807521,172.52782370893786,8.216828674244933,189.20823530323764,0
エ,248.73777220276438,286.6081265359676,210.23591367649828,23.374699052122857,246.90139010791648,1
ボ,277.3725664884714,295.16961095220705,244.81835722538264,15.996745066087609,284.7959513935074,1
ニ,286.18311094270365,295.6319629527099,268.4582932503087,6.235129348379691,284.35417371558265,1
ワ,264.0854206416203,288.9707682414538,195.68223098724715,19.661623642189753,264.4872756679101,0
タ,232.03759992124037,263.9959669773281,191.80227785908892,29.821618228790012,238.4268720986911,1
シ,251.66998860131693,281.8041706562763,216.8492987348831,18.089185131127348,258.3831630784234,1
ノ,272.3092344351978,289.16508466073145,266.1395222791845,5.624957729956598,270.9637838299699,1
ナ,253.25731181184983,265.30623934979184,243.9525834508652,6.057229405461525,253.90599560104326,1
マ,245.60344675139567,254.2509606900447,230.28045316110962,4.956529094987156,247.92216812542745,1
エ,248.47646258368763,248.84104773908973,248.10397652055835,0.22747848102804488,248.50476042171272,1
モ,240.17510001822026,255.62244030288164,228.92508483554204,5.466964753792898,239.67304630161158,1
、,0.0,0,0,0.0,0.0,0
ツ,222.7048209372865,235.09690907829798,218.0410622904066,6.497967310996865,219.0494918764583,1
イ,215.24063044244974,220.47390992915686,195.795421467395,6.107933464265332,217.5269435045463,1
カ,241.75832223904885,248.38448641624768,235.58045546419174,4.5222021937072565,241.0306365080121,1
シ,215.5757509057512,235.07137200704724,182.18626653149582,19.524334324972493,223.1068389786002,1
テ,229.92195313076445,238.45376337549877,210.71791362536973,11.181491627786071,235.25806776109465,1
ク,220.40599336329396,256.2955086300014,187.83854470285416,18.89951295182918,226.6480677764557,1
ダ,219.4266622896896,237.12444584388479,204.5438457906015,10.056305088476877,224.49068667582145,1
サ,225.4493496007492,243.39719941916482,207.35932862013317,8.676589691001796,226.90410225567098,0
