Mora,Mean,Max,Min,Std,Median,Accent
バ,249.48803894958624,311.42511700043747,206.65586133071972,31.107495975807684,240.21244411835673,1
ン,310.83169753692636,317.04558654575186,299.27960517581045,5.224655319083087,312.76813038969715,0
ジ,239.28833550953397,296.2934057693184,204.8143509535448,30.417323100859264,231.93580645161833,0
ワ,170.33201605879987,209.17210646302237,135.71813678597104,18.716404909839746,169.7242361958616,0
、,0.0,0,0,0.0,0.0,0
ソ,181.81919847743072,186.9796072724857,177.30548593488666,3.436279088187846,181.49585035117528,1
ノ,212.66728191243766,240.7473785851337,173.2862003995788,19.619605132409642,215.50909167106698,0
ケ,229.10390767206485,249.76617593242102,205.24544818730143,12.44238258125969,228.37501193617732,1
ッ,203.99105515405358,220.18559102857918,188.3557908622097,10.576106962016087,204.64401942525276,1
カ,196.1415897386849,235.68360055457393,175.7594809781227,13.054097677521511,196.57199190836437,0
、,0.0,0,0,0.0,0.0,1
イ,155.91181773794204,171.63000101930515,139.48723530870097,11.126589428777365,158.1099921636594,1
カ,228.3307484400386,248.24264527451115,157.43683626934768,22.82030148601323,233.01337556510938,1
ン,255.58861652469363,258.9532823813361,248.9887152534653,3.109494885854796,256.7668231448317,0
ニ,255.86978969949482,259.6753476614532,240.5424066615252,4.4238074860574965,256.74883327490227,1
カ,240.40219793334853,252.1742484486055,209.25206328667002,11.721889621678358,244.10551891259692,0
カ,256.7580805260182,273.52413294088086,191.93773651332964,21.495724940665486,264.1706099034327,0
ッ,242.81464243494185,242.81464243494185,242.81464243494185,0.0,242.81464243494185,0
テ,203.06354834840172,221.9062663569785,193.05513989248624,10.6933798521144,199.20759867773705,0
