Mora,Mean,Max,Min,Std,Median,Accent
ア,270.2701035391956,290.7912126167686,250.53966679645234,13.012744475875383,268.2487405735155,1
レ,324.8381675559854,352.6412784769673,287.6176009237201,19.80208138065704,327.2527299541458,0
ッ,245.56045191765077,272.88293327561075,209.04214805652927,20.431676981227852,255.90177591459832,0
ク,0,0,0,0,0,0
ス,214.9226613844939,235.4370677961161,201.608500985273,12.475657545620422,209.22356447503975,0
ワ,170.41588788848577,199.3848102753515,134.16670350749635,14.187599671494585,170.1437207223392,0
、,0.0,0,0,0.0,0.0,1
ナ,215.56015312954202,307.40891761631127,160.49740014952397,45.24966601071197,204.4371502578465,0
ン,343.3557645947021,362.4202166334388,317.4041883924628,13.597455192321856,342.8622821940218,0
ダ,317.53114102102904,360.8572147621363,257.3301326286132,35.04923823995739,326.1837770204706,0
イ,228.2585910053227,250.29002979343198,206.55903648692504,11.662195132724367,224.48870430126902,0
ク,198.44697261757813,229.58133643076778,174.05906306743867,16.325329305059306,197.21055052864287,1
ル,184.36082664450203,195.34717303208743,161.50982149068216,6.871323117485143,184.64003799790873,1
マ,184.6975463006812,198.95371261257407,171.03271627150602,6.048583639898996,185.29989876477174,1
ヲ,182.24398811310544,182.8677129237014,181.52455910062534,0.4053245685096019,182.332484882679,1
モ,182.3546114376515,208.3178041310224,174.32256766334257,8.7845525246004,179.1151857432341,0
ッ,221.90705777656524,226.09844065624415,214.80269029338731,4.424309596156931,223.3635500783147,0
テ,203.1048553013756,247.9234112475941,171.22803374989473,24.34494758252447,199.9917717125513,0
イ,166.496336184771,169.09830238406226,163.90301497484785,1.5706809622854865,166.2566664283941,0
ル,162.19285523647807,182.17991916925385,139.95586059467317,8.02912761983275,161.93913679148426,0
ノ,174.9052872058616,287.2654404279718,140.5858139482234,41.184885321293265,153.31779009948906,0
