Mora,Mean,Max,Min,Std,Median,Accent
リ,195.65244811560427,206.79690175026624,181.3452460366818,5.73505258374774,195.68867023818862,0
コ,265.45090165502216,309.9832168412456,176.03413247750538,56.19909870672564,299.20764366763575,1
オ,317.31897971820274,323.6889216562272,311.7436954364356,3.98964334510507,316.6007844620608,1
ナ,326.54991233615505,343.8961827698181,306.7441047633022,5.994620692668357,325.94172071983394,1
ヒ,303.99934440558576,319.78376634166744,284.18603814104927,12.31257410867016,308.88971554106297,0
ト,347.2838613176118,386.2794075850549,332.5445853815094,15.280991345723429,344.1021071679903,1
モ,257.9745470058497,330.3026276618869,194.75190589304194,43.30273302552203,250.90906693895153,0
イ,186.37123664114804,192.6138525138781,183.5716692239999,2.7710655488858094,185.01537622689915,0
レ,179.61407706132152,198.39037983996678,162.58189703911978,10.392049939298595,182.4374209025005,1
バ,159.9428112960418,182.5490972507724,137.25697310928325,12.737746278798026,157.79686061538212,0
、,0.0,0,0,0.0,0.0,1
ソ,270.1042403253623,286.76482029397255,242.0375903000875,13.386197497424023,272.5046252051124,0
オ,296.3551130617412,300.1017055267059,288.9480640133692,3.241476965717433,297.7770292864849,0
デ,234.65610305477756,298.98116674167903,209.0290899403836,19.702184310408008,229.1592340066027,0
ナ,189.14125736476345,206.11723929225408,174.0237438192528,8.646023097050353,189.79791817216812,0
イ,171.6014376731555,174.29135438899206,169.85941847181965,1.4174731121758812,171.43532146225357,0
ヒ,137.2625256965008,170.8604098377737,60.27974969004732,32.21767096781297,149.38645446305298,1
ト,188.36285055420862,196.22549609888088,179.69446882126496,6.610261825446462,187.08271537963077,0
モ,161.5722226938181,176.53869335831624,147.12629537908913,8.029374759545824,162.55156842607911,0
イ,144.54691601345414,146.74983920422608,142.72086793856124,1.2077985010573349,144.5226380999463,1
