Mora,Mean,Max,Min,Std,Median,Accent
ユ,193.71831971779923,203.0605550719699,190.9342262021114,3.0644597417715262,192.5905442851065,1
ル,264.0339299080177,338.40871215295755,186.60676866413507,57.78174524335478,271.4858487717461,0
イ,315.2575517481487,336.6073661100697,281.7626640671166,17.12719760101448,318.7792123313898,0
ム,208.21741672051684,271.4522161291998,186.4775624971204,25.871254924641814,194.7242094283296,0
ス,201.00719756088137,236.05153525128222,182.64602236490086,16.13131101195378,192.06051130399356,1
ビ,191.4296053709474,205.72363884539652,177.0325025947005,9.371366680923353,193.39497843867755,1
メ,191.29145748547688,203.89409243866635,180.97875838449318,6.74969023091791,194.23593011988794,1
ヲ,180.07807452602404,184.44504913774298,168.46742587638377,3.3947539527579766,181.16780403380693,1
、,0.0,0,0,0.0,0.0,1
ス,245.36113840076507,249.6680098983942,240.6520924930731,3.8800554491854546,245.56222560579653,0
ベ,253.1680211264039,292.21599621469994,220.2951814581616,26.7201807917971,237.87315535086475,0
テ,184.44064211184426,206.1871043404853,170.14368908103634,11.512151353563537,181.86456002509982,0
テ,177.00861233630258,196.22796378752096,144.09218647207945,18.060477308750098,183.59989085024773,1
ン,194.66159264470699,220.47015956193434,173.23105219617256,17.354046232582338,189.92219190081605,1
ケ,206.57917783165826,236.1164412178559,164.00795358782085,14.924657831299818,205.40407321441447,1
ン,207.37923143309527,209.42662739906788,205.84770688812716,1.3870843104300785,207.1585723451841,1
シ,186.96671661882996,209.05104691488572,158.2527403987243,17.84493523584926,189.29072292682912,1
テ,218.26393677944017,226.33589136019413,210.19198219868622,8.071954580753953,218.26393677944017,0
シ,181.66926890482515,208.11153702814696,144.02111173071216,19.29463870906379,185.59863690991065,1
ッ,0,0,0,0,0,1
カ,289.72807387928225,305.0239788326101,274.2997306878784,8.690330279504547,288.3367862037029,0
リ,314.3872124474916,335.60676339238205,276.61814475479866,14.81589267295947,315.49245734847335,0
シ,257.7125451317238,311.80545922989114,203.7173890594208,34.25588265714178,252.03135146258714,1
メ,182.37055103010357,203.01816430286047,170.39701919757076,8.444381650973217,181.89241228492756,1
ナ,171.23203311252126,178.83586006902132,163.00734122394064,3.3272744177958558,171.3098901556886,1
サ,179.94834453106594,197.82386101899587,167.25244204606582,8.010223087629448,178.4785717888319,0
