Mora,Mean,Max,Min,Std,Median,Accent
ヒ,0,0,0,0,0,0
ト,305.85297229107846,324.7734828955039,255.47512932855787,15.669723928509752,306.802549027255,1
ヲ,328.9881742072204,332.11062744404734,324.02935578443675,2.5622350874948028,329.1596304116798,1
モ,313.2002956162964,342.5998447889933,292.82135444386773,16.288563674735755,314.4948954696483,1
ッ,301.80927425101106,327.1628041074229,276.45574439459926,25.353529856411825,301.80927425101106,0
テ,307.8117311845085,360.62170806147196,276.97078066577217,25.0495660482409,301.36203575654963,0
イ,265.5996709634943,274.673771333057,255.66097772314814,6.43763596457469,266.1024734853754,0
ル,209.86361131647706,249.1635680928414,196.3784828019184,13.32328194414654,207.45209869054463,0
モ,182.3126367815523,195.56043873128553,176.53799159199983,4.801189109698123,180.74215454300224,0
ノ,186.18672424595195,193.58413558024094,177.18785950792318,4.120859936049709,188.1373840788663,1
デ,161.04692971695724,179.05772235552527,147.43815657998206,9.733089366293695,160.63150923726522,0
ハ,166.90624685996082,227.63458978278496,132.47718920052074,30.43374008887417,154.16466221186442,1
ン,263.75740232283636,279.0950269669925,233.30017346534785,15.438068927636108,270.4775705668616,0
ダ,233.17178282651273,284.6775625237347,193.7211299481999,23.849657117788887,235.85170876408668,0
ン,187.24067895724693,194.18672772774102,182.71698646846846,3.9237104682184882,186.56176801119142,0
シ,172.8385179974801,181.67919719682635,153.0485806849824,8.895241245471771,174.07093315196104,0
テ,201.63450389921982,214.71970201169017,191.38254419995386,9.735713074792004,198.80126548601547,1
ワ,161.76914019891385,190.31271371013452,138.81821948527005,16.5527830804177,163.6543608117159,0
イ,138.24167461180937,140.58564583550947,129.44022165755774,3.15827116692258,139.2897751336375,0
ケ,154.07555018475912,165.63890671744363,124.48499924160627,15.755606132161283,162.09273924671683,1
ナ,161.2318908574141,167.03632636862648,156.81478913301072,3.6297960528002156,160.6157179905776,1
イ,155.70876000302437,157.87832955383203,152.13123514069756,2.405868988046069,157.08311077802847,1
