Mora,Mean,Max,Min,Std,Median,Accent
ゲ,202.6562076976588,221.31203873565602,176.1659711174689,10.30476800205522,202.24406836737253,0
ン,223.79121623831034,238.10837420001297,208.0886907304423,10.250305751986788,223.4389888843216,1
サ,235.83090771435872,255.30265837875902,196.25607619082695,14.704027488001158,239.404160714543,1
ク,209.77136394450918,234.9367691513845,194.15717589065147,12.414734483821725,210.47844306396087,1
ワ,203.08106728634718,211.97129973962205,165.09153652753753,11.145732238580681,206.63703550986972,1
、,0.0,0,0,0.0,0.0,0
ガ,171.02383890485243,176.75481566617498,162.27356259119006,4.535763080540888,173.14725505327462,1
ッ,141.50943471938487,159.62869490077154,127.78928885108628,11.461340277728636,141.8858187199898,1
コ,258.0500064259471,270.6221814985172,249.07538521221903,7.332690785877799,256.583078584071,1
オ,285.82032910073707,293.42713504384295,275.12771551303257,6.042676171885972,286.5922445355062,1
ノ,294.97244684101014,301.458134506423,287.29630369395744,3.136218102140274,294.2672804697407,1
キョ,250.70395851573667,296.204346979972,167.3254058967554,32.38491036658636,262.45743912136163,0
オ,285.24549761603515,298.53013080617785,251.08405187249082,11.795592468957643,286.8100499011538,1
カ,314.10477767386254,320.22813808194496,303.1074116695929,7.793021071676879,318.97878327004963,1
ショ,312.0788478700844,337.97927234429136,242.50291604502476,22.500113471365786,315.1683714401633,0
ト,199.92956988957008,205.87711262490924,192.55320491077893,4.952914627143625,200.64398101129603,0
シ,175.06630954935392,189.51141511830428,141.2262379610397,14.878127057279732,181.12829804258968,0
テ,0,0,0,0,0,0
カ,163.50739576756024,179.37289224367083,127.83167428663754,12.679921970630229,166.09468326526738,0
カ,174.32402529691782,190.7970853107781,134.0948072899264,18.266658659121685,181.81717866596307,0
レ,185.87275772485805,202.7409696114483,159.2399262291517,9.934389650644034,188.715163111553,1
タ,150.59344402643353,169.21253004007622,128.69981721914482,9.617675136599386,152.54155610230032,0
