Mora,Mean,Max,Min,Std,Median,Accent
サ,271.6802453066136,296.6513747166357,247.63343373529025,12.347237449375285,268.1144968426509,0
イ,320.33870161077334,330.99820190466846,301.8307335632598,11.306578906266129,325.0397935936222,1
ショ,323.9856448911614,348.46584803175364,280.5163890548007,21.516068821697775,331.06895226522295,1
ノ,320.9066825496759,339.3898329998767,313.5875556326689,7.67236153425275,317.35711182869255,1
シ,306.753106363127,334.6529695341729,265.75996364592146,24.989720766746856,311.10186144727373,1
キ,318.9643346041552,327.8063511109995,306.86448800578063,7.4988090999747135,321.97661679817844,0
ン,325.8875912462678,333.4286453845696,320.45642996842696,4.354482061518955,325.8628526429607,1
チョ,315.15651505462023,362.52586665078127,235.90356079654796,43.301200038745755,319.9864403568433,1
オ,355.04898631091055,359.31514509038254,351.5713799553039,2.1002681254371174,354.972750659507,1
タ,295.2773737369686,323.33817553385455,281.87477024797806,12.816808668715387,290.2219366276133,1
ツ,233.82918524782895,280.91653733286495,212.45423395232604,19.813744723344648,229.17476584456114,0
デ,197.21323449147206,206.76874661102227,191.93038255594388,5.4665445846440335,193.93047969341887,0
ア,177.0718411128607,191.1884099323223,170.19846028628567,6.180102696810791,175.80009751108213,0
ツ,201.17984576612662,267.56094943420607,158.43966327156102,44.508907826718435,179.75143735313787,0
メ,285.45806655781234,307.91507295700865,238.08535151827783,17.07996153443191,287.1871814950089,0
タ,230.17019450610366,259.4663541985305,207.03007033668868,17.15404125556406,226.56149675636226,1
カ,199.2036221358707,220.81537827063465,177.6188409242378,10.58143987492001,200.38540806461955,0
ネ,194.2711765454651,202.02838101428992,183.19853217497075,3.9831020247047193,194.6246326191169,0
モ,182.40352640981376,196.035652043388,164.63625474647648,10.532897281200198,183.8372546937472,0
ツ,118.19695772311297,192.25825616948453,69.21390448230049,46.170427493161164,87.00950649911402,1
イ,223.14224431986884,245.60557499100437,187.4833435056408,19.514420954132444,227.37867399580506,0
エ,223.2971431710555,243.7359687323032,195.57213310310533,15.075679641936691,221.66636313859425,0
タ,163.1223201500682,186.56098961039407,141.1542117963951,10.81689808826674,162.65663191008426,1
