Mora,Mean,Max,Min,Std,Median,Accent
ショ,227.2484300203746,235.0236449034884,216.92048448050147,7.131766213309691,228.52479534875425,0
オ,214.89187026004544,219.0323793496781,208.257212915961,3.2326230425491,215.70979003913573,0
コ,212.57529174889757,233.98522919565426,178.80933235397418,13.935380736666733,211.73469407335529,1
ワ,200.78114724993796,206.91163630944249,195.80245852820514,2.523653512775896,200.62408776304764,1
ワ,191.6298327149881,196.94803919180995,182.98038222828808,4.271746379950366,193.41216329567175,1
レ,185.75506097195023,207.63792810601254,172.50772169445503,7.742458161528611,185.10288196043194,0
ワ,188.29918647354424,192.19279550602823,184.68580153301255,2.490169034040884,187.82070288211165,1
レ,186.28976305313776,189.12434858875838,183.71360448876396,1.82431118476201,186.7987446724606,1
ニ,186.76965670780646,218.09738143280342,175.40141743802585,6.842924753277613,184.8342762432837,1
、,0.0,0,0,0.0,0.0,1
カ,277.44746739816884,302.4205736806785,232.3798543030589,22.8993735466443,280.32962241999337,1
レ,330.48160187810964,345.29830589618314,308.7211145937623,11.710861630293428,330.8525733751048,0
ノ,239.1967042759808,316.46860911509907,172.85908217782134,42.6613436112549,232.2498667050878,0
ム,177.13662266703284,200.31618056084338,166.56355608374838,9.569496137812651,175.63412256634234,1
ジ,243.9405734080316,292.6075807550262,202.61668577587582,25.19447796443501,235.20193584511347,0
ツ,225.0787779176578,256.56163651949294,204.14070036891005,13.415919354850946,222.16184870998984,0
ヲ,168.63054817935927,196.86755650370986,154.03675322336517,12.930894674321655,165.36595955894504,0
ナ,152.00655729679661,158.1918978771994,143.5360695524043,3.9585442628413707,151.7576688765628,0
ッ,148.80480284079692,149.58375614327772,148.02584953831615,0.7789533024807866,148.80480284079692,1
ト,187.71124489947286,200.6743795407592,181.15195212078038,6.24049733906053,185.76252196924526,1
ク,179.72882937718498,201.68133145142383,170.2987950960885,10.530086551677643,176.79095330805185,1
サ,202.57212651753258,219.85927532722988,188.43319370381957,11.827047095494862,200.99801851954044,1
セ,180.23319715061965,186.02481926755755,173.236773132107,4.096976247633493,181.2080605310649,1
タ,175.58666433393142,223.73750011010748,154.3515980853965,12.2677842934389,173.94524864510768,1
