Mora,Mean,Max,Min,Std,Median,Accent
キ,228.21440819620432,234.1140530177842,224.00540947380566,4.296501037612837,226.52376209702305,1
ム,208.9006436931701,224.2059102638259,184.89578659611132,11.85314178747298,212.59649400287591,0
ワ,165.2660611435979,183.84148738049993,149.9726133138182,10.168875499029614,165.00850177122544,0
、,0.0,0,0,0.0,0.0,0
ス,215.75521959535135,239.37406725556508,205.76588707373176,13.704332031552521,208.94046202605426,1
ゴ,252.07733401271642,305.18895080855873,202.06415699872898,38.32611758742551,249.33413603059643,0
ク,272.4735975721856,303.2847544990915,255.4612559004326,14.542737898633373,269.1414070139497,0
ミ,196.22482901029383,265.4540169003374,164.05390630244315,27.99306713592429,187.40482860417157,1
リョ,189.5223441381112,242.34910810516163,152.83132986788686,27.351415247603974,191.37193319518786,1
ク,225.88222298311368,242.9996084674943,201.3815551384603,15.92194282758182,229.5738641632501,1
テ,254.88388207662723,285.2416211694565,216.9196585748481,21.908220488445792,260.04900593146976,1
キ,224.41596626825964,263.6569674850914,200.75889326319287,21.909622712269947,211.38033837795274,1
ナ,246.49322020773366,256.07458347091347,232.12620806555526,6.843109048523504,249.5025052349352,1
フ,242.98794563448584,248.1319656366797,238.06397757081513,4.113183119785592,242.7678936959626,0
ク,0,0,0,0,0,1
ソ,227.08415967396976,241.68520300751842,217.40554052710732,8.421180921174841,224.56998130193176,1
オ,215.66283754422716,216.77378601302496,214.82099095919318,0.6449983905170628,215.52902644562505,1
ヲ,214.70050404173128,216.44506416506712,213.9361562867677,0.7047589332371411,214.4932657399882,1
シ,204.78847945426986,216.99530063549057,182.646213874975,12.030002571834391,210.3553652179813,1
テ,217.1343945225377,248.86655895639288,203.79933805765847,15.133854811035443,212.71460890284513,1
イ,192.95457427463083,199.49402887588298,183.84236503323686,3.7238940902815947,192.34445226357255,1
ル,180.33627613866537,196.14724495550323,169.28135289931788,5.918947306792186,178.9973203161684,1
