Mora,Mean,Max,Min,Std,Median,Accent
ナ,183.32160940542943,197.48439681655628,173.33426219250802,5.360392102061223,184.00666846532053,0
ポ,232.1709219184381,257.64062234230624,171.95758539818908,25.618831941761368,237.46685790365072,1
レ,269.66755041335813,295.737094068746,229.58932837516483,22.460835595733656,264.2288725593266,1
オ,278.55922966563537,297.22999449897856,239.35534052225157,17.912482008398957,285.5749338226501,0
ン,212.67395685634364,234.3668926195553,192.98669833583753,13.278650358532406,211.91249390662705,0
ワ,163.3024869375136,189.33811490410642,136.93766886455617,12.88543521397684,162.82373155860984,0
、,0.0,0,0,0.0,0.0,0
セ,205.481234654162,219.5451301286866,197.5250013640827,7.884695056009357,200.57276209074507,1
ン,223.74833247877797,239.23353006516987,204.44833767271825,12.511857443271841,224.4789278506065,1
ト,233.68309023694385,267.74459371499626,196.79333024062927,25.831980081095473,225.33983758696218,1
ヘ,222.4149557127049,260.78595678356453,205.41724524332878,16.143414069783603,216.02251044626948,1
レ,240.87208171795126,247.96106565986125,225.47174068032163,5.531698921749135,240.61015939402097,1
ナ,242.58132400793127,248.03521808176936,227.0033917173916,4.442012296359353,242.77931109324732,1
ト,232.02048081770317,258.7525234096192,194.81527341617684,15.571209109552694,235.63407524077394,1
オ,235.0190532310137,237.12372601109075,231.23653746282486,1.9020457708410443,235.96378780394588,1
エ,230.18992193539643,231.03192265025942,229.69292222097675,0.3707451256325503,230.1724765505413,0
ナ,214.8216154494907,230.48510584284992,199.75459327397246,8.979278336366662,215.85567988066106,1
ガ,202.0576127589138,219.0268659030668,192.02042638305574,8.166191527696148,197.67581247669256,1
サ,217.88970175799264,242.01734939451913,196.89257771533724,12.028328371850623,217.45356423714782,0
レ,207.03711711163527,219.6918684700595,197.38597834216594,6.152278124974499,206.98529775580838,0
