Mora,Mean,Max,Min,Std,Median,Accent
キ,298.90950759305355,308.1264963762734,285.92147388059885,5.955047339320468,298.46080415186987,1
イ,301.6310068176286,311.65166984687386,241.63685055755698,19.49605119445155,310.12560307689785,0
ト,250.1680009075799,292.0289036894675,228.60996694496032,18.556406053596515,248.56585258533562,0
ン,199.72383353481965,226.51821569907892,177.41375328594555,14.532469792048508,198.94502172664806,0
ワ,155.1898611428442,175.8234481518431,124.65447506088286,13.647841539387015,157.3763554439565,0
、,0.0,0,0,0.0,0.0,1
ハ,247.79974344121385,273.3970264130042,206.97936724632714,22.32050239306089,251.7100411427366,0
ト,304.657019309704,331.3000885573831,259.6833182490402,20.215934005822415,307.9050790120701,0
ノ,223.38002416329465,298.4435214814867,170.9811056786171,44.31052922666834,209.98728248694363,0
ア,146.63753581179998,150.64938810647,142.62568351712997,4.011852294670021,146.63753581179998,1
タ,184.97983888022213,206.06693544595745,174.51909717846405,11.434223751919992,180.51061561243432,1
マ,170.99635789211302,173.79515909035933,163.41854723739607,2.1685097458005305,171.46512230972652,0
ニ,163.70936687734766,168.81508367287844,152.70372560441143,3.6098708899093825,164.7862168617956,1
ジ,158.89079162873216,187.35336849187158,134.79484281551296,19.929128867687105,149.90199484581953,0
シャ,236.73594887133774,277.90114314813417,188.360355527529,37.78710091434921,259.18266744759717,0
ク,214.69392984832922,243.86912353269653,194.85837098784694,13.450458452483236,210.22597453493225,0
ヲ,181.74492038352477,201.2133094761452,166.8267571716257,10.673131739362464,180.22330647974465,0
ト,167.2334536048266,175.37161668177794,157.47104232774973,6.439480484927225,168.0455777048893,0
リ,161.54953653132608,168.67701487596517,141.51446097523126,7.772152778134743,165.73640070634576,1
ツ,159.3077448816597,166.9562106179398,156.57240614000494,3.8231070962042404,157.03778401942873,1
ケ,189.3233060861604,215.33874617811492,175.89563948359876,11.873328097674033,187.68491061759357,1
タ,137.8364821834037,171.7942513425546,113.72577112189461,14.470894477146938,135.89411790717853,0
