Mora,Mean,Max,Min,Std,Median,Accent
リ,249.6178458631643,324.5024619172243,203.62372266576355,40.538184529345784,245.2230436482064,1
ン,344.8827239266428,354.5431731797704,329.8768558609032,7.876672073098407,345.0763337505206,0
レ,336.51546348855805,367.6834306340112,295.2783024844536,20.530250793160587,341.4437680756656,0
エ,279.6800513586438,292.7742542912168,266.0732077850178,8.714210903644654,279.79444651302623,0
ノ,222.68710724233074,263.73339371152855,179.52471926969665,23.064647640710724,223.86465141150492,0
ク,215.61534390740206,239.6391786131928,188.3547635615454,15.142832799837228,209.1459493543548,1
ラ,207.218087502261,215.20543215955138,173.93043160237582,9.294501076344481,210.83936846675633,0
ス,216.46136746154508,235.64954032178724,186.92404114629997,13.637893564560835,218.21886144567344,0
ノ,184.43141175788205,205.62298282684992,171.9317966351933,10.600893714075777,183.74087095058883,0
ナ,174.16155752342956,186.0967907538188,164.04111569877466,5.362121712592848,173.0093686022212,1
カ,173.13176144696936,201.68904822393424,130.10476760625113,24.534965228544667,180.79938417784496,0
デ,169.7326554692418,186.28848188862912,159.0505499869507,7.987220607583832,167.45698065113135,0
ワ,149.1886589549411,158.72481430966204,138.53442604959898,5.175622643832878,149.19586908252168,0
イ,161.7507812913265,170.30760318203622,148.7152150394514,7.003571980085776,163.25803168835017,0
チ,171.52113246803356,217.17533201008078,110.74326397968673,40.821225042177225,174.40192521049627,1
バ,228.52066168566728,241.83973271766988,201.02686124269266,14.076013182269369,238.13897064873217,1
ン,237.61585945735428,241.08527263593916,234.48665402120585,2.119077772512885,237.1737619420408,1
オ,232.51552249780002,234.51561021782342,227.79886725157712,1.7893298775969284,232.69188755835782,0
ト,219.7717258728911,256.75609605857284,146.6784642636826,30.08604237177132,212.10236775136894,1
ナ,231.94099455211938,239.0576519614588,227.21452967570735,2.7667214551186525,232.49184401392435,1
シ,221.30262817387222,254.78992533445444,191.08026052301943,15.626833146449892,223.77507013702032,1
イ,169.78194344186235,187.33185094814584,154.27631824497763,10.799354429961712,169.15224353280112,0
