Mora,Mean,Max,Min,Std,Median,Accent
コ,310.10506794304376,330.2514874103005,285.37989120029306,13.500887318167846,312.6413453875844,1
オ,368.0349122837936,380.13118400685914,335.6378075136048,13.19186907803793,373.2760356439246,0
ス,345.365141685566,370.7961947175687,271.59616119839393,32.346962952687264,358.16548249580404,0
ノ,222.9398269936611,271.0127511922195,192.47758928146084,23.54735496501575,217.13620556108708,0
チ,174.85334174885867,189.36384530877766,154.60370343221717,10.869025172199201,175.74079859820839,0
ケ,227.9730728975438,253.0373736702805,204.95801922381492,11.187737097361444,230.22333775581782,1
エ,227.10728888766977,229.90794683296883,221.52956938027535,2.502451993225581,227.32897790116775,1
ニ,229.34028463322704,230.92621368610813,228.14987846087868,0.7793939374418747,229.3650756548098,1
オ,224.2743693013845,228.7418193846111,220.48490277873358,2.52877368424283,223.8478505544821,1
オ,221.00965297228637,222.96478494688216,220.19168136102613,0.8499872768867422,220.62782310172605,0
ジ,191.67845692716577,233.49432666616448,164.5759039654529,18.968926840019876,186.54801094686954,0
テ,154.68782549302924,196.19916180785526,126.61386227306657,16.022940033137946,159.40813907974356,0
、,0.0,0,0,0.0,0.0,0
ツ,230.47768147511837,242.4742062847961,224.2934634854795,8.484182738540719,224.66537465507952,1
ギ,260.34170129911644,342.49091456367415,218.70438988494777,44.29443516399914,241.73906236997732,0
ノ,321.3260064473921,344.5256485803571,274.9301963326048,16.633116703893517,324.38153976244473,1
タ,222.87413238666267,251.81146120373185,201.87127970550438,13.55789156032987,220.2648391099886,0
イ,203.40949057359626,205.09690775921615,202.35657183864683,0.9360838785953355,203.01987362190786,0
プ,185.96793595812034,199.62073801679531,173.39651671289135,9.322597552948414,182.22281178384455,0
ニ,166.0184353763657,187.6136454839274,146.1645631051494,8.862447581262039,167.82518480061057,0
キ,167.08726357281128,195.11570430999282,137.88879638089224,19.643159214871694,172.22197415250034,1
リ,175.48943363262634,188.09463019205825,156.7689422761515,12.08653444183933,184.85085270657922,1
カ,203.53767923351361,228.26647757216853,181.2900898424393,16.50023656669445,207.41778517728807,1
ワ,198.99363603057373,204.63189645125692,190.15667549649226,4.276096748560317,200.90054109019138,0
