Mora,Mean,Max,Min,Std,Median,Accent
ギョ,208.12219976318497,231.114752609713,165.43515844872258,18.16328826846369,214.65725341223487,0
オ,244.65181344223566,259.51397188798074,226.8740024036734,10.545210254782488,245.8790630218769,0
ショ,263.2037120658123,305.65146333752733,211.79262924539762,24.36233877870556,262.2445757537068,1
オ,265.94995387839214,270.9421180273916,259.6404732579397,3.2065827199898855,265.7700043658182,1
ニ,243.30640025835098,261.04258906175795,236.21943075049958,8.197252996637406,237.9025164582983,1
ン,233.1787810801226,235.6772200381879,228.90384133088816,2.228444493626974,233.81805639393838,1
ワ,220.46036441849387,260.93270632152064,195.83887048718523,14.566216837201932,218.19395848113913,1
、,0.0,0,0,0.0,0.0,1
オ,258.56185493379917,278.73497987599836,231.7890145315039,13.503590090607517,257.2406475530389,1
オ,307.38114092845956,319.63687673102396,284.043864131965,11.542289514970484,311.63052409601596,1
キ,255.64359565654658,314.7061700113371,201.97137372466548,34.54093390894081,252.80979727051505,0
ナ,187.78453274475558,228.4880939923561,161.42443621938284,18.052508883417506,192.13507296134586,0
ツ,145.2883215487759,161.0650518792021,133.78022891599994,10.306064397769815,139.71133473114884,0
ツ,241.10020450302235,243.714494995742,239.40299670986488,1.7352669832956749,240.32275407407604,0
ミ,268.9379541755091,291.5805059826863,237.96588979272929,18.263310462798994,269.0978703357757,1
ヲ,263.0249196356666,287.34602288982245,233.85561854255474,17.572889485378685,264.6163487512911,1
セ,199.38403580885083,228.89810501747453,180.0807462554541,16.763031180033444,192.348521875467,0
オ,176.22326221463052,181.28186580533585,173.35961357130574,2.6947665390515727,174.75468395596647,0
ッ,176.5351253813305,180.29740207332918,168.24543223813748,4.844477552889575,178.79883360692767,1
テ,169.82916856403654,171.84673363405548,167.81160349401756,2.0175650700189607,169.82916856403654,0
ハ,137.9997886600768,153.21752818646115,128.06906140103933,6.637909256160509,137.3801248457064,0
コ,144.1112632234471,164.8433591070004,102.87080116371656,16.37545498950516,152.65167117554657,0
ン,153.13841054512335,161.30718765128898,137.6182302548965,5.989761642338851,154.50297996837622,1
ダ,154.62277129617482,167.3626594581182,145.0751622860186,4.2091231370285564,154.22783268004082,1
