Mora,Mean,Max,Min,Std,Median,Accent
ベ,190.22837346877793,205.95376512490057,184.99826448487843,7.06417304556507,187.30693893506339,0
ッ,184.3556355894249,187.33847523659358,181.65610580088557,1.9815464969299976,184.17541751976054,1
シ,236.69059330867745,295.83086652178855,163.40590661202458,50.0851079959309,253.08677697098452,1
ノ,311.11743260078117,331.37072462989124,277.13462639858216,20.12817423347061,322.22294893240485,1
チュ,302.09179792318326,328.22189274420936,251.32749679179645,21.023451561627933,307.8519549910781,1
ウ,309.81683407868775,311.0783716656261,308.1637533605588,0.8958780127696246,310.0029926863572,0
モ,304.4141942843358,315.02376009376616,290.0251138946715,8.734957655939244,309.8807137764941,1
ン,312.8753348563291,316.13933199217604,306.29524606272344,3.337118702850948,313.74226334689274,1
ショ,289.7832418336258,310.56379098534575,259.2891356818822,17.735832654322895,295.0857677362328,1
ノ,300.7770318822301,311.868627781365,277.5273759989802,6.466312243721684,301.12248874276065,1
ト,310.62426430337064,335.7207013315058,304.2221067174409,9.62565328936601,307.2215319111516,1
オ,287.75668926574514,302.64467952712005,268.91344918056905,10.710151614419377,288.6090743421332,1
リ,180.87782908786286,263.83825043604634,86.95403246027377,48.261398462668794,186.19834024412947,1
、,0.0,0,0,0.0,0.0,0
チュ,183.7362190520891,189.74366915948178,179.70648653707997,3.998436801638856,182.74736025589732,0
ウ,182.3134274156998,185.4925335462367,179.57042872066276,1.940661891374955,182.61098668187458,0
モ,210.2111700680689,223.46332822929355,187.60070969705922,10.529671239290826,212.66818236568332,0
ン,206.4594510660548,207.87277788500703,205.26826840453728,0.8691569644997797,206.1972800470578,1
イ,205.6379530049562,206.42796071699448,203.3796946708875,0.9001756050411112,205.91700892023766,1
タ,196.87527612601536,218.8180153602689,178.1660563430673,10.158689513863372,196.066789386117,1
シ,187.6887295647181,215.61414302503425,172.84928152985535,10.193615797196827,186.02244362588488,1
マ,190.1324412750765,209.08107304142857,182.3965647372748,6.966157665079121,188.32066072211643,1
ス,184.1806824808133,190.83963613765036,180.9002850242618,2.870612520013945,183.38381448321144,1
