Mora,Mean,Max,Min,Std,Median,Accent
カ,220.6537053863433,240.62600665286428,211.39698142622788,10.015727185915296,215.32214706332326,0
ッ,213.79128190855315,217.80140443232702,211.23363898733993,2.299906233760931,213.32813267364574,1
シ,214.0355649366239,216.6233159861173,212.61928117404582,1.8325438416410116,212.86409764970858,1
タ,313.22168251457134,327.7058349556154,306.5371960042011,6.916127410392508,310.7448431551626,1
モ,292.63092495458363,305.30914871622656,280.9963475199653,7.601771415419121,293.31450409911486,1
ノ,301.18677866403794,311.78971026196797,293.2586620241055,5.712616090678631,299.68423031442546,0
ニ,228.75781914832595,298.9276039447401,168.41033954856468,44.14400677907792,225.19657090720597,0
ミ,163.8909606593922,167.8031022756206,158.1892118037744,2.7938662778640477,163.4559999211227,0
ズ,166.73656404181642,183.1118154254874,155.7783510637383,8.161465012811563,165.40390069702784,1
ヲ,192.70506664315405,356.9291840836853,177.22751031901905,36.962981104196864,181.00460326613967,1
、,0.0,0,0,0.0,0.0,1
ウ,264.7264248599335,316.15473074782096,219.9937183734741,32.77793016431071,260.83799299530494,0
エ,326.48637689298295,333.3856604943195,300.69416143510114,8.314065132982929,328.8473038203848,0
タ,223.3860559014467,252.21794199121294,208.16528479526076,12.92774204878416,220.08683663584083,0
ル,192.61560708827852,205.57953745380385,176.41339264538294,6.6377730371939485,191.60899320456798,0
モ,180.6257344414366,184.22149122187085,178.41961580950917,1.4999736418469098,180.5741788494862,1
ノ,184.7575990659982,188.8553739065575,178.8097155241197,3.599141758752519,186.3398370319935,0
ニ,181.94476240527723,188.47696654735938,168.58215136298304,5.879265840500348,184.09458511226802,0
ワ,156.66370724274492,169.69075280975204,137.72350230878263,6.1161849223698,155.12080411387825,1
、,0.0,0,0,0.0,0.0,0
カ,268.93713160083075,268.93713160083075,268.93713160083075,0.0,268.93713160083075,0
テ,313.64865489409345,331.244991658892,286.11433785790575,13.672712813031547,317.02431176229766,0
ヲ,223.71648872798073,300.6079377837698,164.75676961383027,41.555975741242534,216.7191323286072,1
ア,154.78377405822377,161.52216210404788,142.9320804051048,5.198182817551155,154.66426623052826,1
タ,184.77304338204738,200.0498523297182,182.14184834007781,3.781730150644131,183.49579815245255,0
