Mora,Mean,Max,Min,Std,Median,Accent
キ,0,0,0,0,0,0
コ,283.24960591582703,293.3601184265046,234.0640512045738,11.081886713578111,283.5740511450648,1
エ,292.5746110965675,292.839527228397,292.03305809463996,0.2672153295750289,292.6344005469282,1
ル,288.1960167734081,297.00765422158975,244.52292420549074,13.44199195339625,293.77606149071977,1
オ,291.4980876717846,294.1765633661108,287.38453823867604,1.4600852717468267,291.514871129233,0
ト,273.70813892525445,325.0798378004038,225.85323637078105,21.699642389449842,273.39910645108233,1
ワ,191.8986117899224,257.8231694666372,101.57400326866103,40.22362154442923,191.91452084437128,0
、,0.0,0,0,0.0,0.0,0
ト,202.11754178419616,217.83165592042175,192.5296432482141,8.665866343824092,197.99415198993273,1
ケ,196.66835355342457,226.9824570789812,170.61842189983093,14.704368021240182,203.82235438634797,1
エ,208.0571203874997,208.98666416377822,206.84900670434826,0.6981341990921363,208.1542750016772,1
ノ,201.59918249209116,212.2577564247334,180.28379299336575,6.527995409479353,202.88850647962005,1
カ,266.8141161743626,289.93366106125865,188.4199223346468,28.682152673898177,274.9659092535051,0
チ,293.1953111793282,302.1825010423582,274.4847791660536,9.926707759898743,295.91318818225307,0
カ,330.22194653739,346.7432236426992,316.3187474919444,9.944330203937152,331.2213059053372,0
チ,289.5417174446339,313.64546458556697,241.7157044016469,25.188546508211427,298.99157343148806,0
ト,207.29902800021412,222.3315351738601,194.01977425429502,10.21817043104529,205.3435603272716,0
ユ,179.0020056986935,191.07852822911767,156.37554430036766,8.617235023479983,180.61880753445757,0
ウ,146.6888917978372,151.0305258617905,142.3472577338839,4.341634063953293,146.6888917978372,0
オ,169.3125666261309,178.08325628288497,162.25004313506,4.512716703143875,169.37532935201128,1
ト,204.94128449999778,218.80593615850375,198.0828361759876,6.251293993925635,202.34491373774873,0
ダ,170.80749258469882,195.50316641234517,154.54738720701366,10.137382128656403,171.5680945532558,1
ケ,202.5889866435081,258.2264221185028,141.05789365002101,39.72338797966085,178.7937625303074,0
ダ,224.35715051101042,246.5455476691604,201.510576289063,13.619700899202655,227.61124756802496,0
ッ,192.1731646563383,197.62900872446463,186.71732058821195,5.455844068126339,192.1731646563383,0
