Mora,Mean,Max,Min,Std,Median,Accent
ゼ,211.67840439852196,231.99610513365212,197.6557898819187,10.784706084127611,209.34446773451103,0
ン,252.54201068908336,266.72410099967703,236.0045232373108,11.204582549249,253.36999902036305,1
ゼ,281.27159985075997,299.8382432497198,254.03921756311098,17.495711104882105,291.41228694214135,1
ン,295.36077140520393,298.70408700977976,291.1481174043202,2.266239640801231,295.3065132176073,1
ヘ,252.9459261244451,288.92303420960866,235.13855630836628,13.149489741495739,249.81317018034574,0
ヤ,298.71999770202245,356.2510566145726,268.7259840467932,26.115422724080158,286.1142438544509,1
ニ,315.09615186012786,368.93211851263965,225.51800313060204,47.435554768927666,336.5616885216077,0
ニ,191.50902516383,220.827315907006,177.35625255527108,13.538890475977652,185.81865661808615,0
ア,182.4747339443752,190.9600704018735,177.43093552769193,4.260168638197368,181.28023743375945,1
ワ,216.24847461625473,239.11535331795167,192.9797216311961,14.82754309096048,216.3943969975844,1
ナ,225.9221079798816,242.7727495946294,195.19207626020832,16.61558205236555,232.7335624327311,0
イ,188.04898842148071,193.01923620853825,183.29356620467735,3.1696317010915527,187.37445766136887,0
ケ,171.135197281135,187.19402874928136,163.0459436746845,6.630768013579906,168.99191746360012,0
ド,149.77617754773402,169.89026820182755,131.80583645580484,9.87210789504992,149.659529022919,0
、,0.0,0,0,0.0,0.0,0
モ,143.25607454539616,155.3385413907177,113.47532839745699,14.044738044992394,148.55323578705912,1
ラ,181.04352451527194,224.6816306693525,155.95612770843323,22.96098256529891,175.4008489114674,0
ッ,219.92002880774498,219.92002880774498,219.92002880774498,0.0,219.92002880774498,0
タ,265.98271657373203,275.0951643774594,258.785581788445,4.776197447805084,265.4034401651972,0
カ,214.75964716832382,252.35046559517951,192.19145296438924,16.141288731781344,212.92632152794476,0
ラ,167.57770472551013,192.31199332467025,155.36858274953119,9.549679217384515,166.89836600600586,1
ヨ,153.15935013161513,164.19627807048596,148.09469726618983,3.9000245902266824,152.41047305706326,0
