Mora,Mean,Max,Min,Std,Median,Accent
デ,195.21325465093747,216.82038432781474,180.94787133896045,8.240806115200646,193.1296559302986,0
ザ,226.2356964582582,306.8786877248906,179.04892596584463,42.69809116676438,201.7255821034479,1
ア,332.60551231344135,345.8451731339569,312.29038495369616,9.730020611015101,334.6244957414324,0
ト,287.98036138236273,287.98036138236273,287.98036138236273,0.0,287.98036138236273,0
ノ,233.26436599919734,271.1381346081068,187.54822343236916,25.071238151216523,231.13336716381494,0
タ,194.14243540125335,206.5240818186315,186.67915905309314,6.0943719690116,191.97605696293874,0
メ,182.61435282447286,195.90089161784127,172.48527735936057,6.363591309074044,185.09994967182183,0
ニ,161.0823277058889,172.2565284772971,129.18245931369927,11.052701295118494,164.70583987819495,0
、,0.0,0,0,0.0,0.0,0
イ,176.3745527125434,178.91725610541397,169.55537939604878,3.268395616525049,177.90004331797422,1
ブ,207.53905352994664,265.6010773285137,158.0814696487543,42.56169270370109,217.42734706663288,0
ク,274.92201079550546,324.45464167296245,236.82975009069514,30.02261369347955,278.2445057256459,0
ロ,251.7090429202387,339.12141610860124,177.98490456767746,47.08354269688267,250.85958918423285,0
ヲ,152.19197247934324,173.3595785618896,137.6141484862462,12.26164531800647,146.05555211296954,0
、,0.0,0,0,0.0,0.0,1
ア,154.72330141681476,165.27002133016887,140.53639201090718,9.338694559631644,156.6827558798474,1
ケ,176.69763984947323,199.8327861600864,128.81291229568575,24.052718105222127,195.44428955297704,1
テ,258.76866239735745,270.2167826257369,247.32054216897794,11.448120228379493,258.76866239735745,1
オ,239.03037646072195,251.09481796387735,233.6790673635196,5.445569843525197,236.33457935790605,1
キ,208.58287566873855,224.03658088115128,197.39032580569247,8.864921105088962,206.8960147303437,0
タ,273.99202455373836,300.01622157466903,266.46860081702334,9.73287253209589,270.02651307736727,0
イ,265.15139100523385,265.8943260665031,264.6036717831851,0.419002748759701,265.20010890751576,0
ノ,234.23517557245162,264.85974603061925,193.42417683210627,21.9636749261313,241.26469603659177,0
