Mora,Mean,Max,Min,Std,Median,Accent
ク,327.1438509857076,340.246010587919,308.3662737513545,9.189800578583283,326.3091113321494,1
ガ,357.5831041181643,398.1450246440675,291.2389039337713,39.25765676760088,376.40868133213803,0
ツ,311.8500821095999,371.71519965300485,264.23354438378,43.67450736857048,288.00164340321766,0
ニ,202.93351668193608,255.96983625358507,177.63763403044783,24.352727946674484,195.68595851449498,0
フ,172.57711515389164,181.77801908635706,159.64020463926056,7.84229972711061,174.97403986511466,0
ク,258.6127035505989,259.5927290041748,257.63267809702296,0.9800254535759336,258.6127035505989,1
ガ,243.1860797023218,247.78911146505007,239.80406694300152,2.3472858814057798,242.49180828992766,1
ク,233.17881036645792,240.0928397197067,227.73712704382913,4.162529071145576,232.61236664281603,1
ス,251.5008085864469,266.9184287018353,245.77348905345957,7.795901363029026,248.76119231495667,0
ル,232.88907305302078,243.66538840080773,216.29525984074488,8.981729864637977,235.99206520987843,1
コ,225.33260690129936,239.4394324566738,199.47799915471026,11.306399613011846,228.79470514911958,1
ト,208.7971739051108,247.146437213726,177.11250020337127,16.91712727698272,211.6452655398796,1
ヲ,151.94164724240974,190.21768166145415,129.0662297201565,16.909942464612907,150.8934116750231,0
、,0.0,0,0,0.0,0.0,1
カ,225.33364062159777,236.69333943892772,204.1268283791417,9.70282312951022,228.238751740837,0
レ,259.4250418094758,291.36906924789395,234.04434011752417,20.89407197365204,245.76324590951086,0
ワ,220.0233648864862,277.88652882196754,164.31604370959698,37.67071479026769,219.44071059488138,0
セ,164.70287567989294,175.53472606599505,159.3411803784306,5.053379222050479,163.14116471510687,1
ツ,175.82819378428806,197.94930151363485,146.74878455935573,18.793788731041445,183.95620960581823,1
ボ,175.13777674596582,185.86096612349994,158.94777283432816,6.600554104355254,174.76952945741098,1
オ,176.32252750407335,177.55027281205633,175.51489080279472,0.642591572685504,176.39790470837073,1
シ,179.7382847671301,187.4111764864309,176.0389312709498,3.409519257299353,179.0997698356672,1
