Mora,Mean,Max,Min,Std,Median,Accent
カ,214.5073871421593,240.64539483953735,205.87385594014586,11.820283872736205,209.12867153107769,0
リ,225.18776214735314,242.478978437072,185.90232299218664,15.984816309397697,226.46206281833256,1
ニ,231.51125892336916,236.68625275418168,217.8951794703081,5.466644331219923,234.33805688085738,1
、,0.0,0,0,0.0,0.0,1
カ,320.2576444949466,369.723484672814,279.95164706407485,31.837694435823963,320.7405025794598,0
イ,394.5707512129354,400.17365412489494,381.74859987289807,6.118610669722189,396.9967241941201,0
ガ,326.7147365241492,395.1471643239005,235.32251822329437,50.53771720989868,345.4483480163885,0
イ,214.83646171559417,232.7979226036161,195.75098382518647,11.94046604690952,215.58102086838022,0
エ,183.47741030649317,192.14158258913815,174.15494722603444,6.247506922387731,184.0085789857534,0
イ,170.57480610790665,181.44951157227692,163.6671835963679,5.360750866361243,168.63260212260622,1
ク,172.0350969819727,183.56609685044086,160.50409711350457,11.530999868468143,172.0350969819727,0
ト,202.9057736924222,228.55136700524048,190.17402877154387,13.717779473322281,197.04571594771065,0
シ,173.3104742829501,186.5985450662928,157.3917933514317,8.805411248602928,172.73045583834624,0
タ,185.8909511546466,200.86176036566698,177.3288961709674,7.705095220185503,182.54280566142876,0
ラ,157.2578508235296,175.83349690045512,128.70682379380642,12.64182788842081,158.50533116826253,0
、,0.0,0,0,0.0,0.0,1
フ,177.21952791386997,193.56102858491298,170.45115179242464,8.6196761411921,172.2272627027265,1
ラ,173.01530329714706,188.63657665568886,156.65175554552076,7.717004083132464,173.22452080500284,1
ン,210.8927958305496,228.14682433595408,191.30765812817657,11.985454006875951,212.23240643907536,1
ス,243.61482670981175,301.1746003438052,210.34790054689884,25.964404893300742,236.37283822059405,0
エ,270.9874966194725,273.47568697846845,269.9979799205401,1.0657109684833665,270.38171242545866,1
イ,270.0153473778445,279.14716630841974,251.35102875033252,10.518668573543007,275.8200240726595,0
ク,231.2572314923612,240.87503957569135,221.63942340903108,9.617808083330132,231.2572314923612,0
ダ,248.71868672487437,327.8775616709616,213.02693592198798,28.703915678133907,242.82887390459348,0
