Mora,Mean,Max,Min,Std,Median,Accent
ヒ,329.9713743295505,344.50274878942156,300.1789683991947,14.560202916318563,335.19847321141594,1
ン,339.69708176545,342.70501497780475,334.99407617477937,2.1150396507765317,340.17355790727595,0
ギ,290.62350416002823,334.2751311490088,257.9719984644908,25.729582732430867,286.9200829350766,0
ス,223.08247977579884,252.8083073610354,199.98934809274098,16.91076311886838,224.97007596573366,0
ガ,174.43075446056,199.9191361664522,152.573917064827,13.683930983821224,175.73616321844375,0
、,0.0,0,0,0.0,0.0,0
イ,162.59871532647202,174.73473532519722,145.2316252234509,10.277815520790094,167.2176762237169,1
ッ,0,0,0,0,0,1
カ,273.606931561562,287.24689826061586,262.7327158032973,8.360345096850114,272.640755253546,0
イ,285.11140371160496,288.03718149497445,280.39266612368596,2.312377587137542,285.2727757200797,0
セ,247.35118966048475,280.96194631251444,214.35786807927497,21.996721204023792,245.19230376660823,0
ン,183.9203501293623,208.40401630013034,160.8857917128374,15.335557174444812,183.81856185590004,0
ハ,151.5435814683298,178.39000010336966,124.29402678442395,17.997710053442287,146.94009856674563,1
イ,202.94307540501563,223.6420871090454,179.6617558848135,15.323557000487797,200.71319301092143,1
タ,228.1175389712549,258.8231165763984,178.2710349697677,24.510437450724105,236.25779202008695,1
イ,226.79151963297485,230.69682183643792,222.95557044340114,2.5206643302676417,226.77493769009064,1
ノ,209.93448681422862,226.88889844222558,162.03131235478125,14.449910494695123,217.49870849415169,0
オ,142.6804338409561,144.7267804526264,140.63408722928583,2.0463466116702875,142.6804338409561,1
オ,174.61117689152888,210.55020720513977,151.72747950077527,17.345896000418886,170.40572714169812,1
バ,231.3161737121407,262.4364183636367,199.6164331606986,20.28856803079211,220.95023796796136,1
ン,238.21452026238407,248.67663328808257,199.52003493721696,15.001610014506111,246.5063438836509,1
ク,204.93980847135376,211.93019861689322,199.2188793588016,5.266438252809818,203.67034743836638,0
ル,216.35811048612305,230.2418618880824,201.61297027186674,7.873657679923203,216.25503216201992,0
ワ,169.52424021378317,198.44274634458074,151.98346858477828,13.918814887655248,163.75553541055723,0
