Mora,Mean,Max,Min,Std,Median,Accent
ウ,187.28073556730493,196.66155133366883,179.77196106383343,4.598604193812918,187.55058176341652,0
メ,235.97281780663306,305.95923777607635,184.03628288108524,37.354644230153845,228.7611114648986,1
ボ,313.79086225415864,346.18879778788755,272.2963313507392,25.039629899163554,322.3789754038769,1
シ,319.6956446929017,348.579078818502,282.67339007728816,18.469440024645024,327.53927550142134,1
ナ,333.42535820523443,350.1339228257497,329.2168033457016,5.009292599023012,331.07630668345325,1
ド,292.6208204832278,328.9321084035476,255.8124685268471,25.84962992471326,295.64198057216674,0
モ,207.11648221196083,274.678904996279,161.24422389467964,33.41823424504263,203.34818861317402,0
コ,296.42700447723445,352.6419432261325,139.70992726583685,77.92732497295341,337.39422789183095,1
オ,330.327856367691,350.1619457210412,264.9750702620604,27.638919244856478,345.2172827358494,0
カ,262.2190640614374,302.1319079660358,238.47437688955716,18.95465442767189,258.8728702006505,0
ガ,191.66718764465546,232.54552550574292,169.8576689132025,19.00843109400631,186.66763863497397,0
ア,186.94577660488375,197.73343058178187,177.98824169215268,6.62917389621202,186.24967347562523,1
ル,208.26744131386843,219.12577555464657,183.91215729397922,8.091295403663755,209.373879576874,0
ト,190.35939555327673,206.60591999232525,174.7005507935722,10.975842148961638,186.38636106312487,0
サ,165.00992598130478,183.55844467061263,141.9021572458677,10.72300932726072,163.1840331893224,0
レ,158.8387374916978,173.92909225084315,141.3442852028862,8.661946049714963,158.8034285531607,1
テ,199.82087713111292,220.11635327703996,170.24201558779356,15.120284095996576,202.77226994083696,1
イ,180.24532829524355,198.4454358538156,159.83716373580253,10.55776030120608,178.96390026700888,1
ル,163.50307332349294,174.7588067294698,147.96670634555844,5.19099311433403,164.71981151299272,1
