Mora,Mean,Max,Min,Std,Median,Accent
コ,234.05123041142858,262.6180713970429,226.35575942426564,11.986392767196932,228.64139799612693,0
ノ,250.42154077171207,276.7549478326896,215.6236963477757,17.645105657457794,250.11639043905888,1
マ,278.25365034963363,282.29704772535774,275.77802640054506,1.6479229707796783,278.16826145993264,1
チ,261.33516866443506,284.00905942607324,239.55412223785868,13.902164166643646,260.9076934012132,1
ニ,240.12195536980317,259.0041411297621,201.12204468083513,16.685266974260102,245.335536316415,0
ワ,172.80793874668856,196.92889133482234,156.11609417455514,9.389264158945764,172.13344679814693,0
、,0.0,0,0,0.0,0.0,1
ト,310.3489440799728,329.5209364363261,290.7170443087792,13.002100110499915,309.9282727064349,0
オ,352.6449627334179,366.7645798532026,331.48414152416325,10.6514905730892,355.0184527316834,0
ノ,253.43458696162014,327.6235489311649,191.7174723475574,40.46808817476236,258.43252848308686,0
ジ,179.85363660243812,211.67199165365253,150.79115898736015,16.41299529309891,183.18488670587712,1
ン,244.67318191422055,265.4768754097446,216.60154781364392,17.108713616355104,245.8381182474617,1
ジャ,270.3061373954764,334.0767602965633,223.52724022817986,35.4176099524899,257.8895078868303,1
ブ,283.89782119853925,315.39182549607426,250.3731607207969,22.89350803065617,293.18037254225476,1
ッ,263.35277028466237,267.53445282016145,261.4119096575596,2.280301141464225,262.2523184895007,0
カ,243.35427037647887,261.9721461437618,232.1172649747913,8.507964446015274,242.8289019764834,0
ク,202.3085641814193,230.8163375739667,175.3200477876144,13.802640878934493,201.36716127772837,0
ガ,176.03729435950638,193.71229058610155,165.10296568602053,8.010754085910447,176.98374360818332,0
ア,164.28521196175674,165.33661180431608,162.76326541765008,0.8110548829962988,164.42382330833217,1
ル,159.3247005548504,172.78203575845632,146.85484035328528,5.743447561604967,160.23937934733726,0
