Mora,Mean,Max,Min,Std,Median,Accent
シ,227.42643147766952,240.76451862824257,219.67655635535408,6.5949136995849775,226.21231495658708,0
オ,282.4601204000983,312.0211846517378,244.97803516559551,21.85961682430741,286.0977213073677,1
ヲ,303.7259803947519,313.45137216909455,282.8185345923609,10.114254823233061,307.5374610320577,0
マ,212.59936112868192,276.2340945669494,168.11472550702032,31.556754992781705,207.6962611982466,0
ワ,179.98641018424289,202.8670944599489,168.20317216888293,10.651374633534711,176.86127596679958,1
シ,218.0038342527623,232.9975118165634,195.27805789324665,11.947066620583861,220.61866774409663,1
テ,258.6992865567892,274.51379173730834,251.51832045070708,9.220356631879344,254.38251701957068,1
ク,220.59756407343335,248.12996348328397,188.0048687336735,18.43447540498863,218.45086060101664,1
ダ,246.75250890971594,255.13649828225638,242.54445311257115,4.026167685819719,245.94274144275886,1
サ,236.40988883873104,257.6124840602013,205.07233960213625,14.808395673615742,239.8583448480056,1
イ,155.68011235720422,198.58213903600014,105.4722073370546,30.9812472820991,161.85571972974054,0
、,0.0,0,0,0.0,0.0,0
ト,193.4082261535999,215.65734760074272,166.3759347567269,12.120363120667045,195.7245012746877,1
、,0.0,0,0,0.0,0.0,0
カ,260.8644581775692,270.6939206177853,248.74046528201546,6.680845334622255,260.93296901525036,0
レ,268.8835246917637,283.0604423290454,254.8950083525401,8.390381384071613,271.9507574910857,0
ワ,205.032713218105,263.9369756636532,154.70141191226375,35.27126603479121,200.11654187581902,1
ワ,153.50002020726595,160.12662923804967,141.95349997126354,5.165516988123354,155.23466655440228,1
タ,170.93205294484767,182.5405305583293,157.14786166912947,10.480051074435544,173.10776660708427,1
シ,184.44294581252117,226.5146794223738,152.97496437323613,21.348226510236017,176.0812669073782,0
ニ,191.67996713441755,201.85866649671328,185.79885327882934,5.046559790444122,191.6227606164963,1
イ,183.14966096502866,186.4617534436656,164.6192154675546,5.499977502409316,185.19868916767032,1
