Mora,Mean,Max,Min,Std,Median,Accent
シ,0,0,0,0,0,0
カ,232.5612978620091,264.22892663113817,225.10254900025782,9.387011689881529,229.15165091410734,1
ワ,221.49844113227414,244.72720765330735,202.54487531144147,8.441439109655889,224.31203898695458,1
、,0.0,0,0,0.0,0.0,0
ム,174.11033872997535,182.4751424153755,134.63268692542482,11.75608221024194,178.24515630996763,1
カ,185.03323727729642,216.44594520261194,135.12978901336118,27.325199682354494,200.26264263133658,1
シ,183.36885372648806,208.3671207292548,130.84324985422728,15.461653579527416,187.92946159640036,0
、,0.0,0,0,0.0,0.0,1
リョ,231.4416613950714,272.9907880985749,195.86183264740012,23.48215170112353,228.20492065699625,0
オ,292.41296459998273,298.4812321662726,276.9882512344691,6.946724952775565,295.75167810529865,0
ノ,230.73954891609094,296.4401142275812,173.171437547828,39.773186702755865,230.77283595898322,0
エ,163.41843231655028,171.16111950585403,157.63552327634184,4.344067558723569,163.2503663047035,1
モ,159.95981933322494,174.37592791842823,146.12198204232968,7.900927914965015,158.92911902552032,1
ノ,182.87213322246234,193.18032978150865,174.9702111488909,4.139617112998053,183.967122696274,1
ノ,179.49740234443317,188.37330902619522,166.47771160689865,5.382821710584955,180.82836775762112,0
、,0.0,0,0,0.0,0.0,1
シュ,0,0,0,0,0,0
タ,280.33162987279223,288.1152789618748,277.2858415505006,3.0962916580047395,279.1743804584717,0
ル,241.5236594460528,277.8835094994964,201.97269440047296,23.318727293614717,238.21434032662987,0
モ,173.71143762570676,196.32545799902186,163.290742457972,8.779163248334704,172.23773024795463,1
ノ,169.23117861821058,180.023074994544,158.33936236616455,4.491040299031905,168.78963117407488,0
ダ,158.8230867516547,170.62615913751762,143.9208765720066,7.787037795068655,160.73407337134563,0
ッ,138.66144944108015,138.98171174205908,138.3411871401012,0.32026230097893915,138.66144944108015,0
