Mora,Mean,Max,Min,Std,Median,Accent
ガ,194.32492993317993,204.35204150425926,187.9594379597782,6.5491344532840765,190.73254405838657,0
ラ,212.78932829296926,256.8718664111336,174.1214331706944,21.5272005988229,213.8417008826687,1
ス,269.499769801796,297.46090923034944,231.90251712396048,17.036218357718056,271.3222732776526,1
ノ,269.38860481804284,274.0246395318243,263.37523673107125,3.3738950644357133,269.86524872241426,1
ハ,270.68743391995895,283.6883398856345,259.09184412818286,7.572840158232593,270.36312470131423,1
チ,259.65707455909603,287.54179717563557,218.12666274337144,23.417302563317033,268.8441958055928,1
ワ,205.75814613719163,280.9072781020471,148.33196122449797,42.08361645964844,200.59376407343592,0
、,0.0,0,0,0.0,0.0,0
コ,199.2054713129452,201.10461662713615,197.7277143314523,1.4104475350869354,198.78408298024726,1
ナ,210.89189789374635,232.31128234695026,187.6655303106941,12.494268993962525,209.36864021073336,1
ゴ,255.6309783888776,268.62718450393646,234.3757707250967,10.498794071719596,259.6075745389482,1
ナ,281.9302911529014,296.2583910358155,258.7209802716676,13.08791985254265,291.3020257343798,1
ニ,298.4852493077704,310.7307558612651,274.48170679198273,9.001893574808191,295.3579768603926,1
ナ,298.3513032925248,305.5273794827462,287.28056662456504,6.514929819811795,301.2648401163759,0
ッ,245.9805674503646,245.9805674503646,245.9805674503646,0.0,245.9805674503646,0
テ,279.2851431910556,279.2851431910556,279.2851431910556,0.0,279.2851431910556,0
シ,217.1964234746809,251.39236166302385,180.34308712178796,24.391259899792104,215.93048660736812,0
マ,168.55352660864887,186.63408551276515,157.75688467650264,8.777726290699297,164.98594196996675,0
ッ,156.94857272919032,156.94857272919032,156.94857272919032,0.0,156.94857272919032,0
