Mora,Mean,Max,Min,Std,Median,Accent
ガ,210.71928400563408,231.66219815403483,199.6881446577424,8.976689282070605,209.6881475335801,0
ン,238.78888892360823,247.63342082436222,224.26078425554533,8.236769701623084,242.17987323903904,1
ジ,234.2397001587449,252.72403971062218,205.2259655807738,14.183645570004737,237.2433008304879,1
ツ,224.1159012643355,245.92318327890354,201.91044926342707,15.016167341520458,228.52230210896332,1
ニ,215.79101790862282,229.86633741398708,196.71625098152856,9.509670978999663,216.84191196841022,1
、,0.0,0,0,0.0,0.0,1
ジ,247.58832587181917,286.59196825473737,217.5646644359154,21.274010463175486,244.17801712845733,0
ン,304.7415155927912,312.8445098829426,290.3112202601688,7.0095134661567835,306.0662356402176,0
ジャ,246.9449382742773,297.54974491511615,189.6256402916248,30.006681714060452,259.79310203605917,0
エ,169.26318608333932,186.60531308048192,159.70159460623745,9.287571562881991,166.5550879029338,0
サ,166.66210335804584,180.30811648498843,151.62178527685975,7.704387472271693,168.43662270480672,0
ン,216.67695749889162,236.274896186888,183.51551530069972,16.455253435656473,221.26852164013434,1
パ,237.03434361972586,249.66246982708407,234.0303899110986,3.7344754888922274,235.88110149873478,1
イ,242.7924489829064,244.58202103861447,239.97593366025973,1.6409021323985726,243.1800481720345,1
ス,231.4925841513592,251.31771032327768,199.9658847337243,16.882322933616944,240.72352016714865,1
ル,231.674837231295,240.8184014440705,220.16733638676018,7.378517428121828,235.67842292806498,1
ニ,215.06167731072858,234.29307599002556,204.82624088707328,8.889894608463447,212.94188634230875,0
ホ,208.01854833449465,236.53600365596384,179.36693774496896,20.6722159703935,203.45964127537243,1
ン,241.58398628454364,245.15881743862238,234.95859638674497,3.065314016232429,242.10433406723658,1
ジ,233.80484344698277,245.82455690904987,215.65151019151023,9.67122689001267,236.01780552292587,1
ン,246.03301969857532,246.7892129661277,244.33333663950708,0.866590949517626,246.42326534726885,0
ワ,194.45143099943866,243.34853561509792,140.45155538009683,33.51259212348469,196.4611606806081,0
オ,131.35557443372448,138.21358982878482,128.23495242548617,2.8200867849422884,130.85566243695348,1
オ,171.95095586460752,195.86280495721448,135.5356077065501,19.543123420285163,174.8969597226918,0
イ,141.82260877317492,187.85834067564426,131.30325239732286,13.045716086266511,135.63389535430989,0
