Mora,Mean,Max,Min,Std,Median,Accent
ク,0,0,0,0,0,0
ル,241.50575821343853,280.54859178996355,214.0256607597877,27.110411095539572,225.70415043793855,1
マ,315.26507595009764,355.75996217073595,282.67000333926893,17.645137473468328,314.47058389082474,1
イ,330.8594114847241,337.05212724568247,320.6699371792073,5.057153410133422,331.45949355458265,0
ス,262.9954574084664,310.8454519341108,240.43771210017147,26.33181985871954,249.16255181435787,0
ノ,197.85738175982186,235.68884276857776,175.28282352674847,19.79964374034382,190.29370026676537,0
ジョ,167.7559728440045,174.16549564493081,152.58506278372406,6.098096768199649,168.066157439205,0
セ,163.1933110940923,197.2323586685143,146.62377187635568,10.979875184144085,160.54360392278937,0
エ,157.42233231256353,172.11719708305287,152.84628090049605,5.972420331335453,155.0886974468931,1
、,0.0,0,0,0.0,0.0,1
ス,307.86662450567013,337.0942368243536,280.8012173702026,14.869364018875437,303.4887655955404,1
ウ,317.6303199119304,338.4419515452419,240.8992962020903,38.38369334360375,335.9863158762605,0
パ,237.4411703173676,317.3407527916337,197.00384537693762,29.56445969417788,236.13275399291874,0
ア,180.6426961026223,194.32676722310987,170.12426212235906,7.097613253036635,178.67957770808243,0
ニ,158.12787950952796,168.08192788544417,150.66681699411598,5.425429746056023,157.913335222943,0
タ,156.94087963342278,177.05588821776792,112.93242168685084,21.014425763296504,165.5595875628651,0
テ,199.4111940037442,200.24878340520726,198.70409116757375,0.42894827578882433,199.34452877629775,1
コ,207.50012179769175,219.1811153166616,187.63001278466643,10.133400193241918,212.70684658367122,1
モ,205.71606203654937,211.46944056969684,200.25662054947367,2.801880950960931,205.50166060006387,1
ル,166.171556607561,199.78719287781595,140.98184340293304,18.384099543991017,164.31993239346394,0
