Mora,Mean,Max,Min,Std,Median,Accent
オ,176.2965192933013,195.81235171235187,151.40565834370292,12.016018749207317,180.0123244856615,0
コ,209.5703258307641,241.87232480841922,144.73467294471712,31.405365569739985,222.8424198202109,1
マ,243.07452496308937,252.27489957269705,228.84201035345038,7.574296629488205,247.5243137526969,1
リ,247.2155206058913,254.61149291998225,221.8985048806166,7.719008941993809,249.05711638660836,1
デ,232.64861492458553,251.05688654408902,213.49833015981812,16.206290979705088,232.98125170908529,1
シ,236.07388352542634,246.19171786573307,221.37984099616932,8.150334295777723,237.67227006748226,0
タ,176.12545134370475,197.88605655654277,163.0345369134846,10.811432435786521,172.10055746493552,0
ラ,145.9156700648688,160.97536025639215,126.92321649989641,10.169714393950272,147.5598619238511,0
、,0.0,0,0,0.0,0.0,0
ヨ,159.48254601478547,181.61057788434962,146.91932913170598,9.964009710520203,156.90785354839701,1
ロ,189.64221749583115,212.90143033889098,163.61391402494274,16.583412670620714,190.8221783876581,1
コ,279.1969533987257,296.0809902582788,187.81256458955912,29.35144923746315,287.82227591171227,0
ン,307.90899973443265,314.32169796181074,298.38476014892916,5.623976771113782,309.71895118375676,0
デ,286.84530109974935,308.4561377894302,261.8265454064174,16.13504894843878,292.1765763038449,0
オ,204.86226941288987,256.20450568340533,182.7149624320119,21.150484752633457,197.41942223117906,1
ヤ,186.50406639814426,188.38144573368413,183.355830462123,1.3454422880959611,186.54086935058945,1
ク,196.639562473895,230.42603879554477,170.22234030995438,22.763784612767576,186.61287796224235,1
ニ,190.33757391743686,206.20676280524796,178.70795571166929,4.874418237191732,190.20953874222192,1
タ,181.13348247689586,190.11297858954705,158.8172752874738,10.133462516852056,184.8311774159563,1
チ,178.11977542377886,197.05674063204827,160.4744130556241,11.923565540802123,181.25995080416513,1
マ,178.99598195284986,184.7525295113329,175.69989250043022,2.2053123792805702,178.74979267653188,1
