Mora,Mean,Max,Min,Std,Median,Accent
イ,201.7129081334424,209.81958849002967,185.07943998726373,9.821689975311905,207.98750024322732,0
ベ,250.27985402424213,310.9702896563763,191.2594793836472,45.455439070192746,268.67032902029933,1
ン,317.0448088541899,320.9409988577285,305.08208046049276,4.263746680951759,318.49349464013164,1
ト,312.5126929049837,347.35849954600525,281.0815996056861,29.526212180518602,303.2480124133629,1
ノ,319.4221227450774,338.56397575873325,310.95841656623674,6.760750291501234,319.9781225199755,1
チ,328.34644781275176,331.24342369055756,325.449471934946,2.8969758778057724,328.34644781275176,1
ケ,304.314150549836,345.48681163430206,229.63669654505475,30.332946216648452,301.4639640459584,0
ッ,208.44720408959043,230.34262892030821,176.96301588597657,17.441353011913066,210.01815268944586,0
ト,184.37933055004905,227.3817286119143,165.93714563462203,17.660278533573294,178.53078034999893,0
ヲ,157.9434761410921,165.13603371328753,146.5481453000202,6.2784824225415115,159.41157265424766,0
、,0.0,0,0,0.0,0.0,0
サ,186.13512835673268,194.02977846930233,161.07869929547172,7.079832963945797,187.74800340262652,1
ン,208.03042722826342,226.78125838006414,195.85812117450976,10.338539823329912,204.32380723477866,1
ゼ,237.08699548485208,264.12365534068186,208.61809105687317,16.801050526493075,234.20774949078094,1
ン,248.54295703596605,249.97374317811855,247.1296952180414,0.9159450165111618,248.4241960067991,1
エ,245.42731056967193,248.15229866273648,242.6253996707082,1.7937818791936764,245.71601872283185,1
ン,243.82394820377763,247.52279841844341,237.57512842430867,2.2778839993412188,244.2809361251558,1
デ,239.84641273384128,248.74327001597058,228.70898318348685,5.609743269564462,240.7550664036932,0
コ,213.29997500097878,239.6198847828007,164.54687741434574,18.376672694627636,208.0374244154166,1
オ,216.41771398894912,223.60781420806234,207.6482960511076,5.545433769404955,216.8840362379163,1
ニュ,222.36627032355636,228.5298106536332,214.73411925283668,3.351275132752894,223.47564307342265,1
ウ,212.58838638827413,213.33203468996112,211.9791147064419,0.4665427467158348,212.48869753854586,1
シ,215.21274919118605,225.637465536739,196.65958790691158,8.048944477027408,215.75868421399878,1
タ,201.70911191104997,251.80105533375735,179.93689592107782,16.654151412684193,196.63638559421395,1
