Mora,Mean,Max,Min,Std,Median,Accent
オ,212.9728724727287,244.3822701145858,183.61453181696567,16.7372013199528,206.86979180846697,0
オ,298.13205984568685,323.6833117139223,250.71460484755895,20.784122976988,302.9761484411339,1
ギ,308.5959630602729,331.0481373875615,301.854170385408,5.034103646568552,307.44989965090747,1
ガ,287.3783661677948,300.2809532358554,280.77974870873675,4.910280614574404,285.6713176179239,1
タ,275.56704315513946,282.91053323307295,272.6460038552609,2.9925837105615556,274.15555554413913,1
ノ,260.35316726761573,272.6577966091217,229.78221417403117,10.31720415542658,264.51507129031796,1
、,0.0,0,0,0.0,0.0,1
コ,331.09314416837896,344.99019435738205,318.5621481513012,9.672854823807867,328.8687529895776,0
ノ,337.61483200313785,372.73860792596247,300.13503077354017,19.033192424966167,343.50953916439937,1
ナ,247.9627671555295,299.29915924672014,215.63597981939307,22.610302984502834,247.01935100611365,0
ガ,205.23247582384386,214.2814980965358,202.0114981223215,3.078063066309933,204.08978874499599,0
サ,185.03873092523202,209.1202801750381,153.36404422604406,16.499829281095952,186.34227405621172,0
ヲ,148.50062123607532,158.67012225140724,135.40863977883512,6.155570357968366,149.38678161957804,0
、,0.0,0,0,0.0,0.0,1
ケ,197.30841873369377,198.71740548524997,195.66093907691538,1.2591414735711561,197.54691163891593,1
エ,223.57624875845866,251.95053126201455,196.42585384405504,17.52204852912763,223.88911631543948,1
サ,266.20251986629137,292.58589962255337,236.763508755161,12.718997677616168,265.84133312824997,1
ン,258.87945145175644,263.604595324335,247.68486540047203,3.9120237291929008,260.08624994391084,0
デ,248.2998868544311,268.1652911950059,229.25840371676327,13.754726084766741,250.9941108399314,1
モ,243.45521831924037,261.3915325773142,228.70583276696536,7.041308919740939,242.1821758310814,1
ト,226.73329499383996,259.056970404894,204.93659175909235,19.34663040201683,224.08594910986469,0
