Mora,Mean,Max,Min,Std,Median,Accent
シ,0,0,0,0,0,0
キ,303.0542379494703,322.7606635115947,244.99526376387848,19.81351102658189,308.65942102898697,1
ン,328.89624936269286,331.8137453967293,324.1441954970107,2.1782632477609982,329.1434045970096,1
カ,336.1656602174192,362.28687320352265,288.3874160364292,28.690877200168128,356.39814302662677,1
セ,351.35754776385505,373.67673017795005,309.7608485596668,17.479538446803126,352.82423821941165,0
ギ,301.08567407340206,336.81435577458484,260.75234931064483,22.47319530650164,299.9063981357646,0
ノ,217.97512181644728,256.4076599669866,177.83481891342203,18.94911447357059,219.93597530896625,0
タ,193.30711337257557,217.97027340216187,173.98824842191414,13.053437368625932,196.46377972470032,0
メ,190.25734930562456,196.8351773829859,181.4805289370137,3.8985458641093063,191.23343493867364,0
ニ,161.80388252268438,182.9820957254769,130.24716323944966,14.4409601586347,160.9759936312403,0
、,0.0,0,0,0.0,0.0,0
ケ,196.3850740489643,215.33223782382987,190.89869146863543,7.035540004610937,193.9558713851356,1
ン,239.76677149646196,267.1422612692955,203.64987700934967,21.58689719514229,243.89824414781725,1
キュ,231.6689820971639,290.3438710789472,128.92127196754677,49.56859728776382,243.76156932136362,1
ウ,261.86015028325636,265.35082244647845,260.57949797170886,1.3401044845380345,261.4817398616873,1
ニ,262.4499434632938,265.8721190780927,256.80178075105385,2.398000996426518,262.1397477586803,1
ツ,227.18510108448547,256.3599637081394,196.81701369624014,17.41624957868639,234.78019357538278,0
イ,249.84153691616473,254.36436891422534,244.80728852078676,3.112053314520971,250.10176774455135,1
ショ,255.3547999393743,288.70611514227636,224.80847257371045,13.549228361761005,255.36325098225927,1
オ,246.18135510012536,251.62720516799504,244.09459043432966,1.9354880314327143,245.63857465804,1
シ,223.5037102726151,253.1745605905194,180.97838567700083,23.550408249757304,229.66845140481868,1
テ,216.89917320155953,221.06765065040483,212.31740171606668,3.0345726205367534,216.12084198128176,0
イ,215.2266203167725,222.74324288031335,203.96473882991995,4.400419331437854,215.1804286427153,1
ル,201.11390873854367,234.93872311956508,185.79368471242722,8.831229465239401,202.13714282871274,1
