Mora,Mean,Max,Min,Std,Median,Accent
オ,186.59031847695937,195.30403636520307,167.75245858765803,8.593126637309782,189.24302345549887,0
ト,251.18330631680857,272.6410302517219,186.6657601362862,22.55748627475886,256.86001477898657,1
シ,268.2347745793407,298.810841926341,245.74399461768277,14.674443237749026,266.45711509659736,1
ヨ,289.4950120595498,294.0988811432991,275.2111448969096,6.040911985585369,292.3013683727401,1
リ,273.7357230993982,292.80196342575067,238.4918514187886,18.732536553817898,279.20384463234035,1
ニ,266.94486814849995,272.92725383716754,255.74148119626162,5.033424564747917,268.78962278617763,1
ヤ,243.315892089779,253.84546571770645,235.52852871865394,6.1779568855326294,242.70764596294464,0
サ,260.533792629686,277.2312982612518,241.49029126334682,16.29593849433089,272.16178516457927,1
シ,268.19076243429333,277.81789276759486,244.7422456844494,11.01699583015979,272.6561538809469,1
ク,0,0,0,0,0,1
ス,300.46169873077054,321.6382480151855,288.58803775273395,11.324883282780064,296.27934405745975,1
ル,275.16873196657446,291.7555740164664,256.28830981843834,12.864688012333179,280.01605587623084,1
コ,281.7094948958383,326.6769494763811,243.32777074165116,24.74968084972192,296.9670747121951,1
ト,277.99600283319427,327.98878584401945,236.21835719533166,24.753844138217023,284.17795744762816,0
ワ,207.9261213173743,277.4149134371936,157.76202116422223,40.758336008290634,200.10350272167602,0
ヨ,172.39542178420115,233.63671864646662,151.09200301837583,23.75718575945953,161.9412350157565,1
イ,266.4353956148017,287.18457530724226,242.6640125197303,15.194789854150466,267.5523113384861,0
コ,280.84852915422516,379.0070731568708,224.0126891256786,44.76069989299678,284.55287216463034,0
ト,178.41263320603983,189.02848972000652,167.23661844155149,7.693069819697013,177.8936081832455,1
ダ,150.71581944441914,183.6842944741165,134.32541238258167,10.780930676520171,149.9416728585115,0
