Mora,Mean,Max,Min,Std,Median,Accent
ワ,196.14449938732676,218.95068845104944,188.12343027319847,8.047882861565638,192.94647867936314,0
タ,293.88690242832814,338.6348241594335,159.31903069295237,45.610689988751986,301.3937103420302,1
シ,338.8665538473749,344.6319834723503,329.05381547365084,5.582508103261017,341.07092698384287,0
タ,326.46436629278827,335.95357482801563,311.5076293376779,8.409099970602808,330.61381061976226,0
チ,234.94510801426864,305.3897955888033,144.72262337007345,51.52667997575102,240.38798269846006,0
ヲ,203.79827488429626,243.51965813062876,186.14285534565025,18.314950964879323,196.69755187032882,0
ソ,191.10840874522813,218.7747952197808,185.43373266653128,10.57254693254568,186.71517889732718,0
ダ,191.72585764234503,217.10008211597278,168.26493698120865,17.901284517933615,189.16372227250727,1
テ,232.56899023795597,266.76568691622606,177.21913077720518,31.43151876696817,251.64910370233372,1
ル,201.973232171242,244.97482083151365,179.73477184771951,17.740620396815437,196.80144822649874,0
マ,161.07496470909751,176.9882754785791,151.23627052846354,6.716471016419853,159.12341678178123,0
ナ,175.8852224884704,201.96109039943119,158.98777315476408,15.455720329322798,173.2279004029475,1
ビ,211.19250979201496,238.77409054216784,191.16644658022284,15.180789083689799,204.83913715912712,1
ノ,234.54275134851275,243.0403942689786,212.79183961698385,8.139896361678467,236.54247928554173,1
ソ,252.4981645588042,263.69813691554066,239.8692795891025,7.965295107676473,249.85398554440587,1
ノ,246.30339917686783,259.72324311741,219.29238017323178,10.983892015191598,249.87925758877282,0
ワ,178.07530609947847,215.3780662469915,155.59402070703555,19.18593022040935,174.59843855315412,0
サ,160.83410261868326,171.98396069039117,148.482113578329,6.488118856216087,161.0327983730495,0
カ,192.63337600011258,215.93507748642392,131.39833754640918,27.18459788238643,202.50016496642385,1
エ,202.87766798597403,214.69221319152425,185.76914240963734,9.29959921336629,205.28636160437958,0
ル,161.02049458963867,184.84810932898253,146.8719395276873,10.800445138812115,158.00615603062056,0
