Mora,Mean,Max,Min,Std,Median,Accent
ア,235.56951434902138,261.51891666203323,219.80918421180968,14.334848819046742,230.90578105707547,1
サ,292.98752988626785,330.40764086428453,244.88604801837818,26.11195387887186,289.4757688646315,0
ハ,283.5016887787416,321.5572087400129,258.4227328848888,17.845293567620114,280.71611198563517,1
ヤ,254.09883591377516,287.27777521421643,224.4915042400012,24.18649432354907,255.75698382277199,0
ク,195.93014885845872,225.4377113800144,129.10891659420435,28.86449831634256,200.93695287489544,0
ヒ,174.5822593724072,191.98399950910508,158.35575055575276,11.44366352243354,176.86934218342708,0
ト,204.60833986649547,225.53394077487405,199.16232057187185,7.017077677615252,202.0389190336906,1
ヲ,220.29598159303293,234.18639936589764,207.58548549155685,6.73996108372773,220.53679869741597,1
ホ,203.75685704659674,230.356670857673,141.65848609384878,25.157629383122952,213.17453135369178,0
オ,216.47290891710512,228.49918831989538,210.4474348729234,4.944659081402604,214.78671992893845,1
モ,240.26769269533833,247.7597171244896,230.28848265742886,5.063928133730714,238.70200097374217,1
ン,248.65426494054196,252.43819374055377,245.9397537316832,2.0066576262915845,247.95286259693077,1
ス,240.21741621319867,255.38887054613355,222.46774422083533,8.842301033217216,241.50251091682748,1
ル,234.3250734956482,253.61836260284414,210.65107566736157,15.637938306237041,241.9685509318961,1
ノ,206.4366095430162,239.78930438792102,170.76238008494195,21.096928844324385,210.71880556241751,0
ワ,152.82667422634916,169.91280283242327,140.8473860711503,8.5656899017836,151.31674393408923,0
、,0.0,0,0,0.0,0.0,0
レ,169.24101581949964,181.56255250097615,161.96235020438579,4.659316883701769,169.67988135330643,1
エ,197.70430765004164,230.04735400260356,171.92197818705597,17.20278094047396,196.50586019454926,1
ギ,239.62999501942386,256.6055267186012,219.5072815461441,13.40911165218027,238.68847292217248,0
ニ,232.8753991863834,244.7981185970989,218.4798772974182,7.725899889584859,234.54862412756415,0
ハ,181.8883991631295,215.91339785923338,166.511047192034,12.64568359197136,178.8158006594098,1
ン,184.92355627140518,190.00575957882106,178.92609338761255,3.864077498227474,185.2148641520667,1
ス,193.72628300845554,212.4744182408212,159.78351883311274,12.290203448711413,193.8355671025095,0
