Mora,Mean,Max,Min,Std,Median,Accent
オ,179.86232131879697,196.70045037190337,161.395597875449,7.689241928462023,180.16944537042613,0
レ,218.34671385816134,272.38422819184245,184.07562953713864,27.881278316241428,211.22850888429537,1
エ,292.29040756473177,313.15616955902044,275.3690048477612,11.390798252098167,290.181497812265,1
ノ,309.52794892155185,328.3057576128411,237.96654098403374,16.73172323953624,312.1707071950193,1
モ,257.84313049832986,307.97282791294805,234.51813152276173,21.301713992283307,248.97636578269436,0
オ,270.3122588308586,283.6659627059898,258.5756121494831,8.310545810545014,269.2496295038025,1
シ,279.96843500877725,320.7372463429498,244.32775354751115,22.402056194223007,283.62845600433457,1
ア,286.5007737923823,305.7970466902796,281.6702211788529,7.6829368480122895,282.5491361531433,1
ゲ,273.1868098189687,284.93378568372896,260.5385537436255,8.692101446738292,273.4171439071224,1
ヨ,275.34309850938456,283.2983815819313,263.528116818275,6.171151066682595,276.2395524815705,1
オ,264.9458273076974,267.3267931096935,262.8146272556635,1.5037631352077567,265.11286877666805,1
モ,261.7821024593252,273.7230223404414,253.3241286300314,4.945783558765419,259.6037121381278,1
ゴ,229.23324248918655,253.07737635953393,219.30639353993112,8.764362524250778,226.61920000023366,0
ザ,224.35493228550925,252.37035655155455,201.23199829896055,11.543831928653699,225.8888382119203,1
イ,220.43085252694675,220.7041867437877,220.1374786870983,0.184977193472337,220.4138078096853,1
マ,224.66755078616643,232.9464498640775,217.78880947539238,3.4413257823872514,224.15237329908848,1
セ,228.11028809498063,247.13492301349078,210.9333265785304,9.344347043956084,228.70635811320662,1
ン,185.11830268548906,216.39238764486905,148.49196928854664,18.66906248846156,181.9946802550009,0
