Mora,Mean,Max,Min,Std,Median,Accent
マ,182.01958387744133,206.23095150770294,171.84227100806538,6.898120861080078,180.76001298812656,0
ッ,167.47730649334025,174.40721952088867,157.05600017887673,6.509679665079094,169.2230031367978,1
タ,232.51340810205863,242.67862609719657,217.70049071417696,6.9711275960294135,230.8119272879921,1
ク,247.10488795890393,288.7285009423997,201.9026546403653,34.80981094274751,252.96934710278083,1
ホ,262.3557607800201,288.9816409977019,220.5927282921777,17.00157264789615,263.7596730642738,1
カ,271.01401478349374,306.2595428020984,226.94940046552068,20.027128809026824,272.735049595096,1
ノ,269.3889367432472,274.561721967984,259.48208798809674,3.6949445937371146,269.845534287572,1
リ,251.91213821779598,262.3828812805146,237.0752945391473,9.005768386690113,256.3217379923388,0
ユ,244.67892227165225,253.52241464897722,236.6029434517566,6.0272112168817,243.5053956532568,1
ウ,253.57982239853334,254.52399791848495,252.51550400157058,0.6125927820545851,253.78562619631128,1
デ,230.18033239973153,254.90152832985632,175.74820947938667,18.614578411008182,236.15073848517704,1
、,0.0,0,0,0.0,0.0,1
カ,286.5944417615714,321.74146981818717,208.7953384730036,37.48374476396943,295.6896030212113,0
レ,311.62888988767867,330.7747520629164,281.5785126831641,14.088629735005783,314.15023324123155,0
ニ,211.84326981239408,274.59078925004906,167.647411692502,31.625073526611605,209.64044166779746,0
テ,160.1300708477629,174.67049304396363,145.11115899419653,10.509926331720878,163.22478609008868,1
ガ,175.14756437695252,190.85041833284131,159.87660547545224,9.72780487204695,173.5389313580911,1
ミ,218.75908713272685,240.73869622291392,192.10693791079314,16.355922528563454,221.84316726824014,1
ヲ,239.07927362813908,243.33224092275435,213.5201585410824,6.598809228459526,240.8301386940875,1
カ,246.61517065490105,267.77227820221276,200.218887978117,27.311395957266864,264.2408700204874,0
イ,261.593480303828,274.5672120022921,213.62844129157475,17.944619708250496,266.8489947373283,0
タ,224.80015996851407,254.67637478678864,176.64572557080706,21.779873917967723,230.91180378416794,0
ノ,192.39423067723405,226.6280223765103,165.75073833494662,18.062284922808754,191.65449168927893,0
デ,153.88028995193136,163.76892067323766,146.7113730450561,5.151182504769528,153.91625233902403,0
