Mora,Mean,Max,Min,Std,Median,Accent
キョ,218.79959700147757,237.25745138308102,191.66481661966418,14.894046125515874,220.63828074207206,0
カ,265.34161666226595,300.91994714375426,168.8178326514462,43.858899894111566,280.93567274116776,0
ショ,316.53164276393215,347.80036000872633,259.38236143122236,27.052880228188805,316.888239551516,1
ガ,313.7817710756362,333.2059618945113,306.92631835417376,5.625242994960178,312.32852001217213,1
ナ,316.01113653144387,328.5762850587712,275.93740159382634,10.424109255968604,318.0882852122302,1
ケ,283.26151959967046,310.70893603628457,261.1338132161387,17.22666805489153,284.79751542946684,1
レ,222.12188367577846,267.6111960395329,200.39374943673576,19.920579725280977,220.50328982033352,1
バ,168.85168010476062,198.32421830932427,147.0414093414165,13.348196884705247,163.67926982847902,0
コ,178.59271340277255,195.4586685367651,167.1798835922917,8.780775779498853,176.3718722869704,0
コ,213.52556725987864,245.7502556651367,153.49254063291977,30.921883975526764,227.4697526255355,0
エ,249.364036606967,252.14597877798207,243.00791581711525,2.877854345216049,250.79312313085768,0
ワ,218.8487830116712,249.07746831013347,181.42965953801007,22.160607778231483,220.55830350065952,1
ハ,166.39129578951517,192.11463521557957,103.29488782711951,22.855434397612623,171.70707563396653,1
イ,190.36031243561044,192.8982122888782,186.50098627226475,1.849548381293764,190.4895548724993,0
レ,193.7332793625541,206.53543146448462,160.3066922872713,9.069326769528532,194.81810922073865,0
ナ,161.4464775924959,191.25083342668603,132.9486679329345,19.023692542514883,160.91853816380527,1
イ,130.43869483903993,132.07453012978922,128.37613292323618,1.5397201442161705,130.86542146409437,1
