Mora,Mean,Max,Min,Std,Median,Accent
シ,0,0,0,0,0,0
ナ,225.47872064300665,242.45864453802943,212.36956677469468,7.490628088621985,223.40919460533632,1
モ,268.7158202109541,292.6566502723342,243.9326812851838,14.065067716871884,264.2616747060628,1
ノ,260.24014126996894,274.70823581500883,253.0033169397475,6.328766603050981,257.8146577023483,1
ガ,260.7312015237867,266.9752784116938,256.84819046036176,2.753552979043438,260.57405546623426,1
ス,272.635943448676,278.63345561217716,263.80388843853603,4.325970503496142,273.5335585609404,0
ク,289.41450569789174,301.313807064917,283.0033688822648,7.039345478187592,286.6704234221927,1
ナ,303.6034737878095,324.3206121553457,253.94385438724473,21.559414132688055,314.53555102370126,1
イ,317.01643204226434,322.3730402904314,299.40173146535636,6.506275289753611,319.8325609842848,0
ト,231.92386793266485,233.0614721206146,229.34008918797275,1.5224300935045987,232.64695521103596,0
キ,196.04418139666055,225.59858030801234,160.9243350166691,16.609258199587927,194.13336168423098,0
ニ,168.25750861742065,184.18304267705574,157.89822764058474,7.347679414230118,168.0672966668156,0
ワ,145.64178445210945,157.01899280591368,129.08648664368906,7.101195013607637,147.87720963075006,0
、,0.0,0,0,0.0,0.0,0
ウ,156.0853801200061,160.144814848203,148.51655034864905,4.489467500929551,157.84007764158622,1
リ,180.35748851615384,212.74775601929056,146.5986610329833,22.68458693556049,177.1564000437848,1
テ,233.88491767912157,270.5730741332305,192.45527310324363,21.321418952937314,238.15574366947857,1
ガ,220.279873512893,240.3515284042666,211.3026519953963,8.08280439868117,219.74228393278693,1
ユ,210.10541471241186,217.93618852948518,206.4365556018352,3.105849593331787,208.79037657172978,0
ウ,209.38131650602506,211.71555997751963,205.96749193988987,1.8627151715391588,209.77944810590697,0
リ,172.20842094695567,204.02447433713596,148.2729648322766,13.136984285812776,173.3252681758757,0
