Mora,Mean,Max,Min,Std,Median,Accent
ド,282.570076829773,293.3282214980844,272.7523142986768,7.0270367020811575,282.4040153245128,1
オ,314.4646760787909,325.3822430666678,295.37513034451473,9.300771534572768,317.18511112675657,0
ギ,260.862092208532,321.86250968050564,221.41287616643953,28.954027423096306,253.23631774737925,0
ガ,182.5148579007363,217.4500508812979,167.4951763722355,14.559099956239272,178.04567030899716,0
テ,170.42293675006155,182.4981432782749,166.60715226461795,3.53511669765474,169.7428525486204,0
エ,175.75681714964702,181.29150637736942,172.19993812698755,2.964453544329246,175.11347208102453,1
シュ,177.49523242319472,185.89422768368837,159.48863715170495,8.972062155217696,180.54998060374996,1
ツ,0,0,0,0,0,1
サ,174.9882949617567,188.22333162040354,167.234882193969,6.891857067710311,175.55889097237932,1
レ,165.9618017885136,170.10057341862463,159.37055120145436,3.2250961258612327,167.4338911022264,1
、,0.0,0,0,0.0,0.0,1
サ,201.1477331759495,212.82525728738054,185.77754253642382,7.24519279139165,199.19481092170304,0
ン,239.38146595459327,253.56907446217215,217.1560236681046,12.411216932757496,242.63292781147595,1
セ,270.70698175708935,290.7067164029237,241.9508958883564,19.738723241925715,283.94708950382324,1
エ,282.9098086055962,283.3829206304034,282.0357125198067,0.3885832211120188,282.9524043370799,1
ノ,271.5556934521178,282.6408852627504,251.65538917490096,6.607928356121648,270.24554465299957,1
コ,271.38395609459707,290.39023293007335,232.95969834030487,18.009078576186933,279.901901878542,1
エ,275.87793410967527,277.03892313267073,274.3942285572309,0.8582644918564222,276.03771970619334,0
モ,195.7483918250426,272.610904385581,138.76348112484567,47.09123208235616,194.69362779334844,0
ア,138.7599860644433,139.17429024059152,138.43328062648305,0.2502331275976787,138.72164689142102,0
ガ,145.9734272701431,160.01616332023872,136.4192460987052,7.043398358340912,146.9085347333331,1
ッ,162.92916392615186,164.11274234296528,161.30171492725873,1.1897435586966543,163.3730345082315,1
テ,186.3361886120205,191.3959673105975,179.20952264069632,5.185323883926243,188.40307588476765,1
イ,176.60670860249436,184.51691629885661,171.51272869053184,3.9911407689612473,175.7023300033698,1
マ,168.83990942137285,179.0917605610521,163.7854198362021,2.87026445719911,169.15073646356615,1
ス,163.4357131143671,163.4357131143671,163.4357131143671,0.0,163.4357131143671,1
