Mora,Mean,Max,Min,Std,Median,Accent
ド,227.62912418430614,248.22860245755675,219.89095995017556,8.092798477531822,224.41761796657738,0
オ,270.4191726813589,310.7143240599789,242.24209529221332,21.23371344550268,265.4658502960709,1
ソ,318.20622590801844,335.42516652755796,271.7348801790069,14.985398408036312,321.5723879062651,1
オ,293.2841121747713,315.4652189485095,242.55757765016767,24.689667622380004,305.7288763843851,1
カ,275.3685507573369,321.1935730324921,265.4556259478307,11.01883428599443,272.51196275047175,1
イ,269.98849870526277,273.0528895639505,268.56974176425774,1.4724102554477279,269.7328407385926,1
ニ,271.9624746770214,279.8603726632656,260.15747158627556,4.378658985853622,272.61764061084534,1
シュ,259.5234683572071,274.5425983104124,225.77976775435195,14.868308656250198,265.44373160705953,1
ッ,256.3397594844991,264.8346157344049,240.00148305441869,8.866428408349117,260.3097030650582,0
セ,244.12311799994123,263.88683868822136,193.42937336088525,21.12000411517289,255.31663032304573,1
キ,231.24690927234732,255.96433833603677,192.61373488581043,17.608112423373182,235.24092747772653,1
シ,216.6940233950627,246.33278499246845,160.9666106921609,26.266818925643115,220.93284483160187,1
テ,325.8402945647594,582.8616955783236,200.3607291612489,156.13566445117291,235.47371012255743,1
、,0.0,0,0,0.0,0.0,1
ム,163.17147057583273,168.14173458545733,154.30645587190574,3.6383071758369434,163.5033250219988,0
カ,195.09601648816184,248.56107341136408,137.5714965833457,37.18682792669817,214.24120351770637,1
シ,239.03148813413927,308.61491686543314,218.25059769442996,27.77507958302937,227.60636947886456,1
ヲ,243.56843377455132,275.09484995459025,228.66665071784755,13.397846843623585,239.6174196650319,1
ナ,203.16024582403764,228.6164016391426,180.70169698487425,16.992747386294592,206.12812087272417,0
ツ,178.23412953588146,205.16108707670142,157.76413548063442,14.801412933662567,182.69334697302327,1
カ,273.732893800547,274.90636648530636,272.0557862459879,1.0457119760708486,273.98471123544687,1
シ,270.701672047708,288.12126862408695,237.0418762551696,14.541197127011628,273.79616411544555,1
ム,205.98207593464636,278.2490176568063,139.68586244475745,44.96406643395001,203.36205589869414,0
