Mora,Mean,Max,Min,Std,Median,Accent
フ,0,0,0,0,0,0
ショ,290.79377119467705,322.0570910335311,243.75658226333246,15.956860132345147,293.4838293707669,1
ク,275.90273224665157,332.17239865996976,246.4851931996503,31.723865156861375,257.8474668873287,1
ヲ,313.97034344255826,325.15873061107004,308.70068138046423,4.647662787507044,312.6531688182513,1
フ,301.9570363535993,314.16714086411685,277.89292492819385,12.41285919636126,306.14712381787507,1
セ,314.63842962258116,321.68331319890143,304.0612713174951,5.381923726141393,315.8409563941439,0
グ,289.4082773552578,300.09245422161854,270.5445484991781,6.504082802978711,290.53661661175465,1
タ,213.02558510497414,248.66184727204063,197.35788907944396,16.218321916693657,209.19475607979228,0
メ,176.62446603939665,195.24451418344253,150.08397135490563,10.684008168232323,178.57368822426196,0
、,0.0,0,0,0.0,0.0,0
チ,312.09191645942934,323.1710825746479,287.01997693331555,10.585242247916504,314.4573663956888,1
ッ,316.642697998099,322.9026610421221,307.6708724950202,5.304323497368021,317.3721697825921,0
ソ,329.5892728641479,370.0218600309678,298.0846202478815,21.66099744493328,333.51245098807175,0
ガ,243.92931119197644,298.1266459689997,195.13365615004548,31.7376724824149,242.40797074845506,0
フ,168.82216011285263,194.9466323207362,97.81259562416035,27.88704563810158,182.20961207775576,0
ウ,187.43638482507146,199.60848522569927,179.47510052219855,6.690793461953577,186.8140007494631,1
ニュ,230.41249315409547,238.39270372801838,202.1923518766006,10.107208851426211,234.99445656395056,1
ウ,232.57737218516058,233.2546834356585,232.18098645176735,0.3877867728041999,232.4362933934803,1
サ,221.83242304651208,235.8676869185908,185.24721320633617,11.44635838209724,224.3674103882227,1
レ,206.74654413104224,212.89705491458028,191.77158906077804,4.931342125937715,208.79162553564908,0
テ,201.200739730759,213.95649073915484,176.0693028059746,9.003166293553669,201.79855236150297,1
イ,198.7846388708183,202.62099670340996,186.8192781414232,3.4264467952959143,199.10964398127928,1
ル,184.58510219723877,206.42172132854617,171.54519064418508,6.343732192936243,184.91967208546444,1
