Mora,Mean,Max,Min,Std,Median,Accent
エ,257.29498002189445,299.3149741289462,211.38286461259693,29.773778476098272,247.93470443336363,1
キ,318.15822736198766,360.3142524437908,209.53388548479006,32.1468249663969,325.51948541039775,0
エ,259.18221719179365,302.51728548778635,216.2276459834956,27.312274577526797,259.6375060855295,0
ド,217.18177895063832,263.5644850055737,188.83865210694216,21.798251273709397,215.83842436678742,1
オ,319.7146940949265,344.70818879940725,270.7286124880251,24.86686839692112,331.02810292049884,0
イ,286.4684169343956,338.5012408907017,226.4541955346538,40.38249427631873,295.8245602549233,0
ッ,197.34202262240967,209.63044383928457,165.57952551616088,16.93633805470526,208.45483343976233,1
タ,208.0787532798146,242.31360735758142,195.3842521491048,12.55343931052544,204.8632266688163,1
ラ,178.62067513940022,195.14420080734132,163.22341900333976,8.221954245672537,179.34470362956517,1
イ,164.32581155463217,181.41582182518988,157.31796801182836,7.759217831934529,160.57878204039866,1
イ,185.84254349252404,191.90085708029022,176.1723161296045,5.466040529067554,187.3722152247725,0
カ,179.48824565870447,194.32610852299973,163.83291427273016,9.10679005219793,179.4426909929332,0
ヲ,156.63978715275624,180.14134084374302,143.4998724330936,8.234383145166051,156.7564345617124,0
、,0.0,0,0,0.0,0.0,0
オ,148.02301383074234,148.02301383074234,148.02301383074234,0.0,148.02301383074234,1
シ,160.37283164006865,217.31087736339381,135.15616133528405,25.053891336264332,152.0730083608293,1
エ,216.34844579831923,235.28059858486716,193.53452299133656,11.261809700162773,213.32183254470903,1
テ,218.4285328049122,254.6313429214268,199.97042936607073,20.98004212697165,206.66348195931005,0
モ,236.5090126589621,249.92128501899055,228.60194850840043,5.944560240505023,234.82326333434202,1
ラ,237.39621085772137,246.0610030877621,221.27283628269944,5.51613059226551,239.0524670771571,1
エ,239.12100716227212,239.89375184285538,238.18809237698443,0.6130945127039952,239.0862103679257,1
マ,236.0874205448134,247.57314561811444,218.06226894048146,5.706244037172236,236.30177014606994,1
セ,239.75281171378248,258.9420506480742,218.53612265747503,9.172070264523152,239.46137601963468,0
ン,224.80757142109147,233.3801097932865,212.06934029856475,7.268543614717472,227.01337320724218,0
カ,180.45345872035415,210.0217359875473,159.0383890034241,19.410337202651736,172.40200658331736,0
