Mora,Mean,Max,Min,Std,Median,Accent
カ,274.73737680457975,281.0265074464315,264.5936006933055,5.908657476915494,276.74444902500863,1
レ,256.5806654252447,266.8011376171976,244.8161041354717,6.374799662536954,257.4005805756236,0
ワ,189.9972951072247,241.6063902531197,139.48921821203666,27.79081256266105,190.5621547116692,0
、,0.0,0,0,0.0,0.0,0
タ,193.0100249069954,200.68242566473236,189.90664805240638,3.274348722686147,191.9425470853294,1
チ,179.16961420980562,191.40008660876208,164.1273593270309,9.67712047884581,179.06451564547297,1
ス,342.78963493331395,347.7940479060336,331.2950649727072,6.04188803743712,346.2921955999809,0
ガ,333.22979582443895,346.525510455339,302.75589335567463,12.084268132745562,336.8889639939372,0
タ,217.25292494711442,245.21225410577247,200.65904910009831,13.166256351189613,214.737685121645,0
ガ,180.99784580765032,196.82175358652682,170.0754037813437,7.1224000928152105,179.48846789834863,0
ハ,170.95759993395973,199.19201152768753,116.68346391849153,15.844151885663884,171.5279776354527,1
エ,211.50720233004168,215.21740786900241,202.87617753414116,3.886019325899324,213.2139102083332,0
