Mora,Mean,Max,Min,Std,Median,Accent
ヘ,295.5775823801628,337.8489347229848,245.87930297919652,32.787830062895665,305.08034117245256,1
ン,332.57745950906383,344.9822395774651,299.1320841327205,11.623137311217725,337.19201493518267,0
カ,264.21867652881946,293.98813215320354,250.11820109979482,11.760384364728168,262.3255280036485,0
ノ,226.83017695229148,247.12091246966241,204.27374097901767,12.252009860021685,229.60971987002029,0
ナ,192.521260500073,208.87145611311664,172.77012741736763,11.190375427670183,195.194992673248,0
イ,168.74186057405942,171.11554925644353,166.50251730671772,1.5579462529176766,168.66389082332972,0
マ,189.8570930806598,249.62106527693786,155.51903454974985,26.010377044692728,181.5249060527704,1
イ,274.6673740453847,284.90865929721423,253.82126739371216,9.843805170943828,278.28021489820253,0
ニ,248.29259969389412,272.6340668739589,203.85075837907573,17.76005817088589,253.13153569728502,0
チ,189.04626615766878,211.61845412382942,158.3269562709293,17.105679393471938,189.09424891832128,0
ノ,179.39160185097052,195.4591098267866,168.27385173205877,8.189150503292613,179.1240587537106,0
セ,173.46351287307908,192.73102488079033,161.34101937896583,7.350379805153768,171.0047986577244,0
エ,170.83186531971813,171.26141167891527,170.39709351843425,0.2845366529365624,170.75880955913243,1
カ,170.06414842987462,194.9184588573896,71.17436682820089,24.49868415340436,173.85214744078397,1
ツ,178.16205614519671,198.31915433863497,161.63882188329563,8.928312609160992,176.50144933765543,1
ニ,161.09961018132887,173.15132131899702,103.50754370548148,17.247923058057534,166.67644829714965,1
、,0.0,0,0,0.0,0.0,1
ア,198.51417169638822,224.52464220932143,179.23807304338976,15.149615804854834,196.630479296862,0
キ,223.3700893172113,238.67804625229664,205.287235863985,11.286656521905194,224.21015626946178,0
テ,238.8756810963677,258.25074119789696,217.64088294906188,12.696572499385894,240.64428017231492,0
イ,189.5371400031673,213.1437895000032,154.22508951585928,15.002523991867488,189.9505683612196,0
