Mora,Mean,Max,Min,Std,Median,Accent
ロ,219.48581640527328,253.19491241482183,178.8910638725212,16.003022046418874,217.6587313044665,0
オ,300.98696870239104,318.7148742266184,261.5071312619707,16.944024361469083,307.26713795941555,1
ド,289.68062286469984,323.2694965471931,246.48489144296866,30.001561257732867,309.5857591216321,1
オ,311.44140430050504,312.7433713938085,310.6837896188471,0.5293156078250507,311.4452091125778,1
シャ,298.66098042725906,318.9714189430115,248.7412545898073,17.250333023483837,303.0407347654202,1
カ,293.7017159918983,315.4740423443597,240.02764361869265,18.2058260981948,295.22705608069344,1
イ,300.3254365820766,331.2530388239818,237.23100080793196,26.949660747553082,307.3182333281309,1
キュ,224.1450041505948,263.53366584922594,211.00969479458053,16.54165413879882,218.4068660525439,0
ウ,190.48449269075599,202.8428370156409,183.76717332123124,5.288750472964817,189.31503602332452,0
ニ,173.21191657902565,182.40199640229406,161.69513128968322,6.0930645457277315,174.70092523930543,0
ワ,148.9537448618523,161.0061706239455,127.01189336666035,9.172250842962086,151.38577795100923,0
、,0.0,0,0,0.0,0.0,0
ケ,235.62222367986732,251.29251685535272,217.07395486178459,11.812592464003353,236.6792139504146,0
エ,289.3809130295233,297.734177331462,262.2245587240468,9.627716192200086,293.9331078075361,1
イ,255.0527605490892,279.287039966881,229.30921321568894,16.146698030885325,255.53651467208635,0
ヲ,202.00578679348592,226.04790130435194,183.22781586550946,15.378989630603076,198.47984858077092,0
ハ,165.51910203581338,186.1976436589574,146.178717324713,10.407909065392468,165.16848782971982,0
ラ,203.24110107613697,262.80353197331533,158.248856394126,35.370209097846754,195.27479390132072,0
ウ,259.89921902955183,263.7209924707659,253.7845422645309,3.5151296938785066,260.3445838671819,1
ベ,208.7578674010251,251.172551403806,185.12783198891205,18.250848661478557,202.07277159544384,0
キ,182.93980120879763,204.15803051858413,165.5096588264864,11.718600776025177,180.4262850988366,0
デ,165.15292569735746,179.40825849543887,150.49363685360848,9.953354820905222,163.20240519373394,0
ア,153.9399802108797,172.32565319373592,146.8607783178372,7.139657801280798,150.13166641170616,0
ル,139.46243251223993,149.1678230970526,126.51611712361299,6.616731919855497,139.60047616539111,0
