Mora,Mean,Max,Min,Std,Median,Accent
ム,177.771978088092,190.47469442040705,162.10274508876853,6.638784253524114,178.57918150339148,0
カ,186.0813860738444,208.9122918480956,155.12800012634338,20.474936907440565,191.426684790576,1
シ,184.25205377024722,209.73038738098333,126.0922072310579,18.68949873456345,191.50541821846394,1
、,0.0,0,0,0.0,0.0,1
ワ,235.24104756303782,285.15774635657544,193.79582599514183,29.022506976224822,228.88685368217554,0
ガ,323.95754814438925,343.55647901512276,291.3717874020413,16.213788421505974,327.0373277855802,0
ヤ,298.8099058747373,331.51594135537266,249.9306133511235,25.57146989473993,302.9458542561117,0
ノ,197.17463048702854,245.48666544599982,166.0410931306946,24.895722229983587,194.9512765544294,0
ウ,164.7480110964513,166.46663678286546,163.7239265354925,0.8121836813369863,164.61782974819732,1
ラ,173.31513346541635,185.4372350479482,147.73463801471763,12.079628538115436,180.59726807624094,1
ヤ,193.83935192072965,196.99033128427283,186.29349993054373,3.129196795409227,195.07437352111702,1
マ,188.7329643633661,200.61509428259396,180.34332902334228,5.759818336540654,189.70294271532606,1
ワ,182.17179750352227,235.06471270048033,170.0515000211377,11.69659771919416,179.14951645837115,1
、,0.0,0,0,0.0,0.0,0
ソ,302.9043043213758,330.7260500772678,277.448135847306,18.673999192846505,299.7127449321998,0
オ,343.76081232825027,348.2271127915199,334.91442277391326,3.568044297018934,344.7397475956874,0
エ,306.2362251139534,337.55779339405524,272.7430791992829,20.801255715749615,307.29888550956963,0
ン,247.0698718317375,270.2327015544125,217.73200942838187,14.653318229740979,245.73109279502833,0
ト,205.51294957239452,245.33782870512402,191.8313233683112,13.188606746915799,204.30966706264041,0
シ,185.33826983645847,191.51507861368793,177.67249937283574,4.2941921520640545,186.12862293634527,0
テ,175.0149151604042,189.21752971791548,162.94620571324947,8.505471244247968,173.32945091750008,1
ツ,142.58710389702858,154.8374233726436,128.2741120583702,10.942069881964697,144.64977626007195,1
カ,198.24861674486408,217.9368880473082,191.53070363761077,8.394318855566425,193.84849453442843,1
ワ,199.1258262694622,204.1125535013095,192.73603044442225,3.513995471201887,200.39408429871813,1
レ,194.8100048074986,207.3720514606566,176.13647392618918,7.247356931736927,196.46236152047052,1
テ,198.15236223408903,216.90840741894792,189.13629431009792,9.649641055480304,194.41627213424948,1
