Mora,Mean,Max,Min,Std,Median,Accent
ア,236.59707407697147,267.016629882206,205.62857427398453,16.401354090472474,239.13097813607436,1
ア,177.1856894873829,202.02018052587604,164.5803814205804,11.484344393241406,174.33953937128595,0
、,0.0,0,0,0.0,0.0,0
ウ,205.39436590644556,227.06342792042398,174.41510468981005,14.891465677229636,207.11357263839943,1
シ,204.95640858905503,293.57611417481377,156.01273006935946,44.76756838409367,195.52884400756236,1
ノ,311.47015011097704,327.63179720427564,292.0884096580665,11.632851639681265,316.1300978112895,1
チ,328.6933761594821,332.81924262333916,319.9736920377865,4.562776139527461,330.865013385928,0
チ,254.13140255211684,263.9874152163256,247.75492047513197,5.425317331974386,252.63615291715814,0
ワ,194.71275665308755,245.6850210804162,118.07481267681094,32.44611044672637,200.20457976194706,0
ソ,210.08618177897569,216.5616594054948,194.94997246766172,7.806206778070502,213.2945908295766,1
ン,220.63923108283018,227.3789821498223,214.73362436719822,4.382089166425059,220.38801002640895,1
ナ,291.41614560334295,344.54488706388037,230.53592211634913,30.512409959205222,296.5339444171556,1
フ,316.54117834969117,335.37257407474374,282.33411971265394,17.50944434595118,318.99448155172206,0
ウ,339.22911252769046,341.15454530044246,337.5539028856691,0.9744988705890463,338.98118975860314,0
ニ,289.1868373958478,340.9466543731066,238.57439369416534,29.52077941792175,294.09594649138336,0
シ,211.90900452938422,234.31000495423245,185.44881257966782,15.649893217887195,206.83515234185404,1
ボ,187.37342796366164,211.98170303273025,166.30048104729653,15.229551191089104,191.76648213105705,0
ル,256.2265474209807,300.1568654816507,215.44870930013312,27.96658006508394,243.85696218861708,0
ノ,249.2345847320638,271.3567341343519,218.92434669111375,17.931291327510337,253.16205575777929,0
デ,196.85730734394832,215.41550748227695,182.36767602163906,9.009551104239884,193.95423600300632,0
ス,192.1594583662041,200.4614881356239,188.24556666903925,3.72785855505275,191.53347333710389,0
