Mora,Mean,Max,Min,Std,Median,Accent
ナ,254.85513978049306,339.06445333683143,166.71528430646083,50.810107390093314,254.8884634122776,1
ン,355.1652210174319,362.7821475286816,338.5975827341321,6.568190027533976,357.20882653724124,0
バ,318.2886164453949,364.19974110191976,265.8257319551877,32.06133924559439,324.86210015922853,0
イ,237.60372420722945,261.44973764636114,187.6157500192291,23.958593886153974,248.71467277140687,0
カ,206.83072180771006,210.51206165175404,193.66503068192515,5.147962834366445,208.67147978912618,0
ノ,203.84618384138747,209.91240564961825,194.38209951277065,4.939989398697143,205.46044390559211,1
ム,188.87945683552692,196.91092757278628,154.24719755447083,9.615989544170475,192.55847443397295,0
ト,162.56589886712942,225.33252067310434,133.87482920761337,19.7807070117544,157.47583006396945,0
、,0.0,0,0,0.0,0.0,0
ソ,191.67136962131556,196.3890624950235,188.77136841348403,2.766660526049829,190.6150269340704,1
ノ,218.87393774669687,257.17042957384893,184.86974538884968,21.717884369844313,221.86178806466705,0
オ,266.17460241762603,273.18061846202966,250.56685482206558,6.2231660890624525,267.56819499743483,1
ト,268.99649739567536,322.29177207454615,219.0226634927498,29.7865516594952,275.78503405348965,1
コ,255.7812406783127,266.07240375940063,224.7619896317997,13.439752383762576,261.8208330800868,0
ワ,195.9587135150995,247.96953506093567,165.6241099164434,25.320510074616077,189.47323445996707,1
ヨ,185.92132858904702,265.92285047453885,150.71322729746979,35.18799834883705,173.1997985787684,0
ッ,263.67377254770696,271.6476472564955,255.69989783891845,7.9738747087885145,263.67377254770696,0
テ,198.10039957848159,219.21448361863875,164.56294227415842,16.056225630545672,198.48540715383172,0
キ,161.98818889060746,169.4684196084103,157.8688814405519,5.298375558330103,158.6272656228602,1
モ,175.9785809283076,188.14060842832538,162.32499163834996,6.754160175039351,175.94121095056062,1
チ,209.67816384492193,274.9804322894595,166.37734476361413,30.474299944517515,194.19163081001074,1
ヨ,281.75926522107096,299.85273236459193,248.11169571959616,12.390392669226255,281.69119878681533,0
ク,273.4011179121679,302.2998909673343,250.52206099807253,19.018179137813878,277.95622396297085,0
ナ,203.78996291719537,274.8744969403218,166.0503476754124,33.23384790523212,199.91517191498465,0
ッ,156.34222555726708,166.9903730851918,141.22115764071066,10.98539572214854,160.81514594589876,0
