Mora,Mean,Max,Min,Std,Median,Accent
バ,195.1227348835541,210.07152714316769,185.67277912323124,7.53747447814309,193.3696374480315,0
ン,253.5529772914241,278.3096872130821,210.7580985321423,22.64326046341452,260.1966772938359,1
コ,274.6707278913476,291.44618315195663,248.36076597236814,17.564238376006674,284.4109837715766,1
ン,283.25546297587334,285.9720497109268,276.68092797643334,2.08993058898423,283.83932950868984,1
カ,263.8021371624611,276.7078527521342,230.64665395168362,14.481525806036586,271.6580943103563,1
ケ,252.83926585557555,298.57644293133893,214.66166519168803,28.889274772929628,236.94314686816583,1
エ,273.4924945619155,277.47055296511616,254.41798103355995,5.101692402419018,274.39716955426053,0
コ,198.32865139700596,229.87414290404254,175.40640556654154,16.911890303692807,193.8598255322214,0
オ,167.16634068798675,173.79331480613044,161.06414510802614,4.188142218302328,166.83283294217446,0
ワ,150.8419732763879,159.9515128382195,139.56251106135247,5.596712253333469,151.03559396124425,0
、,0.0,0,0,0.0,0.0,0
コ,166.19613190106872,175.7409792426304,161.67439478037699,4.634552205813902,164.9501775224594,1
ン,174.42423155797837,178.38950929323926,167.03105155617715,3.9348717071871393,176.27980316846617,1
ゴ,175.0138971344833,177.03062096371028,173.96328143772052,0.8509516261933237,174.7327126394521,1
モ,179.78208518180472,195.6712775551041,169.32466384794662,6.523846066399057,178.60087992483233,0
マ,164.59238072751825,175.8263621445223,154.59315983515745,6.865089939858116,165.32842469565236,1
ス,191.03264799463167,270.269856123343,158.4815963094189,46.874967127628025,161.1191727412905,0
マ,291.61643069832587,316.5854121461027,271.34087006033934,16.00284169042048,288.1752363131499,0
ス,281.62226214097245,317.4880242807224,213.57445113163698,39.36364788349276,304.36510768005706,0
ス,171.1419946092591,206.2691722157809,117.89515069287467,23.490360084293634,169.28874404916058,1
ス,161.65818306224364,181.67731306978672,146.36395160188627,10.908762121883944,162.95882741331314,1
ミ,175.40945866700315,188.5767059622914,164.50083362521613,7.781388237857978,172.6793562259354,1
ソ,201.32613463325453,230.0956966174818,181.50699473174447,12.304408521533691,197.9187931749006,0
オ,185.91063717511534,192.6546529964095,177.00205085413197,4.62608330481713,186.8605254914886,0
