Mora,Mean,Max,Min,Std,Median,Accent
サ,265.3197338808398,276.14304614661137,257.56360146437174,4.681430055357711,264.522952167422,0
ン,293.11395562568885,303.6715669406345,265.9065101718078,10.195654514616242,297.42506084929363,1
コ,276.70599039311594,327.34048097315446,241.13944155797654,22.71391081183239,284.7063708604708,1
オ,286.1665062880841,287.78435838340715,284.9278403007294,0.8011915767687702,286.13680464363676,1
ノ,279.1017613255312,287.1080077502097,246.2843157669532,7.40511773434662,281.0054043005297,1
タ,277.5693746248304,308.59692175696506,249.15357134799805,15.931639091031967,282.22482229790637,1
メ,271.1257295179082,279.94233879187993,260.782058205388,4.911192901939189,270.482898684436,1
ニ,190.1361773040736,257.42027623591053,139.06062766302574,36.33239078368614,184.92682994212956,0
、,0.0,0,0,0.0,0.0,0
カ,167.06355873181917,167.06355873181917,167.06355873181917,0.0,167.06355873181917,1
タ,207.95968835823243,215.14642154546056,201.95453444727275,4.479946789206377,207.6436158001244,1
ロ,245.78581464587086,262.9259696690578,218.29849273493707,14.881336318307335,253.15758918323507,1
グ,248.09383954562324,252.69111153735005,244.93602070589273,2.0620872551750278,248.2369111940167,1
ヲ,245.02088935895878,249.34293699401468,240.10214937285244,3.002128612378813,245.25729827491085,0
オ,214.97629100741986,240.31992514501664,187.17871165968037,16.030023372607005,208.6447961539426,1
ク,207.39583747046345,230.1402384198522,174.3632844477095,22.671629358960484,223.57390589307255,1
リ,204.05426907081105,221.00085842120055,182.6435342084718,12.383240415971656,205.67348422492393,1
ク,207.0765629300217,223.13439326845844,171.43459695433893,17.90085653432708,212.73492559085216,1
ダ,200.07302419513348,225.3095894919742,179.56913132740385,13.743078404030316,205.92573825807185,1
サ,201.97561313237838,229.01774703275962,179.65532411835102,11.436010148060875,203.87053257429795,0
