Mora,Mean,Max,Min,Std,Median,Accent
ク,219.42415105526052,236.72241736953399,207.12415859752707,11.692928277606706,214.53053387866044,0
ダ,244.7749863899287,292.86741731110925,198.39139692101506,32.99712664660942,255.61932239118278,1
モ,288.13345156653696,303.15663943300996,267.04662932351755,8.971754533869595,290.21444840473316,0
ノ,200.02705727684094,263.6390433297987,159.72436187856627,33.56850159814573,188.20737593018305,0
ヲ,156.55476674288576,198.18852722599317,127.48405297962816,17.09388658694614,154.182177887627,0
、,0.0,0,0,0.0,0.0,0
ゴ,179.7252241797135,189.18994762128636,174.50851680921048,5.795330529084536,176.74421806937548,1
ジ,184.27039796759547,215.72802840405888,161.50405073412213,14.321629020141293,182.9081551757643,1
ユ,240.19854827151357,255.79432517719397,218.5029067569449,11.977967420757626,242.41946088930922,1
ウ,262.61491725239296,266.658884291427,257.2640739015298,3.066603348483452,263.1464162215177,1
ニ,264.91249419790046,273.9577612778132,247.61525420618867,6.654382292680132,265.880286511684,1
ト,285.96564465165824,299.2451154946825,221.88425558775717,21.712387672812397,296.1872649262148,0
ッ,231.20159678388794,261.1299714657824,181.76793309375608,24.157303212203836,236.1566380678996,0
テ,228.33918083052984,232.28722031111363,224.39114134994605,3.9480394805837875,228.33918083052984,0
オ,174.79414509878697,215.50985483590645,160.42394465373948,15.899685860740467,168.25627503536225,1
タ,159.5989050018929,184.42193509783783,134.89903415052942,10.295605772458241,159.8250266204458,1
ベ,168.48355334155355,179.5319964757551,158.71890149254887,7.086739604853058,167.3506331630297,1
ク,183.95229742931915,211.05198478779053,164.066819935513,13.972737546801577,184.96465081157413,1
ダ,179.07287523067782,195.5790783369425,164.37614674475046,8.418410374187332,178.93234747075064,1
サ,187.5866264504034,224.02933771669302,150.2489860320112,14.87884492831324,187.78104437346522,0
