Mora,Mean,Max,Min,Std,Median,Accent
シュ,264.75556029336275,291.7372642915451,209.84366575054187,21.919961427651046,273.1356170733254,0
ッ,275.02847114615,280.75629828455936,262.7574815280926,6.3844987655839756,277.5771543127833,0
セ,308.7498023620991,359.48653622754773,225.62728096039828,55.07460675973004,338.93482108137516,1
エ,368.4298238499022,377.4278646428904,356.46941439579894,6.8542829335781885,369.3897286218202,1
リ,277.5932193995018,356.0390546376456,228.19113735512582,24.546677653567517,278.2588871298752,0
ツ,210.81189482231505,215.97925938265496,207.7887302904635,3.260495476220316,209.73979480807088,0
ト,213.57316318432635,252.78952240999766,192.34927868020762,21.377900692069627,206.43784517616206,0
シ,181.1349727739976,198.26183687633437,129.0933976575964,19.45498445496851,189.47553046952862,0
ボ,194.31803090880283,221.65602759584212,171.98972686048043,17.01959230167696,190.62825638958464,0
オ,228.73944258433409,233.237577972443,223.15544364262732,3.406901917959781,229.44253716477942,1
リ,209.98499244434998,233.14661185756108,190.68971284125445,14.876419276275264,207.43742786232545,0
ツ,167.63104062560205,206.17649732576555,154.68974643989398,12.976914504582611,164.07287309155717,0
ワ,144.94661037595176,155.84863300650804,126.23956689654592,9.015724663660409,145.50437809590005,0
、,0.0,0,0,0.0,0.0,0
ホ,234.9266765542603,254.2337386511526,227.95336014529886,7.580514269841311,232.06165786241277,1
ボ,212.8851701937231,234.72286351988495,192.2066127838219,10.530505914415205,212.99192624631888,0
ヒ,183.59923376472696,190.13824437100828,167.55961624105365,7.296314536155629,185.84093277574732,0
ト,253.3146712645463,261.17941500878794,245.29686721915445,6.037455431322717,253.39120141512137,1
シ,243.08644865714143,247.89793488649894,235.50602356510666,3.671852014783352,243.63629281867952,0
カ,185.3659283164335,204.62406411624002,171.8873765349149,10.1008367488114,183.9180724098184,0
ッ,154.63981094602687,169.94200167150922,134.92247392169566,14.182827424690917,156.84738409545133,0
タ,121.51532451743857,173.2571905852437,86.94216073941061,19.6170677982062,121.58922524355276,0
