Mora,Mean,Max,Min,Std,Median,Accent
ミ,190.84153359625094,215.8661854866415,161.63445015985252,13.365288568172607,192.96454812325976,0
ジ,221.5729254595124,277.09897065598824,176.75550287909104,33.74221683204688,214.41037439600123,1
カ,304.3309786094897,329.24696338498933,244.45276984670247,26.97080892432728,317.96876868027584,1
イ,302.6336504827136,330.8827449207001,244.08860336338108,32.24011055300035,323.8770589255448,0
テ,249.59382026051588,258.74184132891276,231.3481010440551,7.4859937346382095,250.96696858673914,0
ガ,208.95227536833752,240.54376296009096,193.67715384770784,13.373985892985045,208.30428102571113,1
ミ,200.30681126919544,212.71761688674846,184.43073129064337,6.2298181471585075,201.98067184217513,1
デ,198.07046156574847,210.0327843065774,183.20130875401014,7.990879669815765,198.9033262776328,1
モ,173.02697409475982,199.87262461026143,157.38676387453734,13.877844987429588,172.81213918376764,0
イ,168.92414212171553,179.12094121486848,160.50856359923247,6.0502086571217335,168.56046432563278,1
イ,191.44515788910215,197.81228616445242,182.82606315376003,4.304065912883823,191.29046597260108,0
カ,175.28336251853028,199.09887366228872,166.07680784422456,9.948317677655574,171.54310924475016,0
ラ,154.88087245579632,164.75577980811886,138.62111353160836,7.154908162024946,155.6225688389233,0
、,0.0,0,0,0.0,0.0,0
キ,220.23952830628767,238.9999047328744,200.34409575476982,11.583459807082612,222.00915948719052,1
ッ,199.7827668663167,224.52509587296103,183.40504089019896,14.741415801621935,193.0992837956218,1
ト,242.62050073985677,242.62050073985677,242.62050073985677,0.0,242.62050073985677,1
カ,257.4072622036762,260.7495197034485,255.90180620893344,1.181546189256097,257.09589850190355,0
イ,243.0183637781,253.94839560142842,212.1463862055719,15.737806906570913,251.20997956398213,0
テ,191.17074094482678,222.3389130568195,160.35607201187594,21.932363009030713,182.03944813240992,0
ネ,180.6740799896219,246.51309734255082,145.37286780748786,28.696985928094676,164.66834618797137,0
