Mora,Mean,Max,Min,Std,Median,Accent
ソ,415.91373166498556,526.9508208239936,304.8766425059776,111.03708915900799,415.91373166498556,1
ト,335.021351690641,382.3983645414072,311.8499128451061,19.730415488904,328.99752086908245,0
ガ,227.12217985705536,303.3061306765498,172.66467064381672,42.59933405073807,217.0172195412842,0
ウ,170.54408342822967,173.02340111975676,168.29978381681823,1.825471711051127,170.27771392272035,0
ル,174.0047052761916,195.88003746959853,147.6526487759742,12.316827069667523,168.2095898958937,1
サ,240.3931550343536,274.2689683177374,199.6378438856156,26.003236450555683,250.81370863301353,1
カ,236.26884254530302,268.0801899830368,214.27200270679728,13.659024133074444,234.85828835460472,0
ッ,0,0,0,0,0,0
タ,181.54206734537703,187.03363409106254,172.02731110565932,5.343350879029501,182.928928228372,0
ノ,169.36730844530194,178.98841004783395,160.83566455943452,4.890879734591997,168.71205810383728,0
デ,146.26640960820995,173.34832690215842,126.32548217730262,10.402537365640638,145.10274711869786,0
、,0.0,0,0,0.0,0.0,1
ヨ,209.5582774816189,238.19954377939382,170.43418951923638,18.773316053899446,208.18056890748136,0
ク,200.0916411857454,230.62090898402022,185.63804214059726,12.921488147654365,196.00176812111215,0
ネ,156.65737774712886,180.41680386195233,148.3265424734851,8.294137194525264,153.1993794947095,1
ム,163.14147194556426,181.34528956556133,148.43858974991477,10.792347257944297,161.56730201569331,1
レ,191.82006579659102,210.25665589552773,167.80286760822807,14.641792519351,190.08679412241418,1
ナ,236.28983429421686,254.20399847087404,206.55055080872123,14.555456034644246,240.55254077394898,0
カ,191.75593457158453,219.79829465319523,171.01796297918787,14.171147781906768,192.8691854053972,0
ッ,162.84268561641977,175.43330549060767,142.45828360305995,10.282791095321052,164.6041611056368,0
