Mora,Mean,Max,Min,Std,Median,Accent
フ,0,0,0,0,0,0
ト,340.1479893766789,381.678224169697,286.69656384920154,16.692170929115232,341.5603600089267,1
イ,246.96231865242262,333.79952255315925,167.01930228274463,53.41047876472466,243.92289533281513,0
オ,195.22037852250355,222.44772221228908,149.91596219346235,21.976936117892695,201.972341774069,1
ノ,243.14717000837098,262.0851981872257,224.37409087920202,9.797859727648243,245.52385360381075,0
ニ,188.80755057064135,223.5559714540799,168.54025299685563,15.927551836478838,184.12604048350167,0
ク,171.8299099945659,203.4775428341074,147.0531287500386,15.366768856443773,171.13490635175555,1
ガ,163.54429951349857,174.54596022104025,147.95903523903732,5.357751057405006,164.69717540289955,1
、,0.0,0,0,0.0,0.0,1
ト,253.1167993933595,268.14873360678064,232.3119313611855,9.802582226391776,254.05690494311582,0
ク,302.3149999946086,331.9760127805251,248.97084076732995,33.39002314060476,320.54202549101467,0
ニ,242.86582719015624,313.74276772464833,188.36275397187507,34.73024109921787,239.80065400568986,1
ビ,177.56291841602555,211.7510560415869,152.51160528696963,18.29671791502674,175.200926983885,0
ミ,266.4907022852733,299.7666777957849,217.00426470440684,25.11836868467969,273.6196553211493,0
ト,213.63363646731116,244.39929002813923,196.89773590727216,16.35697259384076,208.66828734115813,0
サ,178.8002663590172,193.3411702610104,162.33230639212414,8.717145875268697,179.70944834437213,1
レ,154.14470894851507,168.62302261910733,143.39572209918362,5.9664223428495715,154.1014934800411,1
