Mora,Mean,Max,Min,Std,Median,Accent
カ,203.35826817168234,217.24367499479527,190.08181059588648,8.75226318013911,201.7133168606324,0
ゲ,259.3693936563389,321.4147605509465,202.0042771077737,41.841135023580215,260.9635894232665,1
グ,323.5587488862765,326.3662290474395,319.8519209899222,1.8992569921948688,323.8565141640609,0
チ,268.8481069969214,313.9783131569654,222.11335191793415,35.08615038102058,268.0881163571969,0
ヲ,183.37515634154013,220.6211564326802,163.97940158954648,16.003450813350348,179.05070746784406,0
イ,160.5806250357424,163.04394093029416,158.23554441134206,1.687166249543821,160.5496027606494,0
ワ,160.38887565809668,176.930393778711,148.5036868723287,8.495789395915395,158.16125661500132,1
レ,191.26913051393194,207.2337824850806,168.90636942367976,12.496124672821303,191.18161572039315,1
ル,211.1323069367056,227.99031874214307,188.11519673841562,10.303447421838067,212.23179725701428,1
ノ,199.99973956379714,222.80298656856692,166.99714391360544,15.331058993428584,205.45440177000944,0
ガ,148.46701783627293,163.62432145754167,133.48745419608753,7.854935228153149,148.20867933635515,0
ス,138.4993904859037,141.5476429015189,136.76921125721432,1.875530785854572,137.84035389244073,0
キ,249.51570940441988,259.1689281266733,226.61740372494526,10.704028159555238,253.13279924297206,1
ナ,283.33379830298566,307.5849841283358,251.54424892529715,18.129341970768895,281.4723749764006,1
ヒ,284.0538120137158,306.5553624039825,257.5536247402139,17.130107400999194,289.71060754692536,0
ト,190.80985574331459,232.376510215214,170.44538016727898,17.959115923312414,186.29523916565847,1
ワ,151.75743576146834,169.66004681543055,141.76932390049166,8.400099836337612,149.9864131884607,0
イ,139.5875800393885,141.3862820825446,137.5992414018494,1.1871692646183958,139.78783643011116,0
ナ,150.20364897620283,162.14458560874212,136.3623649130628,9.305838777981103,152.27748829194098,1
イ,161.78903901862614,176.31165479952557,156.58686833070442,6.217938561081906,159.75671839289353,1
