Mora,Mean,Max,Min,Std,Median,Accent
ホ,238.58985326478512,249.3708720694034,222.1258952863092,9.579961114657007,242.19028018927605,0
メ,305.8764757608808,364.88764654175606,231.0615455266756,53.64735359007614,328.1854633866892,1
ル,324.44091445951574,362.01020951049384,247.8086248648457,27.052263432054712,324.6809892149455,0
コ,222.74380087283774,256.5424292879522,192.6909070512668,16.20920717829745,223.64732167018914,0
ト,206.3260410631199,235.67497935196639,192.3699523621472,10.926697486437314,203.48081492420894,1
ガ,170.43968027892825,190.71952279382455,134.1908602131171,14.475532697997874,172.93900763650342,0
、,0.0,0,0,0.0,0.0,0
ガ,177.05146302228107,186.57472775888897,166.1090784673247,6.795892044035778,178.3901799190477,1
ク,143.44774300429134,164.40282121404167,113.331405312666,18.83469569076732,151.42156187528386,1
シュ,282.3599153755912,298.4256997119624,246.1098423467579,14.420140584456483,285.4495894254549,1
ウ,298.1070906407658,299.3844367708853,295.5274829166905,1.223289368219303,298.35991834448055,0
シャ,271.0687752573433,297.1479273597319,242.72126190307213,16.952181120773513,270.2779980416608,0
ニ,198.13368653333129,236.48675117219545,172.50907530508098,18.363606533438944,196.1472191369947,0
ヤ,168.5442162587747,181.4898693672052,159.5631741711107,6.3678198668652115,167.4605217967396,0
ル,177.43381328602354,211.83805453164393,164.14943933260201,13.830731363208617,168.80632240724879,0
キ,216.10310898055468,253.55487608767748,162.7719211523926,29.129993001092785,202.13813906792436,1
ヲ,240.11877025226278,248.1900271465011,231.27012768370898,6.081387529951019,239.06197309262006,1
オ,233.60546540522455,237.74578637659667,228.68617292882666,2.657508275054804,232.79534506818737,1
コ,227.48849918774036,272.99330947892827,199.92179295553152,21.199047503784204,224.1685908823398,0
サ,227.4706307449952,236.96646837243938,207.3486788257515,7.662861168483196,228.75414809976712,1
セ,208.666579416879,234.3751737213236,155.87815057287895,19.99633499562866,209.9703885181294,1
ル,160.73725972240638,199.9499010313283,132.52187940402,19.5587199207252,159.2024646301453,1
