Mora,Mean,Max,Min,Std,Median,Accent
チョ,327.40873119132254,335.2207975846449,310.08566332209375,7.350555611808513,330.928611140033,0
オ,339.02712552656317,342.1891886643867,336.4963070926065,1.8628183934242775,339.4220997442927,1
シュ,269.7214150988199,338.6737193089276,168.11942927727213,54.61582197175431,282.12292187852603,0
ワ,170.03512544013037,219.03726751181583,121.19675154160345,24.61883475896166,169.3788107155262,0
、,0.0,0,0,0.0,0.0,0
ソ,245.19414275467852,263.3443491394491,237.94767566335122,8.197891062001267,241.909814684716,0
ノ,284.6304587844903,311.2579169632034,243.8787892736984,23.268696698695194,287.0507119352252,0
カ,304.3229689277328,340.3601734189485,261.03425562064075,36.007717759184345,310.7686495131394,1
シュ,310.357342418114,339.155346583828,274.90409288829846,19.017699471371625,307.1517182377461,1
ニ,193.7822722754549,276.23903911109096,159.39268932439458,32.44382422833909,182.85222392971815,0
セ,191.05096542123945,221.8668038636481,162.6707327636629,18.31918383554034,189.84395164871336,0
エ,195.34784661498128,228.31500773415465,177.70857802667467,15.940332648797991,191.30313237654565,0
ダ,268.90799246271706,312.83358086750286,218.4596166640827,26.373421476096095,282.7364537121165,0
イ,279.8597513907767,281.36159393392825,278.0208265930722,1.127498261122721,280.2164772154927,1
ナ,270.07315731749725,295.29403736690915,240.80523526195248,13.837247056884806,272.7582568586522,1
ハ,277.66203397822744,305.3609732197962,216.94794508633248,27.8097932280893,290.6150365459949,1
ク,271.78631943652647,283.9872141304392,258.56170901068936,9.263971269868353,272.2981773024886,1
シュ,251.88519222090713,261.1059141222857,247.2434493737412,6.5200853322814725,247.30621316669453,1
ヲ,199.0047125399812,241.02490512733783,165.9243143983894,25.402266660797938,192.67876887968322,0
オ,151.56544605009347,163.69495288639627,140.51618776390816,5.606633116084745,149.75949480342553,0
ク,0,0,0,0,0,0
ッ,0,0,0,0,0,0
タ,149.31589150112774,171.52565345256727,126.38827016724083,10.541914537455467,148.35145159274202,0
