Mora,Mean,Max,Min,Std,Median,Accent
カ,286.9314355775138,299.7672622251305,276.21360110097623,8.270236408628712,285.4487482170099,1
レ,321.5950784776491,338.1051206909413,267.1985315551303,16.907495696293466,326.48805638476546,0
カ,250.1594330649046,274.5128478276428,231.5628114097946,13.635000485697024,249.9583763445985,0
ラ,196.37580233807472,228.2762242978831,168.4169159342379,17.726375340727568,195.85144698708854,0
ハ,149.6584169134903,172.09298003268228,102.7031269056825,18.25385240642481,153.6303660322656,0
ッ,163.71274667870787,168.0447066494012,156.63027045254404,4.46201839563868,165.56917229108672,1
キ,266.02186598409315,284.2708381022443,242.96207837305354,12.671088672321734,269.1752345519485,1
リ,273.0814239248537,292.5832002905819,244.83977205446854,16.235798587536678,272.76135591463435,0
シ,263.08720545201004,286.4353157684377,243.66505941969248,15.285665577242149,262.1745338997904,0
タ,214.7757660789479,227.0829925721781,205.5270501497024,8.06003622233299,213.2465107969555,0
ヘ,164.80799408698215,198.31939717332745,143.3826898444586,13.896967596163059,167.60529354709803,0
ン,175.4694387898732,183.79199096173355,168.41196494696132,5.194577355283939,174.66634880294822,1
ジ,177.66906936497338,188.90784182943298,167.24477211387358,7.282655678446062,177.75258497449641,1
ワ,176.38065745347203,186.41434206766795,157.99681958314036,9.669665465981106,182.14154693826288,0
モ,145.30193357670586,154.92507590444316,140.23007733323394,2.98059581364591,144.52284879396456,0
ラ,158.38926379743435,181.25072619667174,146.21514557486302,10.987441584338088,157.2189584305183,1
エ,193.67894048546555,203.19878869623,184.44449279814341,6.459612817143311,193.54159440149851,1
ナ,233.8456046835017,258.1335632121968,207.10207877579123,14.94719574196074,233.14255278270815,1
カ,200.10799629897363,241.7540326940756,171.6756683144066,21.108017484329476,195.67679976821694,0
ッ,168.99756209656204,168.99756209656204,168.99756209656204,0.0,168.99756209656204,0
タ,141.78850364950083,156.91375320325028,132.25186344859054,6.432041686355624,140.63851078881197,0
