Mora,Mean,Max,Min,Std,Median,Accent
デ,174.45986304894046,177.31720166213358,173.3958971026747,1.4589605224412792,173.6860926300071,0
ム,214.4053157408737,262.45318629400856,173.91238573755675,28.373439130379158,210.99862921738378,1
カ,290.56926587106403,315.71626027883264,211.19144460490443,27.565707433876227,299.53201071157514,1
エ,301.4909088041739,302.59817342379426,300.507419702491,0.8226932969496968,301.17762005740053,1
ニ,300.74762584901157,312.4254467838392,274.51973547414514,7.9262332507834765,299.6646201271391,1
キ,260.64867009817647,270.76599286752753,250.53134732882543,10.117322769351048,260.64867009817647,1
テ,339.5965097147796,360.369310776931,321.0300931168995,11.7374756069403,341.22488150613253,0
ク,251.51773038730204,310.26628058091165,216.49922748708582,30.051251812416158,239.53499819290653,0
ダ,187.13960715963583,210.53129399171146,173.99322575606269,9.270631679261614,188.15677799085245,1
サ,182.50565830787912,209.42259362429712,169.020663649649,9.298725134016166,181.5451667467105,1
ッ,164.98780377556633,179.61116867894796,152.04687513244733,10.54154390043727,163.1123240653573,0
テ,177.47072443994662,188.9007955401654,171.13817021119576,8.097992481082926,172.37320756847873,0
ア,150.31866398639585,163.788104946567,144.3245059890137,4.859781421473517,148.86428222648397,0
リ,171.11154042297332,200.13799710442495,139.89969982585242,16.12096155195668,169.6758035934388,1
ガ,229.2482433069415,239.71549682119746,204.72422071838776,10.73322242280066,234.09049007715433,0
ト,177.5450322928051,221.00628772393188,160.49560821944013,16.559544954780787,170.98710234019424,0
オ,150.66472817145905,158.27689419849983,139.90017533357042,6.474135321236205,152.70346195198326,0
