Mora,Mean,Max,Min,Std,Median,Accent
ヨ,182.47080481657306,190.596700361461,164.8418968360393,5.655127027381381,183.54341960070366,0
ロ,223.40781676897117,259.594471691083,186.02693893774796,26.175187566732937,222.68640068732748,1
コ,257.2464651531149,296.07847577768075,209.40197413177947,29.011939858405714,270.0285267754888,1
ビ,247.82075067490192,270.5697109117036,220.74415853360725,17.887012645567918,250.54236694143776,1
ノ,250.30852853761323,263.11857746853883,222.3516345035483,12.060326778756806,256.238461625732,1
ナ,251.95249835594336,263.87063511746413,244.99412911908757,3.4372534713974368,251.43739120153995,0
ミ,242.8849636345265,253.88121629006253,227.36999412905286,5.745992717532127,244.8156143112313,1
ワ,163.06755508713258,224.10173400279731,108.30944571283331,34.24611284439824,161.88445061241055,0
、,0.0,0,0,0.0,0.0,0
ト,0,0,0,0,0,1
キ,0,0,0,0,0,1
ハ,218.77298587235154,238.1867479400544,202.69994840976062,13.498117007121225,216.66754787277827,1
ナ,259.9494347959378,273.48211111131116,237.62011839345334,9.807823465015089,259.8277572272378,1
タ,271.4830951600501,317.93500693879776,240.61667320904246,20.6505318623732,280.9282150178715,0
レ,260.11149560905153,285.8867168854034,226.74649169263614,15.932065187309686,258.6343940462982,0
タ,164.11233215287456,201.29420084471576,144.03731354225295,17.46170556960588,159.41522997547725,0
ワ,140.79289524062185,145.45729246296042,134.1388993791103,3.0246608499926646,141.1201006163659,1
タ,161.9146057216431,174.63139189435725,137.47929637113455,13.89748704717077,170.6793245806549,1
シ,195.064379537686,242.01359811922234,171.58961685979054,24.14503202108731,184.21519446411548,1
ノ,216.18370549250827,226.33490473354405,210.8950714320455,5.637800782865677,212.62202501192388,0
コ,211.4095727374075,229.46838561809147,184.6518888497403,12.878802370455112,212.1623854752979,1
コ,226.75135468185584,244.25278850639899,194.79247185835786,19.400822001141023,233.98007918133325,1
ロ,217.43831953606227,230.20214143201028,183.15023634177214,12.984925659617431,223.85215803689832,0
ヲ,158.71241263514136,177.84210609760513,146.6114525629918,10.01420622081243,156.18968284859358,0
タ,167.19786277236162,181.93171517888192,148.98692347587706,9.166929497045404,165.78609780366003,1
ダ,163.91064078569656,186.61220604430937,142.55154926171636,8.059649654120742,162.15853360930873,1
ヨ,162.794054617193,169.97309691157128,147.97717623618155,7.071495096964987,164.29838728049435,0
