Mora,Mean,Max,Min,Std,Median,Accent
チ,239.07932110013073,255.14461569319806,220.7775468651671,10.388117321236875,238.8545202275548,0
ホ,278.83467815357136,325.85180432402143,209.52165360817145,42.636357603633726,288.0838648158732,1
オ,292.29726773359954,313.12804990027996,264.91658382960435,15.225564626761477,294.4227251322584,0
ジ,188.4138052038668,258.3399681456162,159.68329892049857,31.795988849317407,170.12834469038907,0
チ,150.6107403173597,161.84805828243842,142.10701489290147,7.566628698805374,148.4648277818081,1
タ,249.62911999150458,266.0644640843172,245.18194769471052,5.709816641802872,247.6284236141165,1
イ,247.92229995953832,248.10397834214075,247.57200105585218,0.18740924934135594,247.95907091172046,1
ノ,239.6536896004778,248.4449218080045,231.54576914844267,4.964694059374276,237.91593129069088,1
ジ,219.27906379917314,234.84847336079181,205.45115994659594,9.729659568332178,218.71247097762918,0
ダ,223.6537982349448,243.902263292209,196.80408331839632,12.050945214800219,228.03194363057005,1
イ,227.89341560327728,228.12346309500495,227.79074675388486,0.10664850525866074,227.85911495966093,1
ガ,223.23872014279974,228.66892894996272,220.63833662043066,2.152509004995796,222.8756811600635,1
キ,212.96659356094085,228.9665935217982,197.5386099571451,11.46933024976299,212.24585682428034,1
タ,284.2201752555901,302.4837094268007,275.12165466693335,7.640781880402896,281.8696339340225,0
ト,218.41357105838733,245.82610894928152,202.18839304813432,16.654910677089514,212.81989111806672,0
イ,182.36246437266956,198.0256858490759,169.5627816557051,8.990684669889843,181.46810643210034,0
ワ,161.43967221834387,170.24036445211192,148.6823827809405,6.544486525039866,163.98854243603625,1
レ,174.88812300580145,185.00703904923216,152.8150049471428,7.2134731824158465,176.846513293828,1
テ,177.4808222441859,184.79586574059454,170.16577874777724,7.315043496408649,177.4808222441859,1
カ,167.55027901986912,200.34866437367472,153.75357715110013,13.21976598419914,165.53937203335673,0
ラ,139.45650763266218,151.0034389076977,131.76456189006961,5.106360980925357,140.37061000259527,0
、,0.0,0,0,0.0,0.0,0
ヒ,150.34728534675023,184.82401610537897,109.19192265340799,23.038126806411654,152.9264175979331,1
サ,168.55283360258085,196.13895555444765,129.47200074583924,24.18409410697458,175.364827015274,1
シ,180.37353560932502,206.73007597992498,151.7922564428299,14.413820708383877,183.7401249319799,0
