Mora,Mean,Max,Min,Std,Median,Accent
ナ,201.97722747510034,232.5807238906691,175.07786784352285,13.745836250820618,199.66295711682804,0
ン,252.68415977580403,266.1534923852026,237.7306591118397,9.996014809626882,253.1697787414197,1
シュ,300.10068386720513,336.17306338772255,249.79675744405614,30.180574906125194,282.4073242525952,1
ル,335.00663694963896,343.47636758643273,325.8704583471149,5.597927460850398,335.67946598742077,1
イ,331.75584086929035,343.31248333638,316.7242042517929,7.900643865392147,333.69551971745625,0
モ,242.57426727487837,311.9872447726786,199.02281581048848,33.781845768221444,234.64646288639423,0
ノ,187.71705212773261,196.11305966402313,175.33676933782996,6.299868693268007,188.73033116383792,0
ハ,158.0210446442414,181.54115520918515,135.99486898666692,12.41075337082203,157.86115152468892,0
ナ,179.0254047222428,191.08404847096068,157.34590030214832,10.963713013576712,182.73497186102628,0
ガ,161.457525391465,189.4766994280253,113.29873207156565,19.622938244963578,164.24410609821598,1
、,0.0,0,0,0.0,0.0,0
モ,153.58777635542492,176.74978122474823,136.8486652975861,9.917107028983395,154.84609219890595,0
オ,191.89270747772912,205.0848439172032,179.87773900231207,8.18881487394071,191.04941129251313,1
ス,231.05209885999977,279.17995748640834,200.8645062001974,27.540083800953465,211.05212499754896,1
グ,240.78940941467818,253.41968772867534,221.8682030816224,9.019986079413775,241.60727066231206,0
サ,188.67175681608217,217.36136953475895,143.1109803258547,22.858445093911847,189.95685879751736,0
ク,172.45026530400432,206.8497968255254,156.0302747279568,18.541748021471726,166.09001301248506,1
デ,191.95434049746166,203.17158469990932,173.82401490599761,8.503629170428786,191.13091877946164,0
ショ,174.08757708371215,200.59651605845093,155.35383829412947,15.127403741003814,170.20629433193898,0
オ,142.01175315386683,153.6608351957763,122.96916499785291,7.838380202636324,141.10268973717726,0
