Mora,Mean,Max,Min,Std,Median,Accent
ア,175.88204710667844,185.22420984401725,170.1814188535257,5.020244647594896,174.45495990045026,0
イ,190.28761755933283,198.27343270800236,173.6777886457178,6.920970806590968,192.84611087832016,1
ツ,192.9693822441527,210.0248780363858,169.6922328414994,13.917431077829203,199.4293978729607,1
ラ,176.90871437090345,195.07738958645234,157.67915654053445,11.187982821214412,178.32896918251558,0
ヨ,165.5585559578683,189.1208101501592,153.95201411298027,10.244606966022666,161.38036565017813,0
イ,210.78893955128905,231.3943330706025,191.70428026024555,15.092774092926538,208.52376164965864,1
ツ,229.37042774542633,289.3547739367879,183.6396633125603,37.36319531104157,205.90654487208704,1
ブ,261.4980779251919,298.69252342010407,240.45836868460475,21.088708803321648,249.428266661013,1
レ,297.3671898769155,307.66891028381946,227.80474646699378,17.823708902394333,302.58022234263353,0
チャ,257.70026851528354,283.44696295685867,240.62463640786132,13.278098045411744,254.33019495124307,0
ッ,202.52931035577495,229.22510115851233,184.21098941523078,11.908574542730902,201.71148376649074,0
タ,182.80337415389852,220.79023900340096,149.70511248533694,17.12016899797798,186.10320716942405,0
