Mora,Mean,Max,Min,Std,Median,Accent
ア,204.4331348692993,210.84098675160794,187.491888202475,6.6145027704096675,206.1092545720175,0
ル,235.54628276283418,288.81425595824584,183.80930539039207,29.680212219208048,225.64274885221363,1
コ,278.30042083778216,348.17595245916993,241.66050477401288,41.51673910594341,256.67239485976035,1
オ,322.0879665269951,347.4837033367418,244.86685550635278,30.15389120693987,334.31363986776614,0
ト,251.13608586640302,266.08598074006704,233.4177208674816,10.728695225465351,252.744750305538,0
ス,217.07536141849715,237.1218307826419,192.34651856809856,14.602403746900068,215.6606238277244,0
ル,174.88422506880735,195.68616348719613,146.84531230111293,9.851919749538041,176.1377923966324,1
ト,162.60844008542412,185.04052668602188,135.8319345481964,12.753937738196372,165.31398672951647,1
、,0.0,0,0,0.0,0.0,0
コ,210.5186996628775,233.93707017632917,195.4942401552087,11.116173791725464,209.0052844033318,1
コ,212.25986037018578,226.47593320650066,168.18780034425845,18.499064191304488,221.4166665738391,1
ガ,228.61046186542274,237.06480882420144,216.11093162569176,6.828026271486214,231.42253577506463,0
ズ,190.3480011642731,230.78796765956486,146.12575600469597,20.72120138874626,188.49858159566946,1
キ,236.64235876735083,300.1530219520304,166.16316217440192,43.997110647282135,256.73781322514304,0
ン,298.62134800502946,307.48400771850726,277.58888025719006,9.319260957315738,302.94505234120555,0
ト,248.55142240566832,252.5396443633967,241.6126038229702,4.20521798488658,250.02672071815323,0
シ,231.12922578223584,246.57068204119273,202.04577506181386,15.275694715198513,237.4553866168049,1
マ,188.1530525098817,218.14722368699003,176.76768714378005,10.3192356757631,187.57216877898856,0
