Mora,Mean,Max,Min,Std,Median,Accent
ウ,189.96021034832364,200.88925081942907,163.3320189741888,12.059431561007672,195.07975212337274,0
マ,201.40575353131948,212.42940696647202,187.38461967647214,6.813033365051218,203.69624256054033,1
ワ,166.69792632459126,190.6742601107949,147.0432448525692,13.261970523736752,165.45139278956617,0
、,0.0,0,0,0.0,0.0,0
ド,184.6460304198868,201.92584179371954,177.34682427086517,7.7389594687258,182.12932092740556,1
オ,218.41943740549638,249.12249531208326,188.98718008541786,19.72853815179744,218.36646479392277,1
シ,247.95741186521153,262.8666101910439,210.11042124146948,16.12873265989349,253.94836898330053,1
テ,320.05333592876195,328.0949971194275,310.8301336009144,6.57364598226728,320.6441064973529,0
モ,230.98001049492396,314.0411760192485,158.84941161817804,55.12028022694738,229.89365423369304,0
ウ,157.33840959558407,158.1968864213627,156.48931573591852,0.510763630720821,157.27677527748585,1
ゴ,193.0022980499794,235.64393502590167,157.77369530105628,24.964909748185374,189.57815168739052,1
コ,259.1917752413675,280.5889539447422,207.5759237303626,26.18086685544028,269.17906756333576,0
オ,266.8394292898676,269.9098108204187,261.68230375731866,2.3901883740659375,267.7774962241459,0
ト,226.59585689562064,259.4592235396001,205.42667786221512,23.55765291079382,214.90166928504672,0
シ,168.72259095585957,195.03512902968413,128.49563349525886,21.810568934413528,177.93656697729006,1
ナ,182.05768590396292,194.63614528870946,172.34888538040855,7.243134209538236,181.87540497272028,0
カ,205.51364144732779,224.8334550885621,190.94004633008967,10.739774924504705,204.4326908488827,0
ッ,182.18576264525825,186.0357895725513,176.74492926379443,3.956262562923241,183.77656909942903,0
