Mora,Mean,Max,Min,Std,Median,Accent
マ,183.98731581103192,219.49902875473248,165.78435911961984,14.774676759381887,182.33088242660494,0
オ,212.66533255430988,240.2844128332395,177.49617399669327,22.607833606755136,217.94437324109188,1
オ,209.89518198367733,224.29073844726574,197.13757085228372,8.790058552497936,209.38133886879507,0
ワ,166.08500584880923,193.56095351748945,142.6937197389106,13.810911329543258,162.99597255743146,0
、,0.0,0,0,0.0,0.0,1
ツ,263.2578084630578,281.2499977677205,245.26561915839508,17.992189304662716,263.2578084630578,0
イ,286.5059621460996,294.46655184218963,271.31910223281653,7.188468914730805,289.00698815560975,0
ニ,217.11175223036062,282.0792827847975,146.88418080629694,40.12328836047944,216.7832558649108,0
キ,158.8127834967454,188.23194246657957,101.77883008099496,24.619013517846334,168.16683477384967,1
ヲ,188.2916264993402,205.7211399666968,168.56140196165842,12.458897094619948,188.65117378334273,0
ウ,206.25129248819596,207.36152121000973,205.13921763010714,0.7738122132273392,206.08788479986822,1
シ,202.2470392660146,228.72662599955152,166.55269009205972,16.342538521739378,206.8192402331629,1
ナ,209.05993700995347,222.57174505010732,199.86394920261355,7.414511002092866,207.2294218578669,1
ッ,183.12918357670202,196.56445204368697,177.0915144312614,6.979802395247302,181.01126678695792,1
テ,192.35357329795482,205.46690602144776,181.4948188537653,6.205969122938779,191.97044693982383,0
、,0.0,0,0,0.0,0.0,1
ド,193.94651314771477,249.21314586112155,185.06271898881806,17.086463545443927,188.05500403892117,0
オ,244.1397781260611,266.16564611526644,201.60862534949436,20.513592972245075,252.12322447844647,0
ト,198.30352283460445,256.79115006173066,170.0855768620861,26.766546916541465,189.7518421718594,1
タ,161.17598311804758,168.01639787662322,155.9307353260609,3.0434541182485253,160.1444623279912,0
オ,172.5104991241183,191.6157674786124,158.42492482991514,11.055779169269453,170.72907512065285,0
