Mora,Mean,Max,Min,Std,Median,Accent
ウ,184.11090302323154,188.60385510090381,169.0635704684505,6.249286288671457,186.38503898491285,0
マ,249.74479104603952,322.0104100872641,189.3958321826304,43.51106694687789,249.77528760972348,1
ニ,307.91578435463543,324.7074953580113,282.87971882241345,11.252772508047782,311.01232560986216,0
ノ,240.23706268864913,276.38708658024484,206.74675810514273,18.318932759358237,244.11944637185547,0
ル,189.35984096286472,203.14632866256957,172.8883948051871,7.489638965162065,188.9111005342328,1
コ,183.46657289635357,222.54991366515372,163.27080996590945,16.15598131261755,179.5398985282352,1
ト,187.21067094678023,206.83079660594325,171.33593536337577,11.155040483797574,184.15943854331059,1
ワ,155.9625926887608,177.3441131792048,136.36752811297544,12.6801569315938,155.07813878829194,0
、,0.0,0,0,0.0,0.0,0
ホ,208.95467819586895,227.35943378911733,193.4554916763661,9.5995290411876,206.1919755129451,1
ン,261.93667650175206,287.5431650614544,234.41837796338848,20.06565430046213,260.822341107467,1
ト,284.8321323693526,299.7529748471068,270.05307689341936,8.43680454935602,284.57445334479866,1
オ,280.13679417849255,283.45695488816887,277.7194374632549,1.866823499976696,279.9522516105342,1
ニ,265.15632659616523,277.9764155939163,251.90060540751983,5.933711109610851,263.68383478650514,1
ス,254.96480362614713,300.24021819647623,223.78937086267757,25.852376480880533,252.10829918112722,0
リ,268.30849349939507,290.02757901769604,235.64474600076034,14.972402104864496,272.3754609066727,0
ル,206.98420105486124,256.6655058317142,165.82593785354166,22.98303606373866,214.24582843398213,0
ガ,156.35302144647574,172.0813690228828,146.16549202374043,7.688321039638023,154.25722641734893,1
ア,144.0026944632109,145.76402125563368,142.47084421638976,1.00223330717681,143.9675383747017,0
