Mora,Mean,Max,Min,Std,Median,Accent
テ,227.78997802991037,235.1621492067991,213.45454809990576,6.842393010645663,229.95134967046883,0
ツ,232.50959186702002,279.010167134864,194.97395211513387,33.53060484609586,222.48307617474458,1
ノ,303.44020454273544,316.51700198828576,280.08821356971634,10.172953308022146,308.51917754023816,1
カ,298.9175485365854,324.1223074221514,249.81722597121254,23.086734073218732,308.96131876694886,1
ア,306.46750815664467,311.1168963069088,273.602337019408,10.03863897675773,309.87844835806794,0
テ,245.29521448403764,264.78291485489694,217.76027699592825,15.296718117834496,248.77990981194262,0
ン,202.50579667616225,215.41988561149984,187.82712425181467,7.366039618046893,202.6047087068104,0
ガ,158.00851733173417,184.90166915335675,127.97185551075034,14.311544779942635,156.7806176618491,0
、,0.0,0,0,0.0,0.0,0
ヨ,180.32257510793065,214.81605949588882,161.23430250007252,14.167471921301768,175.90519838645162,1
オ,239.16500041470627,257.3226614017808,219.01237188881186,12.652457803958091,240.44347874292922,1
ロ,276.98773117322395,291.017173634666,246.59193042926506,12.206930230502676,275.0631260240624,1
ッ,252.98493639579175,275.9770088218084,239.93408310582132,10.737981924131958,249.2931510942217,1
パ,288.80770056581184,292.3159156870609,285.6989938766131,1.7523847055199984,288.46944506401314,1
タ,291.2102094212805,308.16499910897426,278.0683791228713,6.9027629679524685,289.4391046797056,0
イ,286.13047931570804,290.13887980405633,275.3691967222041,3.4883999340187124,287.0561011993781,0
リ,230.76896275245502,250.06460892538524,212.33891003015282,11.814432459461147,228.5432705433346,0
ク,198.6455671562907,206.44747607958195,182.9871912289066,7.107048485105217,200.51442846884248,0
ニ,174.67442715089842,195.37673280524584,159.662302422634,8.143196192426862,174.36538811942583,1
オ,150.27140038801215,155.87231355030417,145.76044160500442,3.1233472505034214,150.16318519776166,0
リ,165.56955551005052,179.5571620752345,155.79187446704037,7.127708470735784,165.6629307561685,0
