Mora,Mean,Max,Min,Std,Median,Accent
シュ,219.82544358536177,258.48150899966845,192.52793016399505,18.653408584654574,224.12879716081247,0
ッ,187.103680364898,204.4908087169515,153.80762783318733,16.378148527199187,194.94196812058505,0
ケ,284.4182658242029,291.89224994237645,279.288503362109,4.7350399122818665,284.2081916602266,1
ツ,305.042440320262,318.2026517025413,284.85976678506495,14.489610638244445,312.0649024731798,1
ヲ,316.78046551648015,329.85391247264516,302.17662674763574,6.9933130839600315,316.14021488199455,1
ト,310.0337214647564,316.4444545101706,306.4972294171746,4.541128181990145,307.15948046692404,1
メ,296.45025903689174,310.42911347224,280.4070663817183,9.242030549931682,299.56588729366933,0
ル,295.1363496324421,311.1767102475956,251.4068304861976,16.995420451938294,302.31920941345777,1
タ,300.46095907435165,323.3153553500457,292.7345264831448,9.79354244823681,295.60059955574286,1
メ,289.4789317350129,299.30832219343154,275.2205249625115,6.685581134413792,290.70950269637893,1
ニ,193.68462683013027,281.94260455893755,114.5477612771732,49.139410504741235,190.23086877231867,1
、,0.0,0,0,0.0,0.0,0
ド,220.79949889009077,237.6211911174588,214.04406024980847,7.013239491436666,218.13257714444376,1
オ,306.5423818721438,353.29239300369113,248.2924556536038,32.31212623982838,306.08763165761076,0
ニ,331.19971447104007,363.51514869490944,262.62572783577974,27.555924135650752,337.9477664460479,0
カ,236.2923933671373,246.18190995387403,227.58431644957625,6.6589032660335565,235.70167353254945,0
シ,200.12128700205318,222.02767763702946,158.3184652537621,18.72862493417761,207.0461582474245,0
ナ,196.3885307273055,204.5252952731099,191.60533129830057,3.375396076663361,196.51161449759292,1
ケ,230.61523395836574,268.40499596829574,189.6024666449028,29.947882885369392,229.47346707879035,0
レ,220.7564098259214,240.73053904814364,208.00744725859852,10.216119612164304,217.48278936365676,0
バ,178.69902145662098,208.58206490443703,161.97050972366776,14.099002887705327,174.1526748393765,0
ナ,158.42402354157056,166.6944386208921,135.97224682610968,5.973437730741949,158.50544365987952,0
ラ,174.4082666371844,186.00599357502284,157.42667689410777,10.449559299520708,179.4196926737838,1
ナ,167.45406375655972,186.8972113012973,141.95348053853945,15.527539578178335,173.3098684944203,0
イ,143.93064600694032,171.10457892410903,131.0982630569613,14.026603725128401,139.2694250076394,0
