Mora,Mean,Max,Min,Std,Median,Accent
ジ,205.0972038026337,222.5447985187496,196.2938987050376,7.044342654575878,204.50997176380184,0
ブ,237.34301255909435,297.40772875414996,186.55442889053697,38.89857869071042,233.3663826348258,1
ン,304.0571098649349,306.74822796976,299.27715533164707,2.029744275454604,304.58526457394623,1
ヨ,309.72283696648043,318.97950703967433,301.3621768350291,5.889239407477115,309.4537711058458,1
オ,307.8210904766793,308.8667045701288,306.9361752331529,0.47804950995058365,307.784456032196,1
ノ,298.69564958495835,306.66269989205523,283.9691257912494,4.741539242483171,298.5168841602176,1
ベ,277.00817662804434,323.620059170288,235.05306101790055,30.490852390213906,288.5714320942549,1
ッ,0,0,0,0,0,0
ド,269.4705684895416,292.64327368957623,247.77822424642906,13.07639694722905,269.0827297341125,0
ニ,210.5309098549304,255.16281755305263,171.1382746331877,24.176562012282645,211.0017767179858,0
ネ,156.13089874730133,169.2817022277789,144.40467828518496,5.501213423744015,153.70277241162796,0
カ,169.45063902080992,214.8636573825899,90.38756804639439,39.99697024395536,192.24571774665543,1
サ,217.76697851890538,235.54204940700498,202.22641250940623,10.984900658337812,217.3907251923437,1
レ,199.07479911501386,214.42408601504735,177.98909992350073,6.212488102061113,198.51695625066066,1
ル,190.09385910938033,198.32244583138095,166.00221998552695,6.082871736178457,190.5205620957688,1
