Mora,Mean,Max,Min,Std,Median,Accent
オ,286.1484004875918,341.59417955414597,232.0231978508289,36.875591348461164,280.6600337631508,1
ン,338.0808407647987,342.7417419839036,333.0459371433657,3.543483575048736,337.9131124094779,0
シャ,293.6753890492118,332.1150209693972,247.69238053484546,25.215927312753465,293.94197482294135,0
ノ,213.50957255006537,253.849386800502,172.64345543942844,25.50177299990752,216.84845172319655,0
オ,160.57976747047027,170.93908500758582,134.34011651731248,9.142869736616905,163.26340062101713,0
カ,178.00968735468453,188.69130180663498,164.03941743429755,5.936245814581874,176.8565601828648,0
ン,184.56512713587176,188.0212722745585,181.62320798243525,1.6980322529568068,184.22520688902904,1
ガ,177.90726289914272,182.28762858144873,175.33628094151445,1.5882855995323675,177.76259270009922,1
エ,174.18587725831597,175.03395617260057,173.24880435777712,0.48623814625007883,174.31496599689675,1
ヲ,169.6804798795219,173.14401331340923,149.73867290348392,5.292619157108454,171.71134587067635,1
、,0.0,0,0,0.0,0.0,1
サ,197.75028030288152,204.45676130014678,191.04379930561626,6.70648099726526,197.75028030288152,0
キ,209.59278815070812,238.2232597519801,173.67163915360842,21.320705493265784,208.70395413682394,1
ニ,243.82635580994986,253.8532311341716,231.25535427832486,7.872004784598827,245.4320175011863,1
オ,201.99308559454087,242.38819279255756,158.49583313549698,24.63878031901271,207.46053619306156,0
ッ,201.20232504336528,214.321838848166,179.0132182684457,12.925737031378619,206.8317307640004,1
シャ,275.293071172687,283.13284409129665,270.5392491654576,4.207868219211338,274.18554594090546,1
ッ,277.4802830127139,277.4802830127139,277.4802830127139,0.0,277.4802830127139,1
テ,222.81147130826358,244.40728135172412,199.34277411545975,14.430312454602076,224.5700496775041,0
ク,181.09072804979712,204.46480188993112,162.8645784506395,11.201747664322456,176.78977375687322,0
ダ,156.80835965987427,187.16737226534738,129.81382756408453,11.862907378504975,154.98851702053463,0
サ,158.28850562517457,186.9077627226365,126.7282379597221,13.673877599363145,155.59011060879672,1
イ,145.10993458466206,153.48616931473774,141.4233902357183,3.478860214067772,143.79344696981065,1
