Mora,Mean,Max,Min,Std,Median,Accent
ミ,214.36385882061535,248.83752301188088,189.9261910538592,17.9435072167452,211.6778092423612,0
ン,252.65812097395155,257.50555026627666,246.8660535129979,3.4779614775549788,252.54933322875223,1
ナ,290.6101443503745,331.35708355445917,259.0060250637553,18.27106952488014,290.10220511038744,1
ノ,269.8130831667054,300.81279275013907,224.02265395911206,23.064679565392062,272.32365413795173,0
ユ,182.65985914770403,219.87584695214437,166.23879670232742,15.57476111538258,179.4792481873522,0
カ,166.3176336552244,183.5741055930125,135.13024990330766,13.694532473937208,172.51986851854136,1
タ,174.84269691643897,204.03538418003242,158.67993511108838,9.065840756128644,173.9368469827316,1
