Mora,Mean,Max,Min,Std,Median,Accent
ワ,194.0435305654377,199.1545920119278,185.71881615349673,3.384255785892925,194.31253420266796,0
ル,281.9242822062391,357.1548538500627,198.28084590037548,63.5453241338779,299.79813096417786,1
イ,321.691260138788,349.09075764176646,236.81160691730665,29.494222434928986,332.8394247902689,0
ド,222.55129469350538,247.7712415319004,204.5609598251995,12.892672398174126,219.8282684455159,1
オ,196.1701096572126,203.04419787053519,191.69322014836078,3.7612583262055463,195.0919931808397,0
ロ,179.49814529949916,192.87388710380392,160.9076666459202,8.99877013776232,179.78642050364138,0
ヲ,157.20955434168377,163.89981949471402,142.13851114832764,4.760267684252012,157.84034509598905,0
ガ,174.5342784453862,191.33207125226727,155.1367710228537,12.229676341670825,174.08413226771756,0
ク,224.82333833239713,266.3077477400543,127.16297260991153,50.23417184466152,258.3126205072146,1
ン,274.2044544200486,284.807556198084,263.90235284419964,6.312023961889276,274.3799720596307,0
ガ,211.3198589410756,262.7275726976808,175.66255226226468,32.10329278697463,196.6109373239091,0
ク,241.52117013881792,298.1440568654686,150.61249608968285,50.50453888265013,264.3980012374749,1
ン,304.01785830948205,319.8046790332198,273.5503513539283,11.76451289213768,304.96182103091047,0
ト,234.5013491153178,265.1231290119676,195.36775012343716,20.415143381518163,236.88913378605852,0
ハ,178.50393616326056,193.90843857042358,165.918824742422,8.577048609478547,179.1910660161629,0
シ,248.37628619558959,278.6573709143919,175.56501457607587,35.688025554155004,265.07629651283247,1
ッ,238.68092002651647,246.19025256100224,229.3234118658684,5.407879878066118,239.57183720972182,0
テ,214.4390154388066,257.70232253152574,185.7344337412637,23.98308189343635,206.92077511219648,0
イ,177.488472585103,183.85966640355284,167.81632515904462,4.768992737350021,178.25831384781083,0
ク,174.15050323071483,191.29092766982245,158.57625574322063,10.53041185398017,176.32787372014613,0
ジ,162.33781126961497,183.41718147608228,150.38153117323347,10.224185327751465,159.69962910702333,0
ド,160.73614090144295,199.4730989088401,128.90852949116592,18.81336075528461,170.29804539892416,1
オ,173.25423144574046,174.14177080958248,171.89053958323328,0.8054848785328378,173.6740706427876,0
シャ,152.45344374796446,184.48875366913322,128.2371396106719,19.811751856861,155.69125858458335,0
