Mora,Mean,Max,Min,Std,Median,Accent
ツ,270.29012056582303,276.65449882544647,262.1768308158931,5.528459931926763,270.3507160568156,0
ミ,269.04698088391007,306.2882949364262,238.53030427338385,20.96843519204118,259.47656585706886,1
ニ,315.35334226102407,335.4522474824803,300.98540265559205,11.944664659617056,312.90563144842156,1
ノ,315.79541855752746,335.6404368401681,303.37310438012145,9.092306632368157,316.3084014076494,1
バ,278.90006769317716,302.3635424396,247.12606659451723,16.549442807202183,286.48870272417986,0
ラ,287.4383616147945,296.06465062239585,278.89642200179804,4.168026242053246,287.7511877422104,1
ン,304.1312141142421,310.13182460044743,297.6763824311007,4.345501425049112,304.2028617594608,1
ス,279.3250410794885,301.65424818496973,240.13263942725246,20.19567851872293,287.8172808972432,1
ガ,283.8614439979365,290.6621856018108,273.485561446041,5.751406379044597,286.8637353229013,1
ト,259.126892502534,259.7988900929355,258.184053840701,0.5867821894143154,259.2623130382498,0
レ,254.85913999377016,268.69248647919306,232.23054969096037,11.982466504032043,259.5996602197897,1
ナ,244.2506058457902,269.2919313155777,191.2183307075946,24.544416215578444,256.15279502716083,0
ク,176.43738702484734,177.32947016269108,175.54530388700363,0.8920831378437271,176.43738702484734,0
テ,141.53449907495747,172.77867385752464,87.47116101158444,24.741705807921953,149.29741321597703,0
、,0.0,0,0,0.0,0.0,1
フ,252.09502288038777,256.9846200968556,245.8133612509204,4.33134720305638,252.79105508688752,0
ネ,262.19151206278616,280.23247436528,236.76671899290037,11.836521149008526,257.96657128555125,0
ワ,198.6162459162658,270.95857762055465,163.75657486345247,35.01760272808897,176.0506927733313,0
テ,171.05597391377464,197.46613334236613,137.53211879252615,14.435420390817882,171.8975293298431,1
ン,193.1916237767917,208.12916508088833,172.640352962426,11.236584194421452,190.77450247010464,1
プ,184.26199623942944,192.69220928746674,169.90559421122677,8.004996972585152,184.27515281184301,1
ク,229.15578059927765,261.6501538822551,215.107504846952,16.78470669059644,222.03489656200546,1
シ,184.30525102863876,208.23869049719323,137.78598219403455,20.781857366285998,194.040761424716,1
