Mora,Mean,Max,Min,Std,Median,Accent
ゴ,201.3625795873093,222.6971136684671,194.31135784198645,9.8996180325351,195.96546187999544,0
ミ,230.72833292022307,267.84307770148297,196.7754886102027,22.99241178525519,228.6955257884991,1
ショ,287.3059864663042,310.72228252953227,251.55991945687148,22.546863600027,288.69242889887596,1
リ,285.79789845335,305.90584481047733,260.4847251471023,13.136737996282255,285.94259208484203,1
ワ,275.31517597634075,286.5446963485736,258.393314433086,8.590234157566426,278.1846162546747,1
、,0.0,0,0,0.0,0.0,1
ト,287.28953624017197,297.4196172102212,274.5156623414344,7.3719661826152185,286.5139483327115,1
オ,313.7245932176919,322.8906342053237,300.2984805797603,7.403949155410507,315.22176533522827,0
キョ,267.9102877458454,317.0150444608653,211.10381238293658,24.37395797789004,272.1085208807707,0
ク,208.4240953857588,222.9698569749882,196.07435864444972,8.651233986937585,204.25125702609608,0
ノ,178.46337798664035,195.94267330404998,148.83180832520551,12.37604535478407,182.73720253716533,0
、,0.0,0,0,0.0,0.0,0
オ,231.45566774998042,252.7659021598821,214.61505760702383,13.32840805912512,233.7134777812653,1
モ,274.5199752512899,301.3507915665847,228.58805560453024,22.054818218207412,276.8994721704327,0
ナ,211.50084277970106,295.1823577081166,149.55253235370856,47.000371206707,199.29184176691385,0
、,0.0,0,0,0.0,0.0,0
ズ,166.78926389791255,195.14742029845436,149.89152861597603,12.277837730206018,167.12127840280232,1
ツ,216.42276552270494,250.0682552068896,149.6908037632364,30.209454267452525,226.53471872133238,1
ウ,246.90269241124906,251.2374185785992,240.72628121908,3.6208632469276965,247.72813937766307,1
ノ,257.5833963232304,267.3479077996377,239.6562204851069,8.861539905235595,260.21417584182274,1
タ,262.8968986376947,276.36477765643525,215.17026455264397,17.81159619461131,269.7997934239945,0
ネ,285.16353033695617,291.9485865783928,274.7547290049698,6.168041675172112,287.01166401379874,0
ト,234.13210941826938,262.5943826777443,215.22053330831247,15.43500640586333,230.15219545030521,0
ナ,190.41654834288147,209.97560774979868,176.47622744506234,11.892881755654907,187.6939315189846,1
ッ,163.8612223255825,175.5414689343816,144.2145384591059,12.126158228680307,167.84444095442126,1
テ,172.13199292891372,195.26583917230565,164.9958924787629,8.75223542407266,167.8869884840026,1
イ,162.43297375400851,164.4259500996454,159.76877079970893,1.2620886542725966,162.51570640672247,1
