Mora,Mean,Max,Min,Std,Median,Accent
コ,272.1906595326121,285.24671578870795,265.64542790893927,6.654276393889623,269.98988620433715,0
オ,312.66723637403055,327.2995907205371,289.544059001343,11.3915672819225,315.21589368659727,1
テ,331.71533139057385,358.3708567171733,319.8959568162735,15.754854223667078,324.29725601442425,1
エ,317.1337806644042,319.5432129169616,314.19443604228854,1.3847745673380207,317.4286416025778,1
ブ,278.57252603786196,316.8866179878383,240.44060348720677,31.604210944205235,283.76008275489244,1
ア,306.66421765171964,318.7606660615478,282.51427847369223,9.893493631414914,307.407125371888,0
イ,261.64739254491076,278.89664206213786,240.1159598762399,11.526351078443643,265.974550697379,0
ヲ,196.3499398891949,234.7433437823881,173.72865568638642,20.48994921299745,189.07216458950927,0
ヒ,171.95516429238617,180.9220261626263,158.11865723241252,6.420446795694459,173.31746105597057,0
キ,225.6583406375598,235.16500520578708,219.51063791086884,6.7931371866539,221.9986053711388,1
サ,229.3777667787043,254.32998554758615,188.80931714445086,19.554001216888306,235.26022264243568,1
ゲ,206.2161384003591,231.5113141842804,167.5502945279657,18.089757755668135,207.98519076825602,0
タ,151.78253405169224,186.7769098848777,134.27861867371305,12.828102941394686,151.15038664824652,0
