Mora,Mean,Max,Min,Std,Median,Accent
ソ,224.13657623156286,244.76275122904542,213.40848154935782,11.700099647718874,218.06438668483224,0
ノ,220.43431867926307,234.60424498925343,202.79824362222465,5.445790560441132,221.152193872485,1
ゴ,209.60004963436654,215.83270656131862,185.65584085789456,5.375459751768766,211.17696061629596,1
、,0.0,0,0,0.0,0.0,0
テ,196.15522990581835,218.24218308273032,170.66461915335407,16.770645692511323,199.73921096960424,1
ラ,223.84712844605593,273.9837337292943,191.9686097191686,24.498535461624297,219.33978827309465,1
ダ,280.0004271790184,321.43992384381784,244.60700799625985,28.79353599927152,284.5217950391831,1
ヤ,311.7620272175756,319.90239275018695,304.8959389895058,4.839961055507699,310.13827909229474,1
ジ,298.45016430884345,325.87568421368866,247.2666471457831,26.49790130560271,308.42341894002345,0
ケ,273.54671115365016,308.3569335633434,239.61267862912362,20.759646928722766,275.7073451701997,0
ン,238.42819323879866,253.94180816239975,221.15041265438433,10.787804057478732,237.10658001248177,0
デ,194.9749921794147,216.5294761479332,181.68626442749573,10.5741988791536,192.18092563752958,0
ム,163.84860886150256,177.80426397090227,155.34932131740317,6.462093212860637,162.71837609318274,1
ス,152.70502708383123,162.49104471096805,114.99746958073733,15.093292135564923,159.82001546797352,1
コ,241.4915056350925,245.90582940688807,235.99139667593698,3.580876357511639,242.0343982287725,1
ガ,240.3153564626258,256.4797077579013,224.89879814648793,9.51593021487614,243.24012868979042,0
シ,243.8056941342441,251.84364014110872,228.0573041952963,6.60145398340406,244.64021250204132,1
ン,249.90286293373032,265.12319596078186,239.366703113392,8.842000173209335,247.3728755675474,1
ダ,272.78352208478293,287.72409956662096,249.10085537052825,10.512026398337147,277.58735137547995,1
コ,269.303275404266,269.303275404266,269.303275404266,0.0,269.303275404266,0
ト,249.31262586263344,257.34136109468517,236.34760542948416,7.050273278242018,249.6968142971439,0
ヲ,211.06613448301147,231.4323193780529,195.41101526557588,11.836571878623174,210.05497477385921,0
シ,172.75501543954792,193.15482125380058,155.22532702641388,11.194611745235104,171.2960978765076,1
リ,158.13343434930206,167.80376506298865,135.45209998684624,8.037915535193946,161.93936353961976,1
、,0.0,0,0,0.0,0.0,0
ジ,200.0339472446093,211.2924174319117,189.83311396102417,6.460590639237248,200.45106248382754,0
