Mora,Mean,Max,Min,Std,Median,Accent
ネ,238.840678285037,267.04903078679683,215.85470548402247,14.194600199493523,233.3664543715131,1
コ,232.52127570660096,270.0180546012891,200.06346183156478,22.222484656128753,228.9274176981739,0
ワ,165.65303045150193,196.71358185542528,130.80537728435553,18.965646732704982,167.41663770224076,0
、,0.0,0,0,0.0,0.0,0
ク,212.5601686550867,215.13461190506038,208.66657690333588,2.6269557674234822,213.21974290597524,1
ラ,229.1170440205251,274.8817994517315,185.04506290849827,26.153041371038864,230.92398642018682,1
ヤ,286.0773259524463,292.18924612996193,276.93211953653264,3.845158000077347,285.3278827603921,1
ミ,292.8533437770943,306.5880382888437,266.32896634546256,8.503828956839323,292.6278465013184,1
デ,281.3432712607149,310.1322193398241,254.2362872607615,19.97305532258117,280.6253049881018,0
モ,244.24395240001806,296.7033066861748,168.8414420811938,44.886715102293024,258.13433976123605,1
メ,189.34046130197785,271.71274348289893,145.2044818843165,36.089510187915536,171.14964516095768,0
ガ,303.5843773601775,324.13130827222756,264.3669295870145,17.54918054161723,307.5968787071713,0
ミ,223.40997183255672,258.0415361418669,201.62269653483915,13.534566941700263,220.91762766920573,1
エ,177.8976157607558,198.45515600750076,167.87983417048494,7.4847840357034245,175.8619596194149,0
ル,161.8079046470203,183.23372429838045,131.52188798234192,11.220464109693141,161.76549873226324,1
ノ,171.06218182749183,198.662546356901,142.78135822452666,12.788072108233635,170.3162047409713,0
オ,213.84300796111356,223.2531940441519,201.8008089939544,7.033849446333397,214.52312006059108,0
リョ,207.37041771234692,224.72872691747816,173.72891565000555,16.82949726624898,212.73629135334022,0
ク,174.42339700264165,202.70878617899663,157.94254275468683,11.42039941994494,173.0826062873639,0
ヲ,149.86529032989924,157.44960564919566,147.73626696398262,2.6404594361074287,148.66053883914861,0
モ,160.4044168469938,203.69357954584737,135.95221803634192,17.401812111068423,156.03763509562918,1
ッ,211.91861650027184,215.21654602806248,207.79728088145475,3.0843553645207296,212.74202259129837,0
テ,184.37066594339225,234.8146948389443,163.69955483604207,20.018499858727605,177.94950069762166,0
イ,153.43755853909363,161.97881454616754,145.98368605592202,4.779469396461186,153.71930806104163,0
ル,146.9597697279059,172.99738133829823,118.77544320253322,10.750348153723019,145.7053624859885,0
