Mora,Mean,Max,Min,Std,Median,Accent
ブ,227.83648509698543,245.45814082916752,209.84138721910097,10.747600473348664,227.51946899598812,0
ン,277.07214090550957,288.0134139968639,249.1521308410083,11.767520001043955,280.7661967440213,1
メ,289.1544140742727,299.2670013634572,281.50144749284703,5.678284937111117,286.65811591636356,1
エ,283.39738129752425,289.2399893183974,279.45100970297034,3.0371362011397744,283.5735212344175,1
ワ,267.308565715751,291.5192978263111,255.23287103018203,8.954449067679693,264.9300111740024,1
、,0.0,0,0,0.0,0.0,1
イ,221.47168363101153,230.94343564161687,212.3613561824505,5.88431334715614,221.61159669810618,0
マ,236.05724702089063,253.93511727677895,212.33830221789478,10.590159418165305,238.51346491517972,0
ヤ,184.1207015252613,209.14358152016248,164.62623246533065,13.145691916164298,182.8457143599316,0
カ,177.72250485250356,186.1495882472633,153.2526704467876,11.13874488843273,182.47749695450116,1
ク,165.3670738615646,179.8755158753577,155.7515540264321,8.994772655072044,162.82085234414888,1
セ,298.9217945397347,306.54150077313165,280.7494022130443,7.0688198893996566,300.3816140124162,0
ン,305.6299882030601,306.5240087487282,303.86268461650286,0.8610702800324903,305.8046550208363,0
ソ,279.1955187404137,304.84878969121803,238.9885875244607,20.741411666845785,280.79174996606883,0
オ,203.25645404926348,232.70268375484508,185.687715314801,13.979189699102303,198.36264442579156,0
ニ,175.5947399423633,183.65672460550005,164.84074596893993,5.114077619761707,176.22277498477848,0
オ,147.9359456736762,167.21846254791092,101.30537569960033,18.684294661268545,155.74378063472125,1
ビ,179.13914686661425,212.91181582947712,153.5712575200091,23.03424655814708,167.35680592973955,1
ヤ,238.37058962074127,251.54304259496115,214.69690459285093,10.999696550630674,243.2097750036923,1
カ,257.53484598776936,281.3383243196551,217.92137959839033,21.812523438315818,270.3199612879222,1
サ,268.07495068518364,275.557566576755,238.5462377178234,9.364110522648108,271.23060189223753,0
レ,260.5189185057988,270.1783902403333,227.99103277091817,11.01092293376027,265.2097238436324,0
テ,228.77489600532127,258.66063075932607,211.6246412367368,14.488259761226765,224.58259108479027,0
イ,172.27798797881445,201.5631657585889,153.0119206639706,13.599870473291398,169.39897943734184,0
