Mora,Mean,Max,Min,Std,Median,Accent
ネ,214.25568219464364,237.5833587938389,205.50518016185748,7.768669976499414,213.25517193755533,1
エ,219.71628203471298,222.28540714391931,214.35691819244158,2.0606989410306964,220.53610094550032,0
サ,190.48758106033924,223.6171569788818,170.0996447591356,13.972625033233491,185.82805206093124,0
ン,161.62577766329326,174.99376343682235,156.27004543952705,5.766815650792975,159.36010353440997,0
、,0.0,0,0,0.0,0.0,0
チョ,232.83700254541267,243.12306055660338,206.85956825834984,9.456367343000723,235.73127733161454,1
ッ,213.63550219886736,214.37432493687572,212.40196170858695,0.877919288957798,214.1302199511394,0
ト,207.7617782531503,220.8194684372294,189.59009762080092,10.58016308561974,207.57279263106025,0
ソ,190.1577599307968,204.86473977002498,161.42578567910758,10.899903411686891,192.4539093291396,0
オ,209.27895024966912,224.7094944620255,197.918127255019,8.182605242384803,207.67726231569986,1
ダ,251.64751154020152,287.21245771926806,201.3001409510469,26.78634286538694,237.54536933211375,1
ン,271.2611547894497,274.24233547811036,266.8162772524165,2.4074953051773464,271.2743966926682,1
ニ,268.411072726099,270.6780254316643,266.55244701701406,1.1309746982374504,268.2330983363163,1
ノ,248.22417683320518,269.37788388034414,234.96597895204786,10.412121908321316,246.61666078650887,0
ッ,238.04834440110008,238.04834440110008,238.04834440110008,0.0,238.04834440110008,1
テ,271.1509383725593,303.9040587468765,242.18854082770963,17.259533294151858,273.6591665948822,1
ク,258.9797467707716,303.9205635977864,214.48787045808976,35.666421697363596,282.4087274469962,1
レ,282.2326993535903,289.6897759627347,253.0612525569318,8.9420798893728,285.53914499956403,1
ナ,292.38018545975507,298.40528707161866,281.0073956275965,5.1820719326999,293.267706932659,1
イ,272.5031453558429,290.03787247747374,236.40144259208606,16.06813146894402,276.64779708617334,0
カ,186.30127290503887,226.7189552659228,162.9625614151382,18.924163665123285,181.7765056545718,0
