Mora,Mean,Max,Min,Std,Median,Accent
ニュ,195.84379821579714,221.20173899000494,167.68695065938275,14.42915056805301,196.66726984671777,0
ウ,232.4073130546964,239.13835910947193,224.62166241250992,4.93793840329174,232.99075984256245,0
ギュ,233.04811341945083,244.44487005771504,225.85722225862878,5.291512837808071,232.22657860307356,1
ウ,224.4215733458847,225.44699720809777,222.9002144744596,0.767122003363342,224.62685920407247,1
ガ,218.3510721244802,230.9992811711651,204.77564483386354,5.556680582208157,219.93737427113712,1
、,0.0,0,0,0.0,0.0,1
ボ,190.2476417118987,214.13283758475606,179.23382207685472,8.313804379984196,190.09001163714,1
ク,171.3804714302523,179.47107823034625,158.09695839567152,6.728088421747809,172.43812027399537,0
ソ,311.17909368039665,321.732322544564,305.96028683947713,4.955579018536596,310.75092597034933,1
オ,313.3882817742661,315.8584711943015,311.90033121826747,1.268853401215041,313.2118076885504,1
チ,261.3890734341998,313.3921369565419,203.99214506070416,42.65769945077528,235.27937934488443,0
デ,174.22256193478245,193.7386774451406,157.85751415056725,9.877519583321044,175.22484207099455,0
ク,162.4991101318429,175.50524001134647,154.28463623620735,8.745167986971076,160.1032821399089,0
サ,277.75197184469573,289.82645299879294,256.0424278107037,10.360902854480887,280.59194416307326,0
ヲ,275.27965453059335,283.91034210267384,256.96683334805584,8.829919727760332,279.7030292013877,1
タ,208.34991657311807,253.52665914852457,191.63766312404968,23.90596217979348,193.87617942647358,0
ベ,189.67340095716017,206.41255923334367,169.79742764788136,12.452726692985024,189.2626415526629,1
テ,195.4588481674184,215.67347750442408,185.77707281604063,9.433563897644165,191.19176798092118,0
イ,184.2601122984198,186.2386578299349,182.44117155524754,1.3449916165067113,184.5236003123232,0
ル,173.24821586899006,181.47022325710887,164.30830068083716,3.951728207131857,172.53555063518192,0
ノ,162.81915110851307,168.64979971444276,154.85024639598936,3.1921206197243017,164.13536045581216,0
ガ,151.50911644441638,153.07214334288003,150.49316824968662,0.7995275504128242,151.4464242438671,0
ミ,158.6065303553872,186.1260626778751,136.87541322288226,12.597557068340478,153.92814683242193,0
エ,185.44594120918129,188.61434578626555,178.20021029523593,2.988132085284247,186.60672777267993,1
タ,155.0521272970314,170.75643168536388,137.80137346325643,6.998831190805169,155.2459741544415,0
