Mora,Mean,Max,Min,Std,Median,Accent
カ,248.58548129239114,259.2988141421799,242.5810972535028,5.170296253236596,246.70442970740856,1
レ,230.10404938667517,242.4590585973872,205.34849515804584,8.804683170218269,231.46792246184214,0
ワ,177.93608165635447,221.78620703801136,139.54044887463155,24.511055861703607,174.88630321069363,0
、,0.0,0,0,0.0,0.0,1
イ,258.5651506145942,290.1563904584698,230.28463200794138,20.087712477568342,258.22360540360654,0
ド,287.5513090745584,337.0622158280043,253.75228033343444,25.53008282318309,287.7003349504,0
ヲ,242.41245621485365,262.15346547101694,223.1667553095566,12.674546092455094,241.797208538135,0
ノ,192.57091106695015,218.47158171543538,175.04751812155686,12.036807466396006,190.04807450222177,1
ミ,198.3512277441176,240.97226568042,175.19120992116632,21.46974897124301,194.2700976831469,1
ホ,270.48360619817026,322.20337264699134,219.44971043151176,31.04618218815295,256.7692126698037,0
ス,319.3228911556131,331.39956367230747,272.9824233818874,18.7520645637673,328.6042739563704,0
ホ,253.17521844066525,273.05847763614645,231.75393482864618,14.262397416378711,254.1138346094704,0
ド,202.4882261972658,228.57181314879952,187.49244980294793,12.326261491049479,199.90896782001116,1
、,0.0,0,0,0.0,0.0,0
ノ,172.26688857993312,206.23139526020987,141.36951188571376,18.683692034052047,175.06269609089756,0
ド,244.07320852095665,283.0273010788096,210.74578549882324,25.27258882744471,227.72510689378288,0
ガ,216.50597591412435,264.35260632332,172.7555309994701,28.536865089204525,216.09262556662992,1
カ,167.82545546187612,189.4424734763657,139.61871465700838,10.970318537708229,168.08667922305685,0
ワ,189.35875993756224,214.802708673555,161.26819492160232,18.027320467769922,192.0217423503932,0
イ,213.03155501612045,226.34192454248262,182.88828872620172,12.844763403289752,217.60864444756947,0
テ,204.6508170888297,220.9348127422255,195.45253915672257,11.54677771764178,197.56509936754105,0
