Mora,Mean,Max,Min,Std,Median,Accent
バ,204.71318489583106,221.71652128427678,195.12006121038547,8.433188816097378,202.10429259563506,0
ン,239.1898274440852,249.31685050855575,218.79160631326522,10.507741214336052,244.7479555617506,1
ネ,245.49795834808427,257.0722078527286,236.92446385018346,5.350752042185264,246.31311311734507,1
ン,236.6355358663595,238.03995392941817,233.430515223275,1.4971172566034507,237.0442238090475,1
ニ,237.89546752539792,241.15219978765623,234.9956091255376,2.071578987808299,237.42951244694189,1
ナ,233.5730379988522,244.2995194105789,228.0752097796863,4.4575128961611865,233.8676038277246,1
ッ,211.0019898707224,226.44619628587097,201.388492866146,7.512414105185474,208.89015834113292,0
テ,171.21161638102333,525.8904217770963,125.99694562228666,77.4290629992975,154.28059124267364,0
、,0.0,0,0,0.0,0.0,0
ソ,237.5892247879621,242.99290147725944,233.21244810391065,3.9268856373307446,237.07577478533915,1
ノ,275.5205810778789,304.27274246074285,232.091660640435,26.194135853520045,280.614963547386,1
ケ,304.90869733463006,322.8651496203705,262.4251533171184,19.238278208457935,311.7100253709184,0
チ,261.5205942106926,269.91489205905043,255.6303250419444,6.094523959412478,259.01656553108296,0
ワ,192.00269668756465,253.5258489877989,163.43514782115838,27.794773983474183,183.72593633517997,0
キ,167.6154265219737,197.60562148752342,152.28677008081988,13.379117279804,164.08300234919787,1
マ,191.90687122040129,221.5045751172521,174.49675147422482,12.286615979348495,188.70286392957618,1
エ,229.21524758725522,234.7696476495706,223.92214178185603,3.68990889138158,229.20232669011995,1
ガ,255.39533775090302,263.7388183254894,236.78013091483837,9.149644503205044,258.41143379325956,1
ヨ,280.40441023943276,296.80583183480934,234.11339968387554,15.256222193121468,284.32676328261323,0
ク,251.92546295094888,275.3127082977742,232.15708766964116,13.793326567109743,250.89781007345832,1
ナ,195.24869971970008,247.46017517707392,159.8690160370688,23.835246579568555,200.22598179683712,0
ッ,151.31158640997708,159.29393148963757,134.30992657073884,9.100702702158914,154.98549538741054,0
