Mora,Mean,Max,Min,Std,Median,Accent
ソ,225.81813683451452,236.24167511540801,219.3997733222746,6.34318190169717,223.8155494501877,0
ノ,238.46752982111386,268.2256106798419,208.02616347493878,17.319970724949368,238.1674090232769,1
シ,245.26049371521736,294.9876312040567,182.78351658976652,35.41540267633673,225.24572823212088,0
ハ,243.69683433472144,263.9955592496634,201.07320780619614,20.382879700561293,253.76484801452256,1
ラ,245.6749625913172,256.62291912691524,234.73868406822913,5.644345221230579,246.69834967498315,1
イ,232.26533709301182,233.78042006823364,230.82644400353226,0.9505603820572817,232.29033818803043,1
ワ,218.71994379525708,229.91608063438474,201.67775858124375,6.138109503059292,219.64923205921,1
、,0.0,0,0,0.0,0.0,0
ニ,191.25396304145355,199.54819449028986,182.95599266171595,3.3994388581134793,191.4249177265247,1
ネ,237.9234157666609,297.19456433037556,192.5373354782758,34.47522107776095,229.59259462109992,0
ン,308.40413268734727,316.5399282586721,294.42584995620285,6.253093500109111,308.97395926188483,0
カ,223.2520001497778,284.5527356008142,182.4276461041591,30.67492280255616,220.38803660345994,0
ン,166.67926525785532,178.58683393832536,160.27858524070913,6.261393607301025,164.50181641608316,0
ク,175.53442140467345,197.0064020816395,156.20879783864012,14.105539672728352,182.87812181096177,1
リ,197.26040369331477,226.77208000799592,158.26467564029159,19.497852523876293,195.77283463349477,1
ノ,252.85169082196475,282.33567301858136,229.2988293019463,16.992524083140562,251.7824338878196,1
ベ,251.9146019876129,270.7388010959587,223.2279385539295,18.428436302334127,262.18526892423205,1
ラ,260.9607984132683,264.30427759561286,253.3994846695277,2.5645424929360425,261.49448150450723,1
レ,266.5751630912271,277.81526285315414,249.92821935009826,6.902805613990101,267.2694136888838,0
