Mora,Mean,Max,Min,Std,Median,Accent
ボ,265.18238804282294,306.8393151178655,208.5839925800191,25.04181762249302,263.4363039843146,1
オ,323.84917228519527,334.5658205352623,309.7270125699937,7.9004805632825885,325.308106820264,0
リョ,311.3539796767435,343.43359414443233,223.99403641804562,27.52687706521071,317.6102430571315,0
ク,241.58765807961274,269.45422193118776,215.841134731383,15.973704829669106,241.94627280073897,0
ヲ,191.83845767450893,215.5594499044794,176.39691793800938,12.246653648705763,191.32296873175937,0
ト,193.6503098553551,202.35567019163042,187.78406787949257,5.899322664570454,192.23075067514867,0
リ,192.28983403287413,215.04852269453906,167.62620930780145,11.980814240426469,190.36211387497474,0
シ,217.4012946370055,243.6178022807904,182.16414558959977,14.597625129341115,218.88627123342684,1
マ,239.08962535791704,253.61087244437667,233.0518224647661,3.9700497839193414,238.22339075552253,1
ル,230.0344097656841,242.49299450850185,213.9652937872557,10.714301401727456,237.1082267966822,1
ノ,193.70894644363673,235.5218186144594,160.95169973555136,20.78453373162545,197.6641810666829,1
ワ,142.12616002702097,158.75961090044646,124.26785759208656,8.910457043998514,140.62966410507144,0
、,0.0,0,0,0.0,0.0,0
セ,256.04987235038067,261.49963638827296,250.0432925652151,4.6935761973387775,256.60668809765406,1
エ,279.793316874944,285.78272190566463,267.5370525879973,4.800731770668494,280.19778498507776,0
フ,256.81695882581005,278.51066018098925,239.23263743349997,10.712151495902438,252.8316350374088,0
ノ,202.2767072857719,246.6840369169591,171.3576228930514,22.39135119011643,198.63974619258784,0
セ,163.324991941968,168.92293668167574,146.52435392492092,6.554176541792175,165.99154239257962,0
キ,180.32965320337956,186.1878163598509,173.05997597464105,4.366380360041362,180.500315910767,1
ニ,168.64974867596615,171.48128269087712,165.31828605029136,1.8531393129358613,168.71714950811906,1
ン,165.37248763806335,166.32478273079795,163.39773602093652,0.9424986939068956,165.6528312931893,1
デ,163.00251919945887,173.2538659526014,154.12974448305434,5.966197170089003,162.63927295691144,1
ア,165.6195429876011,170.46045075977847,160.54508621335862,2.047564290655667,165.814888113565,1
ル,144.70730234780683,160.0969310171818,128.10066483656698,9.387341636564063,144.20846680576722,0
