Mora,Mean,Max,Min,Std,Median,Accent
ヤ,179.5700965853499,201.8643579045621,160.6870078265862,12.097125574913328,178.88188278067503,0
ショ,201.87185836893107,244.00713527666932,159.30191655013775,27.537604107007922,206.20824836468694,1
ク,217.15493804420117,250.6880525742238,168.3600012783198,22.906116592668926,226.00461751663698,1
ニ,201.42351824598188,222.54128082781693,129.34594520544184,21.25980521190314,210.42866372216253,1
、,0.0,0,0,0.0,0.0,1
イ,201.3633599705983,235.93174410027555,165.46298172128118,20.73330341797938,203.21867688138892,0
ン,251.3360416918648,261.6560961041789,240.41546900718203,7.264509133320262,251.0305188486933,1
ス,255.458928750914,264.3270200786513,241.9414928520748,8.33504132781949,258.29810978539547,1
タ,304.7628185412206,330.02706722694387,298.0960175068963,9.532676273084245,300.51210128205025,1
ン,295.80328239095655,304.33007804156813,283.20759914846866,6.850317521531778,296.65223199236425,1
ト,270.0003732640756,304.76878704048954,210.75627078785345,26.127070038847044,274.3221053848731,1
ラ,284.05437477446344,288.3860747371621,276.33803316052314,3.6749530224086624,285.2789265576104,1
ア,288.78315437970906,289.738223149882,286.9279819543491,0.8407814044447348,288.9571103363139,0
メ,264.89147907990105,287.9486252460804,236.24165154888144,13.280713909109238,264.92627826770996,0
ン,219.10768353049184,231.0162604411076,208.57634437567924,7.491250276093623,218.47355892143764,0
ヲ,172.17641831441293,205.47846983078315,136.76204007192464,16.21698865642497,167.83312428601732,0
タ,169.82304850745268,175.7994463182096,158.12266928037454,7.8490215758055095,175.00748951135782,1
ベ,165.19869405109537,177.77605035752723,145.73638414966234,8.915397739461502,164.32642844385663,0
タ,140.97653559005866,171.98807594399503,122.88726278139963,11.38502967954162,139.7534075157173,0
