Mora,Mean,Max,Min,Std,Median,Accent
フ,210.11224740862517,222.5622967890232,198.83228800491202,8.793183077814197,211.1791457654144,0
ミ,232.37821285058283,289.453968312391,190.17115122516978,29.992009758636513,227.55400899025824,1
オ,300.0217268916279,305.9702670701837,293.06820349557705,3.6649952593915467,300.249641168813,1
ワ,304.51850263782933,308.60668699963156,296.85355485568897,3.8926169267541617,305.95466443805174,1
ショ,282.930039822135,302.34614997865145,243.6446093093776,16.576989382983598,289.56616512252003,1
オ,296.1576935831681,307.58585310445164,289.3873670853303,6.020798661709439,294.53690428253464,0
ジ,300.9595140401439,325.43395891852794,266.55120515141004,21.27590093684369,305.87196021241607,1
キ,290.1606979106278,324.51104849954385,228.62834524622423,35.06115967444555,315.50539983689936,1
ダ,241.43664642597486,306.3577188931875,204.63871400043308,23.219890724999196,236.6803252936916,1
カ,186.07142346998947,203.7139197439688,171.83616552081568,10.15671508030697,184.58882292685811,0
ラ,162.3896105332411,176.1991316436753,132.71941029615266,14.20637089732914,169.2399333539059,0
、,0.0,0,0,0.0,0.0,0
ミ,172.61288465479475,185.21081873171462,167.23186816246036,5.072691427151508,171.10638193425606,0
ナ,172.76667786241234,187.0684010674204,157.96464032479153,5.483708833944202,173.35291154504387,1
、,0.0,0,0,0.0,0.0,1
カ,239.87801045588762,259.1800667100325,207.04858891446452,15.741195259916461,241.72644953082388,0
レ,289.15574616021826,314.93212215208854,250.43306571272097,18.591184797757506,291.25984112978176,0
ガ,217.34549760495267,253.3225219928588,189.42306126515547,20.17201976190587,215.32619288726795,0
ス,184.41159331750447,188.45479227707926,179.55072033854717,3.0837264018126476,183.8748545947148,1
キ,200.3042316476476,208.08879681803802,188.9285471586507,5.952058163226738,202.2267539751952,0
