Mora,Mean,Max,Min,Std,Median,Accent
ケ,303.72547669216954,331.1795546905438,250.3024748415103,21.30255312339588,302.6336074765426,1
リ,301.5183255580955,330.7635820383339,254.91929795504245,22.995029440963066,311.08104252969025,0
イ,267.1516829711373,294.2871306089289,240.58580480217174,16.926683467932786,266.38809346117074,0
ワ,176.53814912590536,236.70955072358592,134.41290621764395,25.50802357478274,170.2326631840479,0
、,0.0,0,0,0.0,0.0,1
タ,286.7198217574423,341.46247764793725,226.68163370843223,34.348895823755534,284.38189418594663,0
イ,347.7639476065919,351.58432860845033,342.98498008819945,2.9929002594939367,348.21160294049525,0
イ,303.9261833093239,340.48335039261735,237.8988980704896,31.65903528361231,314.15935680782616,0
ク,220.37943071967044,231.09051405907002,204.56863416441877,8.121989791255352,219.3125714506584,0
ヲ,185.47201097235566,205.07407564423445,176.40226058492047,9.34325952618578,182.03594254621203,0
サ,182.42937013695553,200.3025414835819,173.1915039671518,9.433591110018082,175.63846217703966,1
ボ,191.41347738461278,221.46282137498034,158.55733999404166,16.631443067328856,192.42135045385155,0
ッ,220.67262604271258,220.67262604271258,220.67262604271258,0.0,220.67262604271258,0
テ,176.17750983930418,186.94024592013372,168.09014589485884,6.046014293759771,174.7942918443304,0
、,0.0,0,0,0.0,0.0,1
イ,171.62844315011603,194.58045590523872,133.0208188560964,15.77065966272127,175.78673583410074,0
エ,226.48784397599746,245.89265917771604,200.21314966286226,15.390335725553774,227.56753231953633,0
ニ,210.9821335342225,245.98615207348828,166.5854842344534,24.53517373036036,214.31564674510096,1
カ,187.44160565468476,204.8516512413227,148.6837016392726,12.575824500205142,188.03039218369838,0
エ,207.547660491699,208.91088418838478,204.78476122358254,1.110460630129462,207.70052921832752,0
