Mora,Mean,Max,Min,Std,Median,Accent
モ,193.03281865085097,203.82818028925197,189.70595017045778,4.563773919373248,190.96327128446796,0
チ,235.11598165067153,336.90891741489196,162.32324724648822,66.76313830584235,189.9815465617401,1
ロ,322.56223705841927,343.6604792916759,288.52128133558966,17.375265568669306,326.73406428337205,0
ン,269.7181228240903,311.11232663146865,227.09244395921516,26.52924716976753,270.1791320211356,0
ワ,182.18483388098724,221.06122553047044,162.55541565071226,18.434448263959762,178.10864252784626,0
タ,187.0451617566919,199.5411942005773,179.68984039270185,8.882163580516547,181.90445067679659,1
シ,182.24272003728422,209.43563877456606,159.97715628975138,13.143452253754724,181.0042075757529,1
ワ,184.85423043573917,203.33749646484512,153.5767218998852,9.823491893987917,187.54469111421486,1
、,0.0,0,0,0.0,0.0,0
ソ,222.6891709071134,232.24607978129904,215.36575164502298,7.070017745503018,220.45568129501814,1
ノ,235.40611038861093,271.02306027499174,207.3847845662561,20.120446078416826,231.5568724568633,1
パ,288.12349271989547,321.4936434614249,225.58721314805035,38.391238342132255,311.4719731771876,0
ア,321.9851248987183,331.71567944104896,248.02501679728607,19.565749032626268,327.75861878521357,0
テ,258.3009546773674,280.2008835951953,236.13997690837505,15.376309779858715,259.20755409252297,0
ィ,257.92537553710537,265.6693153949464,249.75389629837807,5.635755731159924,257.97546987888217,0
ィ,224.73080059515522,246.9039656821221,205.12736791716878,13.741658485292053,221.3321847444302,0
ニ,181.09378761056556,202.2725246394781,162.10572357137997,13.027910529380046,181.38918532612956,0
イ,153.6148655849444,160.54765431895666,141.40932761648304,4.2790046001198325,154.08319774860718,1
キ,164.79917163005027,184.17073763242144,140.63288265078734,16.528095946507268,159.9453142578846,1
マ,166.73226785740437,177.10756831192475,157.82448734813943,6.364052003923951,167.99624621743192,1
