Mora,Mean,Max,Min,Std,Median,Accent
テ,209.05227302502874,223.8756769184619,184.50049133652544,11.205119062446732,210.89241819937308,0
キ,222.99811536518163,267.9182036383219,165.5781542541793,32.164695514659996,225.50433696559776,1
ス,247.7961834055597,259.06214981704227,237.6326147115315,8.540940566310942,251.84007812653803,1
ト,285.4498188806661,302.84502785843836,274.7295391253949,9.039706772407223,281.70101220667584,1
デ,259.8178429168128,272.0065438159681,231.6984392398273,13.755824720497623,268.37924783825883,1
エ,269.0797134284666,272.12923539528316,257.8888075947344,3.6898964460003576,270.09725790546696,0
タ,200.13675655238956,232.50628436873797,178.48896875391927,19.68830391748057,195.21170735514173,0
ノ,159.50637968572101,177.48239332049525,137.97773021751073,11.210335010350617,159.08676175561143,0
、,0.0,0,0,0.0,0.0,1
ゴ,242.84055972601783,271.7608481610025,222.150165239262,17.136322221644843,239.87176897734793,0
ジ,251.6538681832673,288.4316484763526,224.75836458200266,19.03999413059202,249.36935897210566,0
ダ,181.8644805824412,235.69664797652325,163.49479677802003,17.4171199920338,176.31299362515952,1
ツ,167.2611054422715,204.9397005275832,123.49692139181047,27.94632531558576,177.97055491597638,1
ジ,172.10421344629327,188.39042912159186,160.94096857277512,7.531480859743913,171.98944827282872,1
ヲ,167.33406187240868,171.64937462889685,164.23631746995562,2.5623712057070835,165.87410852229942,1
シュ,174.04238678964967,188.5086833291217,158.39557103725778,9.263363716102285,168.86883694868558,1
ウ,179.86419623648524,180.93229577435025,178.8537610970184,0.6509531675605019,179.99501264340478,1
セ,181.56073741790743,223.13167466458862,158.91454878932328,11.767136069420749,180.02002840535212,1
エ,195.25085277239074,265.5216589802105,167.04922952704752,26.212233594805614,181.21074974527943,1
