Mora,Mean,Max,Min,Std,Median,Accent
キ,199.52641732593543,205.2721673723948,194.88032890189345,4.060843500778044,198.9765865147267,0
ミ,208.53673257335564,236.66290907545257,186.6647438516181,13.984522290728975,206.30993356213088,1
モ,237.67153869055517,254.8785065085942,202.0258083998192,12.871549328590245,243.32827551624433,1
、,0.0,0,0,0.0,0.0,0
ア,191.9949930907612,206.13282776791183,183.2720251607293,8.558040453444484,189.28755971720182,1
ノ,232.56823394765172,281.84335704835075,185.3625596939734,29.96830600933859,234.00486983080603,1
エ,289.7277649540372,295.11397749205736,283.26392607783674,3.9383178845503934,290.122480252454,0
エ,310.9866850337989,319.17217554504333,297.3619316631974,6.700035535206696,312.9140025686502,0
ガ,247.25675935270283,287.42820762602815,219.29020565208504,19.32010012363202,242.8312395768415,0
ヲ,189.93482860241164,216.38944810120617,168.87997691057402,14.168702091310625,188.75060312492462,1
ミ,174.39656555838746,217.87968204051916,148.76721264568056,16.667718973384474,167.38463827648957,0
レ,257.81607349662653,291.08585943417256,223.18622748421467,25.09100226915729,258.16227695433304,0
バ,254.54991322846277,293.10892716095464,214.1004277201614,23.51257682882901,254.4872255313234,0
ヨ,197.00045490729175,211.65836833640847,171.3120106095677,10.243622121119254,198.4967384362695,1
カ,184.48922611343227,208.07904680412886,166.06482344831156,10.454464768970471,184.7907133612613,1
ッ,171.7170878792391,179.34543681496885,164.08873894350933,7.628348935729761,171.7170878792391,1
タ,173.69846349309776,176.48431099320672,170.2092335799274,2.6096243982503373,174.4018459061592,1
ノ,159.0879235623188,184.61606945832114,138.6079594460877,7.58365811628101,159.90265650315712,1
