Mora,Mean,Max,Min,Std,Median,Accent
ブ,242.4893043015317,254.35758810862345,229.15820094760969,11.045625885656653,243.22071407494678,1
リョ,280.46752448246593,323.93210766088174,216.73461655955097,40.246521583097504,293.48104241982657,0
ク,274.0505229506368,305.06669220424976,259.0929570635296,14.074184870623952,271.2629692406693,0
ニ,213.65062921331085,258.0723000285089,181.97921130432835,21.978542929670486,210.79727372897895,0
タ,168.17622155583535,185.10456656679372,147.21350089033325,9.856075797514979,169.2501457954417,0
ヨ,177.61377491936474,203.1129892589878,164.00715020919094,12.275587331592444,174.83545172570422,0
ル,238.24317462761545,262.19887472865406,207.99111351979207,17.598875029936597,241.14008149157624,1
モ,218.09187687147661,252.25154133036247,195.65165479269947,17.431643675668507,214.62128827126975,0
ノ,189.17256525357243,198.55218618049656,180.83010502963475,6.396316987928762,190.95660305983995,0
デ,169.448251532514,179.26387081010012,155.1599665690742,6.7715942631236405,170.73682051648694,1
ワ,151.61334924010114,165.5520430310684,144.12364460569793,6.116133662042706,149.84829254777483,0
ナ,157.7104955342728,174.60180085284546,139.0267492405004,11.695725563709496,158.0071016301402,0
ク,146.44896493263565,182.14390247284118,114.18770887141841,18.28163494754667,142.35923977728055,1
、,0.0,0,0,0.0,0.0,0
リ,188.64353315640722,205.90712710246856,165.65383123979558,13.436207046382885,186.56798170508878,1
セ,233.3868601130302,276.82921367534004,189.26272834115886,28.845965010903935,242.36194885733448,0
エ,218.8729054272535,227.39507856187336,210.30863058630953,5.696930168137946,218.80668259339336,0
ニ,177.13394145235654,207.9908039091018,147.01798084034667,18.729386353666527,179.28333162121618,0
ウ,139.67552502927495,144.4822151948492,130.6388694819421,3.8762414977299082,140.8426744444792,0
ッ,124.93745657296532,130.0481508014428,115.6680561409805,4.9684102174983495,125.4224084045204,1
タ,155.92938846001044,167.78729100981218,147.79346179221625,4.835850039517832,154.59791888433784,1
エ,154.00749602722527,155.36958299579297,152.6897625421241,0.946555437219467,153.95958087866774,1
ナ,156.4965390246915,160.37428478606316,150.61115416353942,2.200681457229666,156.88507209923955,1
サ,157.9284242749288,186.72537402249682,144.22838230556658,10.80903974957027,155.91521801303202,1
イ,138.43984463797003,142.4014894917264,122.94274531530704,5.160827666008902,140.7871768230073,0
