Mora,Mean,Max,Min,Std,Median,Accent
ガ,195.24077389084508,213.1246953674565,174.8988978504103,9.845047717835056,195.35602121847654,0
ケ,222.64535982534085,268.7241928737031,161.42733019122088,47.7979703458149,259.41473475009735,1
カ,273.5402910643299,322.6207919827741,221.94273582563207,36.63526687424076,297.4950933170179,1
ラ,296.7209249128099,303.20971190997307,286.7146936149965,4.438957208090913,296.2481796688925,1
オ,303.26281368728365,323.7907662447905,292.86031213793547,9.106455000527548,299.81787401767974,1
チ,319.16649984504886,324.3685806516261,308.2480099176898,6.0714614022830515,322.54343723850894,0
タ,209.15387560782787,219.1269679972544,199.47453443704066,6.797727996856163,208.63983031024975,0
キ,216.17107566093122,262.3558312362208,180.9425251185253,33.52055247744635,195.1958501095747,1
シュ,244.27996775729287,265.797515175942,200.8921300403306,20.97751167571016,252.70273254863417,0
モ,173.25975677353807,197.85213469050942,159.02818488407746,11.739175445348309,171.1188304915971,0
ウ,157.8913940304125,158.64698360628194,157.15601425350204,0.5319884477583088,158.0001808945206,0
マ,166.64597034779223,186.36312185500802,154.97476795035058,7.812393540016225,168.79834287704665,0
モ,157.59681773924282,185.42496351563756,139.83426711933595,10.012771820333969,159.59961746774394,1
、,0.0,0,0,0.0,0.0,0
マ,164.2517412551777,199.16533295190396,153.0562062078497,11.249955376842161,159.5615776138723,0
モ,195.90256521824784,259.5765791813941,158.15652545511466,33.46111745995807,187.1791881816688,1
ナ,251.05850779468406,269.513615116058,207.7486406156916,15.991498362152058,255.9342455860144,0
ク,175.92608669328104,192.20079219108848,146.96333558182405,15.948093593869636,183.90597668235554,0
キュ,208.7023546566834,252.19290898991872,150.29456349715156,39.252593378643084,229.92844656050175,0
ウ,254.582271300394,256.26315690860093,252.7161860874374,1.1972931807685536,254.85256657777194,1
ジョ,227.77392764623832,251.73073460400133,218.87018859458865,9.016181007063683,224.33388134234843,0
サ,192.01044560811417,215.08768594001788,165.1174608737184,15.290799049330491,195.84902643428677,0
レ,150.79167514000613,163.0331761832814,135.67997148132758,6.676572720550624,150.39517089167003,0
タ,142.33870648437602,177.75267092737693,133.78798913283075,10.878330057119417,138.09971243040707,0
