Mora,Mean,Max,Min,Std,Median,Accent
ド,292.4963670786118,336.1656489227992,251.81354150271392,26.102280219810776,289.0607911679899,1
ク,322.7442318695067,336.94624325894165,312.6024270864098,8.261229196407726,319.7547806897306,0
ショ,343.3293354161171,363.0840484207411,326.13937131570407,10.728810702109506,345.87583151132867,0
ガ,252.54869753261173,315.56237203399445,209.20454773067507,31.28144391451435,250.31917154940092,0
キ,195.37924727335158,213.88733401287655,168.0004404839052,15.745923343612334,199.82083876586756,0
ラ,200.52004077293006,232.9067588933443,152.11607316713204,20.25040679758672,201.75756108956165,0
イ,242.81041321259883,249.49769109405065,235.24790368015766,4.870794440664951,242.37126292383488,1
ト,249.70988198723063,279.3936850531628,209.0101545000355,18.331759879805084,250.37437624696523,1
ユ,245.0670258495047,247.97447987994977,241.21131392698308,2.1439819870769985,245.205810351507,1
ウ,246.086782720594,247.60198234022772,244.62613270851733,1.0155924566051693,245.81707816667495,1
ワ,241.49407078317532,245.7004679466271,228.53003185115827,3.5037427661129383,242.22570221684637,1
ケ,213.1269074755557,235.77625445792944,194.5860598588114,14.767826945326199,214.07626437414763,1
デ,187.1251703827926,223.9700751739089,169.60922782160551,14.558629404995411,186.46234385188762,0
ワ,160.1490177885771,175.57590412045258,149.34025672571894,7.622855135990025,160.4726089362629,0
ナ,155.68863015748573,164.3496276332638,137.62658645068197,7.361517441458982,156.8063056205494,0
ク,150.01614041961938,193.9509025883225,117.51810384941231,15.712540608543778,148.46393833636176,1
、,0.0,0,0,0.0,0.0,0
ジ,164.30671928820846,187.40363036303302,126.17338675050232,17.314200626176014,172.3958322371901,0
カ,197.31121824122863,219.67295622115344,188.96889640634828,9.483544629492814,193.06092080059324,1
ン,223.44153948187267,236.85646036391913,202.96996206444948,11.224189743852351,226.24443152553266,1
ガ,239.04914190358767,243.4630710016953,237.35002109370848,1.286540669393003,239.04176015416704,1
ナ,243.99440293962624,260.3684066584828,225.1120562226233,9.001274630575729,245.95164946953741,1
イ,263.62082517902667,265.24724882183307,261.0343876235381,1.3743176907625243,264.12308001686915,0
ノ,220.49187550262783,263.6696006862923,182.14871071165527,24.013241545907896,221.30311628745966,0
ダ,150.42643429291175,179.39461300947673,128.73539984598673,13.13904704661675,147.68600055831467,0
