Mora,Mean,Max,Min,Std,Median,Accent
ウ,215.65300382798824,238.16656601484135,200.1319089915773,12.233757986009829,211.8147300966006,0
エ,265.44881664311083,292.0466595660294,241.53086189554253,15.730910299257655,264.7812342722725,1
ジ,277.2761192272188,307.0970122825195,237.1231301150521,23.377038565370714,285.90457715187586,1
ニ,286.15739120343267,308.2787952600207,269.2035922527992,11.28810598190299,284.7437659744751,1
ス,283.11581348975875,305.1712422518244,238.57595847033417,16.657950683357168,286.4573496005349,1
ル,277.5084717276718,291.5183486357425,249.13163991372096,12.9966175939171,283.5064866010764,1
ク,261.84547196046447,303.06759559671303,234.85994977994483,27.749411310826748,248.9206658865506,1
ラ,264.0910099423521,294.5260181918198,233.61712992865935,18.114892581120273,262.7183344457861,0
イ,217.66521100855803,228.63051555394148,206.41231055610456,7.747658036650677,217.60982109500236,0
ナ,168.05717366433822,202.63579133000403,151.1921891485782,15.446674814075855,162.2482528352507,0
ラ,141.82836811260736,154.4048829545132,107.85409180678393,11.360044083021041,146.36637985077664,0
、,0.0,0,0,0.0,0.0,0
オ,167.5528584312901,175.780320108591,159.1661277937978,5.704523921182141,167.25489331861223,1
ボ,177.6726098654424,219.13506194394265,160.15471051931317,19.553187087568258,170.01008979523323,1
レ,240.1849602174043,258.701173884919,221.6366492174448,11.262424672563025,237.98818752954855,1
シ,264.71250034162,273.27667049717576,250.1338072570447,6.4792413255332075,266.9645405195879,0
ン,256.71250285548086,265.01156199288886,247.06429331119173,4.893268252778198,256.01433891114357,0
ダ,217.25996399577207,242.33016098331598,200.61284600788744,12.048495813261287,216.41785295199873,1
ホ,174.39703023622323,203.07101606118235,154.01877304756835,12.64582428779322,174.1670785135069,0
オ,162.66664523741298,169.41859434737452,153.4145674399845,4.426601238133375,163.74734165722106,0
ガ,147.48352424563927,153.98623595063344,142.06364939818064,3.265842074183198,147.98617287354807,0
マ,140.866693192446,155.67912500184843,127.92560716196631,6.674688051723678,139.54812349035475,1
シ,163.98118816462198,199.92329043484196,133.63395027954368,17.12089373287621,159.7360066659518,1
