Mora,Mean,Max,Min,Std,Median,Accent
キ,0,0,0,0,0,1
カ,333.3800643288266,376.3454569257753,320.8943357794323,14.107866225911312,327.22308885739574,0
イ,307.30051494261306,318.6458623736426,288.5758522327009,9.438010191167324,310.9947528914952,0
ヲ,233.20841639620176,281.8482714853517,194.03395882589223,29.936604121847324,232.178495341516,0
シ,182.1171657296597,191.94530218653634,167.15499234298244,8.277673955055844,184.07441393370542,0
ド,182.3794432036521,191.9892445213153,160.80682144430605,10.306427329434335,189.43774170025227,1
オ,192.5750278118538,193.94313851420415,191.48524730951235,0.872327939758599,192.4953084626875,1
ス,199.03750945800215,217.27904296454747,182.0688731923227,9.771789771952218,195.8921572827152,1
ル,197.30857255534855,203.3413386847378,185.41029089958266,5.348945621985707,198.4811747297004,1
ニ,190.1424764269326,201.07020525302178,178.4850976141122,6.016449903952871,190.6503778444899,0
ワ,157.70714948789217,177.33405579893395,139.34709138306374,11.313834212022785,159.30106884966514,0
、,0.0,0,0,0.0,0.0,0
コ,167.58200334216954,171.89096834480358,163.2730383395355,4.308965002634039,167.58200334216954,1
ノ,180.6967286609165,199.41468156804368,159.74912272576273,10.744156442927222,179.3623236648312,0
ボ,207.29936669510363,220.4468288736184,196.66770077221062,8.947942505840674,201.77180707398998,1
タ,229.8524577655274,245.81900371911274,225.9182833139129,5.3819847699785495,227.1046898008576,1
ン,225.31192018349384,227.5604909852519,223.6665906563296,1.0800801736613315,225.0465737981526,1
ヲ,223.13490539933036,223.6107736192245,222.3409809882212,0.4222613414239772,223.23196204605804,0
オ,222.0656904615389,222.72564339934107,221.44211740741875,0.43965906394392945,221.95009662347235,1
シ,217.12310327102315,224.00189005341656,210.2035483384813,4.621317178323875,217.15766877224172,1
ナ,216.95350989055382,228.080002319371,210.63479908649893,4.484467797864376,216.7370199830782,1
サ,202.89091678029482,224.9081616847641,178.70717810902107,11.900708695305143,205.94419606232225,0
