Mora,Mean,Max,Min,Std,Median,Accent
オ,255.6447655209437,304.0842270437642,219.02870943577594,27.37230793979055,245.81187840108973,0
イ,315.96501182873806,318.97926454604226,308.08550007270003,3.589488021405486,317.81673799445014,1
デ,307.7828091404742,356.00925236076085,262.16362729353847,37.87409869261415,334.40682167621947,1
イ,339.5637332558129,342.7942662586508,325.9485737819453,3.5738331800974756,340.18080796858936,0
プ,0,0,0,0,0,0
ス,221.4633033076194,278.80335854402557,194.6881410043543,26.950076251852238,207.8378457122433,0
ワ,166.91200541195616,193.5779768779863,140.43901483793084,15.328950442603523,168.71230679908564,0
、,0.0,0,0,0.0,0.0,0
ナ,175.55394042736657,197.13722072736417,155.21564886906836,14.487198669402002,172.99743136894804,1
ゾ,194.38817741275497,214.17110178843322,175.82635542545015,13.639012943782587,193.07202976707245,1
ナ,241.00138304801848,260.3067313815081,214.24845162942998,15.216441259583325,249.1447861575714,1
ゾ,245.5865706010405,259.16873908944297,238.4616567239368,5.917718159581392,245.41148352235652,1
ニ,242.39203213841466,246.5886678852516,235.75648903188818,2.858445967590792,242.92279565203518,0
セ,242.54031429099155,258.63081684000804,220.14269317862812,12.852878396498667,244.3863087684103,1
エ,267.94372564306366,275.83195667230575,259.42047371156127,5.38388600857184,267.6639510768922,1
カ,277.6018399190178,298.6407266159065,243.92411779179827,18.79978598615304,285.89354509522263,1
ク,271.94055811731806,314.8021950229738,247.04303018164205,17.524097504948,272.41153140945835,1
ニ,272.00309732706324,280.5376972882977,257.5606642909538,6.973395864016744,275.47019518122215,0
コ,269.4871047544893,278.0072742435936,246.62209937652304,8.211046812184506,272.4319923588461,1
タ,267.11754722042804,288.6285883588008,198.30973620493356,25.830227172591876,282.98088326445384,0
エ,288.2601811540376,290.9257016161623,283.400750550421,2.076598277786995,288.8540284473578,0
タ,249.92200222903122,280.28055404746357,223.6265159647675,16.183553411966876,252.68466719556278,0
ノ,190.6940165556549,223.36428457889224,163.44461105145533,17.89493326013717,193.62608988416514,0
