Mora,Mean,Max,Min,Std,Median,Accent
イ,228.4461640710773,239.38375517871057,212.3998913716921,7.747119909250155,227.88059093556907,0
イ,266.99347758295335,289.0433785216978,243.143657627715,14.828858968301766,266.0983090540263,1
ツ,255.37076383056132,284.8780267946441,232.3483303277417,16.51062237048666,255.30950858183974,1
ケ,312.2290337847046,344.4986455537796,303.9524003552129,12.043690727232606,306.73120086475774,1
ド,292.8679931721126,315.0603040998917,241.64936623731373,27.835889899640584,308.8465251348733,1
オ,313.79812332262975,314.98031826777833,311.1400184810309,1.277242870785411,314.06276772357137,0
リ,264.3175563042438,310.7288424400607,223.70622638326043,31.250196246430356,253.9506545996171,0
ニ,196.058393525052,223.59327455733,185.57148192083858,9.951220267032173,191.96755714357903,0
シ,185.92481974821922,214.24084371582177,172.5898864604832,10.341611001880313,186.80460071941633,0
ナ,204.46473918433784,233.6035590830632,182.04276255668734,12.438168513240196,202.12610165904522,1
ケ,230.3320248658839,267.72170804015974,209.03364122899666,14.195184585011008,232.58862931943167,0
レ,203.43288551376736,214.13485824879137,192.79321179286566,6.1184008398233924,204.03459459782422,0
バ,166.90442277594042,190.86780966283212,152.7940135335632,11.116212978252706,163.35136024902351,0
ナ,156.48018908344025,160.9580000536914,139.56915015532158,4.672020023672279,157.57587515992495,0
ラ,165.01855597584083,178.31162667135868,152.5291092925625,7.7960919221008105,165.75412009849975,1
ナ,170.98434748734903,191.55679030169122,146.8332223592011,15.446812712320142,174.54451920428534,0
イ,149.5492123898715,174.46924454712783,140.300494288443,9.3170054822322,146.04930723607953,0
