Mora,Mean,Max,Min,Std,Median,Accent
ガ,177.0555984131753,209.9939738910218,158.11473595167885,11.752148331638946,176.69375758782476,0
ケ,237.12180454582602,273.31848568145074,151.10935165280478,42.87729417648376,256.078830018022,1
ッ,240.48521223941634,270.6925128524454,221.81574422797215,15.056036173183733,236.0080630444487,1
プ,0,0,0,0,0,1
チ,277.6908441480021,285.04720243967165,272.7611562223535,4.244564120458261,277.76774888089403,1
ニ,282.9299095144884,288.11423074873215,270.05152690960136,5.391216853946588,285.0077681104875,1
ソ,278.5825185843684,292.33906377911023,247.771204299258,12.452622829468968,283.82741788262456,1
ッ,0,0,0,0,0,0
テ,166.07628831610955,186.9505093912035,148.51743660970675,11.715588880150522,164.63511327410038,0
、,0.0,0,0,0.0,0.0,0
セ,209.27936827157302,215.60586495299546,203.09719295736718,5.107663540624045,209.1350469043564,1
マ,248.36121292906657,321.6627654610435,194.15371913861424,41.2573450208119,246.52112268480926,0
イ,329.0453140469162,332.0305037502896,324.5091842969861,2.7371384773656984,329.8031356805616,0
ミ,290.22029268248167,331.431169823066,216.00722629178833,31.51027993722078,299.8666261678111,1
チ,198.36371739184392,205.4878269981319,185.86898466602653,5.786263874490736,199.33003912079116,1
ガ,168.75748101168284,182.80291684606053,163.89789977320828,5.241619066683184,167.07804778303995,1
ト,208.7009167888036,239.8755521965996,165.5411693162311,20.299787212607036,210.4582719469081,0
オ,259.32106365894253,266.4468822220134,244.55426497431674,6.718032995534575,261.22198507427333,0
ッ,231.5156242219738,249.12718279633148,217.09688691344576,13.269778805314271,228.32280295614424,0
テ,184.25449065791287,218.4815024002527,119.76619056984083,25.17693262080778,189.3904480345857,0
イ,166.55103953357963,178.4756358828905,156.7734782247067,6.5095690600133596,165.84059984281254,0
