Mora,Mean,Max,Min,Std,Median,Accent
ガ,186.6127207234373,200.532908572812,173.92823873912403,6.04724501770306,185.6220573208987,0
ク,160.02150496671658,165.0339905355102,156.14673237444907,3.293490521079685,159.4526484784535,1
チョ,249.12185864263463,257.96125125825915,245.86555553569147,3.5546335334169616,247.29734792077423,1
オ,246.01390936791768,246.86356064217367,244.01800900065294,0.7581954906412058,246.098432786413,1
ワ,234.0012311997544,245.32177180759336,199.5691876900378,9.516575906370907,236.9229270534098,1
、,0.0,0,0,0.0,0.0,1
セ,288.6273132187452,295.00892064252025,285.62036611064724,3.4041528786657533,287.1482745908486,1
エ,310.0745661588888,316.46471317703015,300.7791578912988,4.883918783322267,311.1942743197743,0
ト,261.7741183765214,282.1210956911665,241.42714106187628,20.346977314645102,261.7741183765214,0
タ,188.10274438554285,211.03499773568095,156.92674097495666,13.844275822747052,188.16537579902726,0
チ,163.22748113617737,184.26570360798468,134.02106475432623,14.53742909415749,166.90050786548204,0
ニ,162.77609563528955,196.67778030799343,144.99543071109468,10.56399080626239,162.95084678463462,0
、,0.0,0,0,0.0,0.0,0
ツ,229.64554025668815,238.25355777875407,224.5867030193517,6.117910333536226,226.09635997195872,1
ギ,255.49840441713448,323.95195940830183,209.8810226343047,40.62104676407676,243.5017212529944,0
ノ,330.4039984446124,349.41719457471515,304.7870540515739,9.22794687146692,329.01334187117885,1
ト,273.9468994391129,307.0416457618403,257.2940819483606,13.180851911878209,270.86140272777925,0
オ,249.66185603808057,255.96609860715054,243.55701265634445,4.214128795609469,249.80536314612925,0
リ,213.11917237101537,241.4309676569347,186.7671471497341,17.262328577167125,207.48948805072592,0
ニ,168.74785765696612,185.81855868620508,153.68705485687124,8.883635699876198,167.74855975157334,0
コ,162.94843499009275,255.89725891804744,139.11866414898833,26.26199892699861,157.42735049427813,1
オ,166.41914106978507,176.3087142654861,157.59843327905457,6.432867435182344,165.39751186372874,1
エ,176.65134894446498,177.99041059320047,175.04719317174826,0.9366990999513687,176.96048486706712,1
ン,174.59163336242244,175.38799728781058,173.63394247398438,0.5449566360105292,174.53878717766696,1
シ,150.4972996709645,172.2648126977357,116.53257185734708,19.257957977551396,155.88881021271612,1
