Mora,Mean,Max,Min,Std,Median,Accent
ポ,206.9635134446277,234.26733283812442,196.16660238784684,11.66613715016516,200.9278206354786,0
ッ,169.79423249249558,190.22733143893362,139.94634139616414,19.22049441558963,174.5016285674423,1
プ,0,0,0,0,0,1
コ,329.5127874555009,337.2387382265131,317.3428436572242,4.454937998678666,330.9321104313452,1
オ,301.1247372041538,320.38805791111054,279.00817817760196,13.152598816570476,301.7514158648497,0
ン,240.92819173543,274.2700307823198,214.64727230646207,20.49150126816069,233.16079142982085,0
ニ,165.32870868780861,210.4904207576985,132.27702528843076,20.174795854247517,163.08150398917084,0
、,0.0,0,0,0.0,0.0,0
ト,174.86986716498586,189.80331227527608,157.73505570231143,9.151718504335735,175.1951167243662,1
カ,218.56739516420862,240.7575118314264,182.77663526375972,21.599612685586006,225.36771678082417,1
シ,238.3303168532189,288.8484553329435,214.57710154847794,20.53994444065009,233.1187111867678,1
バ,277.4532435988762,298.51850190296005,248.95997420481578,19.358079558083734,286.08567019905325,0
タ,295.65458923661834,347.57830865860404,275.96879012670246,26.460177956343724,282.6709932672515,0
ア,259.6489361872979,270.85303695142505,248.0702948211692,7.743145080628292,259.848651806475,0
ヲ,187.41609818928288,243.6633278256302,154.20611375363126,26.219775646166404,176.746125143815,1
カ,201.44282433959887,218.55697399877522,149.81166674076457,21.20915558217682,208.83096644771626,0
ケ,224.30405298649924,308.52491788567085,193.94741255610668,43.015614941094306,207.42797227630106,0
テ,220.21961679983826,258.8391969414386,180.83282818811566,24.089118232787996,223.9098549935289,0
ク,184.71695569029094,190.13814146770554,174.99733663949993,5.07768457009836,186.75701760897763,1
ダ,165.42944572826565,187.6767384471638,150.33500232886956,8.125514496567911,162.72252638351623,1
サ,171.9344982081287,205.83037269722553,153.69173475686046,13.49685317424032,167.1600673202232,0
