Mora,Mean,Max,Min,Std,Median,Accent
シ,254.1896655128846,255.02496151722025,252.6667619460712,1.0785420481138137,254.87727307536233,0
マ,273.27104383752436,296.70720254637524,242.0119364768904,17.08721252899714,269.61320167043493,1
ッ,271.25252335332254,283.4120577867911,257.75560303869287,9.128978179862434,272.9166482986328,0
タ,198.2186630700439,245.849017485687,156.23749107053408,25.40463372143975,199.23404367504742,0
、,0.0,0,0,0.0,0.0,0
ハ,0,0,0,0,0,1
カ,278.670743551194,288.8814137399521,253.35293814724204,9.09277282066297,279.5150485611724,1
ラ,306.48648839182107,323.24243556336654,283.69540492279117,12.575961128482074,310.5609664003812,0
レ,320.7728078971747,335.38938955997713,297.76144178801513,11.00319028887244,325.40157530165834,0
タ,220.5808698114828,250.741970034405,202.3321353472915,14.26913309685935,218.36154378056045,0
