Mora,Mean,Max,Min,Std,Median,Accent
テ,225.79352946252163,229.97874708596055,221.6083118390827,4.1852176234389304,225.79352946252163,0
キ,218.780326253031,254.2960064056941,175.01633956199709,23.763748190362765,231.04494058195152,1
グ,226.80812160406393,243.2359549712501,216.8207204969736,9.098576301563961,224.21640165845614,1
ン,222.92043994572728,242.16587394010224,216.6794757802335,5.424103465509879,221.9807019786999,1
ワ,210.77534702629575,216.6567444208696,198.13414512440147,4.8603553344294825,210.97659783617416,1
、,0.0,0,0,0.0,0.0,0
シュ,0,0,0,0,0,1
ト,357.4506354389208,411.31380075571735,324.36425606267494,23.623807758685974,355.1860970922983,0
ノ,246.26898146774897,288.0484209767724,206.41699686487124,27.66897805793421,246.0941671725251,0
シュ,195.76745659071895,236.1459389330224,154.8066006960821,19.220055684138025,201.4749732698035,0
ウ,194.6958590904327,202.85540925656147,187.7194501474825,4.274900365249394,194.41715986591234,1
イ,176.03829413914013,186.7547409196431,163.46204088831303,7.822056063805438,178.7944390544962,0
ヲ,154.4574293975071,163.290063738334,134.86845647815403,9.022495286570818,158.78305475846673,0
、,0.0,0,0,0.0,0.0,0
ザ,188.11239060717307,210.83308061653594,182.46078687108397,8.52056541014145,184.4048308762904,0
ン,203.83488758118446,226.68976313607985,186.27181363771058,12.468297895176878,199.39577251452278,1
ゴ,235.7137196306408,242.34377088352528,229.12601463915365,2.928064338093814,236.00941598456444,1
オ,232.58628952220943,234.91734712468718,231.08964509702946,1.0787521868048973,232.58945723386893,1
デ,216.95691844094304,234.8110708230862,191.77716465507592,13.682526983778521,219.48408127020522,1
カ,198.03646884667342,212.67362809358443,176.47702815287118,9.302852130175443,198.3741901576437,0
タ,176.92265129262435,201.74155809187562,130.21863221119887,28.538839199850273,197.12308564830218,1
メ,199.16903836085567,215.27711446267125,186.05961044109603,4.914759245218007,199.09062051843648,1
テ,193.8895375677876,212.2085897787812,186.22713618588796,8.106038098298349,191.34913264728098,1
イ,176.97987100880803,185.17212732080426,153.65492323783835,7.450137726088326,178.9232695930543,1
タ,165.71592674633263,182.81524396701738,143.11226214665825,9.203117487197291,167.16029613870936,1
