Mora,Mean,Max,Min,Std,Median,Accent
ア,180.09289002551034,214.40644516024295,164.30516200993787,13.466962845978632,177.19133514305554,0
ク,206.59589568038996,227.9463605727369,146.59979011776875,31.06201433860975,224.76306606442247,1
ユ,235.87205641720584,254.6003404840504,219.4113395257828,13.707193901641446,228.43754172567753,1
ウ,254.97042350505365,256.1485942208356,252.44835025070105,1.0894740306680584,255.4308833375031,1
ト,245.91793957093014,278.1979084987661,194.33151879012465,18.023402176987922,246.94809516058945,1
ツ,207.68919980997367,239.18808874238746,184.3419389814221,15.893400290768993,206.61936296553768,0
キ,254.6553822412231,266.44472823172777,248.8999565797473,5.424885817066272,253.0844629704449,1
ア,264.6983520022066,277.8417660810604,255.94727860620233,6.903764434364368,262.7862503459901,1
ワ,305.4807824442807,322.98245793640535,279.78747738033843,12.32877607061272,307.0920128454287,1
ナ,313.36534079399826,332.151078239438,270.4968335707262,16.98298228969694,320.98856678048026,0
イ,243.45987494081422,265.23144430363595,226.24189709357546,11.748246192936746,242.3071499210842,0
ヨ,201.03252534379996,223.5571426237223,182.47669332556438,12.03188425391254,201.86946188722735,1
オ,181.10114859729205,181.9199585274436,180.08999098592403,0.6255318250732397,181.13670810629705,0
ニ,174.1951557441133,179.5948773376272,167.5127728787545,4.132254431948907,174.61923184761724,0
シ,151.88189475600356,167.10922402940113,125.775539080332,11.975354720672938,152.10160087151905,0
ナ,162.33213441781416,174.33840239074658,158.9520769192174,4.193020901741636,160.4895460702075,1
サ,161.78177754481987,180.1767458286446,142.33167885179657,7.975270730183974,162.28934107024068,1
イ,146.74974023610503,157.03519304830897,136.2975099410728,6.793501382226279,147.9267461206495,0
