Mora,Mean,Max,Min,Std,Median,Accent
ヒ,0,0,0,0,0,0
ト,328.18072298146933,328.18072298146933,328.18072298146933,0.0,328.18072298146933,1
コ,347.54872276667055,347.54872276667055,347.54872276667055,0.0,347.54872276667055,0
ト,273.37001012898975,309.23926451446636,254.1413247018561,15.959055193390329,270.95732295715754,0
デ,210.28339105311517,249.0426308589994,185.42066100675464,19.704887635474204,200.97360143371344,0
イ,178.07803380784677,183.6789395947456,175.16691916787144,2.1670900028285556,177.9252079904056,0
エ,175.28547199901263,176.20864401190323,174.5682775169942,0.45585957637439967,175.27472781696537,1
バ,154.23158656009392,178.24561146190274,116.50376942623085,14.428772848086952,153.39471528115217,0
、,0.0,0,0,0.0,0.0,1
カ,230.52048579436675,239.93370326894424,214.84459933524846,7.811487177303523,232.39674522504424,0
レ,243.58879134267787,255.8842779827602,220.41584004260494,8.348123039109547,244.80741256992695,0
ワ,198.69160733618307,240.50470618770348,162.7213833194392,26.00880575145234,197.0146411324995,1
バ,161.09280541052325,207.41994158583466,132.5658029511191,22.631321272124932,158.13396610985868,0
カ,241.391923993447,275.25825753622587,154.92157496683515,34.83509566934781,257.61058376366157,0
ダ,214.85396054905755,253.13163458926695,186.86719295213678,15.697340651520028,217.62470511636803,0
ト,163.60519111233282,175.36609253778775,131.89569833254433,12.40111625814302,167.12909863097553,0
オ,161.1898919614663,162.6602307426904,160.17677191672718,0.6697591619830044,161.02725532665542,1
モ,155.10770210532004,160.5602229904011,151.39012502827558,2.4443133699485013,154.46767236161668,1
イ,157.27695183141668,159.4763656285041,154.93187388037373,1.5092685506062444,156.99925327922256,1
マ,158.16850901137286,163.98594738277436,151.46282546119255,2.528284687531221,158.32072319267905,1
