Mora,Mean,Max,Min,Std,Median,Accent
オ,193.68757396692055,214.63301485253467,182.97775582029013,8.842862351724627,190.12843445153678,0
ゲ,237.5704956459377,306.01926402772926,190.7994272219394,40.71546094066527,221.84068817089758,1
ン,342.3307449104404,350.11549259316297,315.8132295775947,9.064223105184341,344.7266935120614,0
キ,303.00570042664685,336.54662134824275,263.9869724122226,18.653381269220795,301.71753124959025,0
デ,214.7738956667552,237.0146782684804,199.09296678649005,9.874681242351304,215.35456689607358,0
オ,181.34015697823963,199.29371539940337,173.63367953130705,8.509283059208368,176.87376409351543,0
ス,197.44847425688604,249.67446592778012,173.55968173351908,23.450087912098255,192.22065160038517,1
ゴ,211.66333549527207,218.14205132023022,207.8443584354234,3.7548744024491736,209.50151959763735,1
シ,222.1695749382883,249.78026340494455,187.2770627666103,16.450795915992433,224.89016451837688,1
ノ,227.48057556323295,236.15271609157838,219.88087827129547,4.4744371145332575,226.7161139699939,1
コ,221.62018930015452,250.65035924907883,163.12946156936843,22.242598975564245,229.6738112979919,0
ト,261.0223233135999,421.94508145180396,214.77997285493848,73.0221773429435,232.6593345521366,1
ト,200.1138014988003,267.0797994700749,176.6276323297486,24.007966951069537,193.88219662886792,0
オ,169.73387075298612,175.67899033212015,167.76688208486493,2.5749683618601544,168.14767531840084,0
モ,165.61513907842024,173.30821556059763,159.15891600697353,2.132099012967146,165.87601083942712,1
イ,168.19310759520454,169.0390351408653,166.7190242233854,0.7759171935775951,168.45329321584012,1
マ,168.49874516852526,182.6279136012409,163.37354803162023,3.716625395916487,169.16303859224166,1
ス,159.9722026014265,169.76470824518196,137.38011390681845,13.24648564942399,166.37199412685277,1
