Mora,Mean,Max,Min,Std,Median,Accent
カ,287.6128932829519,307.8255983812582,262.4245695356075,14.317371265117485,287.17931161635465,1
レ,313.6052012585279,325.37372923655505,294.21152520265105,10.823715212083272,316.84676939811936,0
シ,283.04903384864593,316.74415624403935,238.16566861465202,26.56638327337764,289.40231451515115,0
ガ,187.17421873308137,238.53353872136535,132.1411878098773,27.572047111999986,185.8300531650322,0
、,0.0,0,0,0.0,0.0,0
リュ,174.83112293665033,190.279810484377,127.7653294675944,16.05175262236771,178.94851194815777,0
ウ,205.3106372063045,217.2868980248586,193.87981139194963,8.26231506912048,205.43761964533616,1
チ,219.2042395815114,266.2152678342944,188.59619019068631,22.332073121381946,215.42928945882284,1
ジョ,262.3097153245665,312.68618918604716,226.01557116408756,33.08825548704494,241.85788630944222,1
ニ,253.11762510962686,285.5809776435809,219.37734432067018,20.95736519806931,253.3668394020596,1
ハ,176.76566393070198,215.86531576787476,150.9420640993418,18.115396363886926,177.84417482648587,0
イ,165.82781373102816,173.99656156633492,148.216363416903,5.823170035372792,166.50142092385911,1
ッ,143.1711426287138,143.72564881109037,142.10059779380998,0.7571523934530913,143.68718128124107,0
テ,149.67274156564886,168.76253212552805,132.6338513822575,7.675787032567747,147.28703804306588,0
、,0.0,0,0,0.0,0.0,0
ト,172.57937781506416,179.04900700382382,163.2735602914774,5.698506490576946,174.54806784869766,0
オ,190.11863965113992,204.57682707110408,175.73939729569528,10.302848371753603,189.9693432661872,1
カ,235.11068222848425,237.90197378707327,220.7225627612917,5.46394537909225,237.1087188272157,1
タ,237.95067646082,240.6784347316022,230.85092212632046,3.250398278741901,239.54318009826457,1
チ,242.62292386148025,279.5561295492224,212.8568255732001,22.635270409626788,237.0525862318969,1
マ,250.0710227998496,257.1722112675555,241.92811884278615,3.8394391446071223,249.04168047423343,1
シ,248.49047449398725,260.06956960072677,223.9146031315968,13.267624626489667,254.78335751308316,0
タ,169.74080321225205,212.28803535820265,142.05746873692806,19.244490513800038,166.98918309165828,0
