Mora,Mean,Max,Min,Std,Median,Accent
ド,229.20205206713734,263.63150019776657,209.4828503307631,17.52873737146085,226.045789858404,0
オ,282.47655912853156,295.06638197614325,268.11507890111375,8.77003315403618,282.938741601337,1
ギョ,305.83679222975934,316.02221853484946,293.33781836423833,7.174104567431368,301.9193428432366,1
オ,306.21871198877074,312.4691329048447,302.8983216898349,2.6428428678132043,305.5656519697013,1
タ,342.1614929430491,401.5070249154546,314.91228916159076,28.067189415788828,333.19007326812834,1
シャ,313.3154980722823,330.58440162268664,281.5413183149347,13.043755568679082,315.09758046984564,1
ニ,228.01076482055504,327.67462304540317,171.31503421744918,45.62119307284172,217.57528273018943,0
ク,169.9082360484877,196.28688662132885,143.1401082710403,18.409430682711847,174.15174191960222,0
ラ,161.61102612499047,176.26452970274212,139.06462342019864,7.635142806438986,161.71081830822777,0
ベ,149.79557923222478,172.77007067178636,116.38844851508745,15.43740163724717,155.23023685039834,0
テ,151.71713674281736,164.69184807165473,124.53697017119978,8.272961019564095,152.1467536472104,1
、,0.0,0,0,0.0,0.0,1
ギョ,165.20536891743916,170.1602439800313,156.20876870197944,3.819971925595498,165.75595979270673,1
オ,187.43492401367504,208.1191136568186,171.84163825933229,11.043611773309527,186.95556142143215,0
セ,230.55297712229444,254.5602597683278,209.56201790570043,14.133611780029161,223.07232017248472,0
キ,226.19123690038958,252.01125757680913,200.34101820136013,13.737246388339889,228.31129689482515,1
ガ,222.7167102962394,227.70295814891557,215.21299366799687,3.452858864121503,224.11736436101944,1
ズ,170.17517306624976,213.77666667778482,130.30643332240393,24.174188866180796,164.7440718175723,1
ッ,146.16207955545775,157.71742203092765,136.57491302970854,8.742871730480474,144.19390360573706,1
ト,211.36224547752028,218.8053716140437,206.5024588243267,3.476473372091202,210.97127998012667,0
ヨ,267.7689579051573,297.7833637487178,223.44214641806292,23.837761616762652,271.2524767778276,1
カ,246.04493768690523,296.6338421884601,214.67321731688295,25.507455407185237,240.73610502300636,1
ッ,209.10276366081337,209.10276366081337,209.10276366081337,0.0,209.10276366081337,1
タ,144.08957348587663,160.66008808582436,129.25247164039365,9.737940840882576,144.89765167981207,0
