Mora,Mean,Max,Min,Std,Median,Accent
シ,210.77731065849295,227.36629131930067,200.62625943836358,6.551180390681299,208.90907371020822,0
ヨ,258.2043925181678,302.95375231005227,211.94535087096568,30.88050387035552,261.66943483904817,1
オ,310.1961214386884,311.9071177394005,305.36707705680135,1.9597177919055648,310.8041462372015,1
マ,252.52179913026256,310.79153957913223,220.38031361028942,29.228486020106953,241.95455915113746,0
ッ,220.40965883340525,229.49510014280764,208.6218830391475,8.091530429344314,221.76082607583288,1
セ,293.64029743977545,297.4951953335548,291.3627259352175,1.8152982858564881,293.1991406245925,1
ツ,294.1291476637077,317.6146686282358,250.55939176039618,18.557772809558678,300.08206216251324,1
ニ,290.44844119917605,303.70305483739884,278.15072989540477,6.7459597740056205,287.864293033462,1
コ,264.3043827709253,292.77983634382485,230.4115199005218,17.17104122552462,262.6378970623137,0
ダ,255.77883111958283,284.5543753444723,218.96231754418412,20.19847285553075,262.12027678941104,1
ワ,312.7522572497351,329.97571745295477,287.52560441485224,12.703877147866056,318.3527519491488,1
ッ,0,0,0,0,0,0
テ,258.1237712074661,285.0962187971918,236.95840371473932,15.739731389803856,255.40199297154257,0
イ,204.77828392669176,233.59275175139058,175.41949268347312,16.615418464850922,204.82691347265546,0
テ,180.99965779235305,208.2960843863685,149.0822351507188,17.960836923424342,181.38898343729707,1
ワ,175.01709782062997,193.47016538666622,156.7045352066942,11.952509663179798,174.23287331625568,0
イ,153.05654417020887,155.61685800100182,141.2973207310545,3.2927121870984073,153.8041831297701,0
ケ,173.34675469310363,211.589055242854,141.4390508684875,18.592555067603385,178.1443400393183,1
ナ,182.16251277147364,193.72269432696513,170.08919699800518,3.7187296204827813,182.23361537774502,1
イ,180.23188689684181,182.81318315307792,175.693301265555,2.421660402954479,180.81197373250995,1
