Mora,Mean,Max,Min,Std,Median,Accent
ジ,203.66822266428773,221.80822466101966,196.06372208064874,8.093072880490016,200.45677071970664,0
ジョ,210.13093732952154,267.1062162059124,163.21674150752088,32.10905529706634,226.20381624100514,1
オ,271.13062698761865,275.96070498487757,265.28971309819957,3.5330359911559297,271.3939413121465,1
ニ,275.0298248328214,280.4438706874929,268.4199188875116,3.1138458335374954,275.10908885467643,1
ア,266.6514983818194,272.60121585301,262.6071207744266,2.628466056766058,266.4142761714664,1
ワ,276.57785649273796,285.0054952381931,269.5440190795129,5.4493535906127315,275.61133046159466,0
セ,256.3296122356896,284.5974253441491,200.9264445770938,22.2389069562803,257.90872568965807,1
テ,170.66356029244307,214.37436720945232,137.01868772660416,24.01172333617035,164.28766905547334,0
、,0.0,0,0,0.0,0.0,0
キ,0,0,0,0,0,1
シャ,366.06218201302096,374.1916877995626,350.61534807145773,8.010776371066443,370.6233587796131,0
ノ,303.64319320283744,349.9431833790877,247.72460279891712,32.56902340914565,307.59301895676344,0
キ,210.00739534788784,242.25835273446128,183.60428072504146,17.936456049879,206.9927364925111,0
ロ,183.03354734916647,189.41640734516395,172.2525370729269,4.62168606721066,183.72029766866365,0
ク,183.78705911191696,204.79646727822512,144.76371206381597,19.589769433169824,186.62424679084572,1
モ,186.84537692115487,193.85627747954118,181.2365675011449,3.5371196327371854,186.93586069150592,1
チョ,186.03807285754738,211.46088111453403,176.56013315421535,9.823882980667623,184.177330809201,1
オ,188.59590173280708,191.32687231936885,185.63802063586434,2.251643591797513,188.82944735737283,1
セ,220.10028408945325,276.4683559686105,172.90896888027265,25.48113902884908,230.5526354218846,0
エ,229.35284081753034,230.50140677015827,228.60423234262913,0.5959644867650209,229.1846505236798,1
シ,222.5822152119774,236.10200020528472,179.91063974149517,16.96892091419583,230.88849576249865,1
テ,250.59740084683918,285.792316254242,242.22019291547326,13.619809439964593,244.97677162399367,1
ク,215.09139789240356,249.22959997035454,171.38621719474793,25.841497587352226,210.99573646932623,1
ダ,220.20118150947403,235.71815279992765,205.47796654576703,8.593596861869939,220.23822029398627,1
サ,222.39281473619266,253.77693364869333,186.0167928811691,17.59863471868791,222.58741732407373,1
イ,159.92327239551614,180.47866032441073,138.3696720373756,13.928585662100405,160.2115743776692,1
