Mora,Mean,Max,Min,Std,Median,Accent
サ,213.44020085366498,231.6188861540993,192.27596690237186,14.783717731412462,214.93297517909434,0
ミ,246.9583899848076,291.08720937891627,213.4176714151249,25.215491221305562,241.20291784292186,1
ダ,286.30518735145836,309.5537201317651,247.37408022032585,17.79252163534123,291.8213712395474,1
レ,274.39530679323354,287.7356062647634,259.4471895450453,8.579099482871815,273.0792140345303,1
ヤ,257.15621352405594,271.4622820605811,228.48434244672217,9.981948806718686,259.82311487409663,1
、,0.0,0,0,0.0,0.0,0
セ,183.47358646674525,208.84241374590857,162.6363257115735,19.02255029428123,181.2078032047495,1
ミ,224.87311726728038,245.753949337557,202.75452539715624,11.803997770180304,222.8921944693684,1
シ,242.21296707149028,267.2436652570901,205.84750875673728,18.111913750760653,247.90956727117654,0
グ,218.91812308115112,243.35997676372838,188.2968921318303,17.44342708331036,220.12960992193848,0
レ,163.06731759719983,185.40797072858066,133.21023689625514,12.020993967698612,164.13720170013968,0
、,0.0,0,0,0.0,0.0,1
コ,239.11747215514538,275.42411486300114,218.12081537165494,17.745466250169095,236.13038454201404,1
オ,291.46174347911335,299.175073197618,280.88250894412954,6.33702850717471,292.9235494159049,1
ヨ,308.6644003043191,316.6276202431174,298.594927386975,4.977716660446793,308.97676072154036,1
オ,302.54412328955124,305.38126748243127,295.17091839416173,2.9384436723925735,303.999087763807,1
ト,299.7565609523448,323.4946258031902,290.9216884007985,9.000854337119783,296.9829405840455,1
イ,283.811296787387,297.87097678073013,246.0386208136058,18.475722738631482,294.67446792032194,1
ッ,239.06395114268503,251.50659743764072,214.46988290012655,12.2667507406635,242.8525549857133,0
タ,277.9049131838882,298.19227849819873,252.245522494926,11.397990525389638,277.4207588620694,1
コ,268.0079668155017,496.30388076588684,184.5375516285084,97.54197186615473,245.78831201786772,1
ト,276.3769374116983,285.65429257467764,269.1771085021731,6.885321839010991,274.29941115824425,0
バ,250.21577722012182,273.9410276687135,234.95365007363228,14.413972162297695,249.7282297765572,1
ワ,193.13680440874694,255.47352859414454,134.8252002898238,38.19325255454603,183.52678592275555,0
、,0.0,0,0,0.0,0.0,0
