Mora,Mean,Max,Min,Std,Median,Accent
マ,175.70226452800605,212.8864277297452,160.07136382488537,14.004205822624744,171.7997605232282,0
タ,163.51533757823248,202.17054001044556,135.48995808906434,15.255880802740547,166.3199440666778,1
、,0.0,0,0,0.0,0.0,1
ヨ,247.3817029467348,298.400422536821,192.6541871716446,31.981660700101312,245.94363149776328,0
オ,315.55358099907016,326.9284866791411,301.17790486677717,7.45899670105254,316.77249417016935,0
シャ,290.2025114636939,322.24894697021074,223.32760850760394,23.41568856650099,286.4473974622161,0
ナ,217.80144687583842,272.55747119103495,185.46083885960962,24.86982281407873,217.73142132100747,0
ク,170.8412595286428,193.28168403557112,152.46317663210678,11.491330055933108,171.29227493623273,0
ド,151.78217257765252,178.3488251337092,134.68872548362833,8.938152026469385,151.37959227065048,0
ク,167.95001562492874,227.082756695914,136.00247312820338,35.40823166929181,143.39567201335953,1
ゼ,229.1849308577752,259.9821560381818,200.5308807520608,22.91329487182928,224.26646235860372,1
ツ,239.79703651799943,280.09155468528,206.35071591151674,28.031721797305742,237.73567458177317,1
ヲ,260.51670935122957,269.59666351668653,216.2861880539504,12.978428745165816,266.25240617410736,1
ア,209.07368480796367,221.59143016163048,184.12329480190664,11.999774808318232,213.69729336960506,0
ビ,213.8990857605324,253.54832026605885,177.49098522553226,19.431095088411876,209.04032364549522,1
セ,252.43643571581305,275.3240486655622,201.91524719318787,25.251567600241163,266.8354492029727,1
ル,254.96757830267066,268.66576803622536,227.33971113033294,14.809288255865255,261.52461583976543,1
コ,261.32996942173554,278.9089641740723,206.43577650894503,18.97702965292143,266.66119995515345,1
ト,270.0170312776863,292.2341254442401,242.6948215653081,17.702489089188248,272.56958905059855,1
モ,194.06433985292963,268.9027277405057,140.43719702636074,40.94944210525318,191.02548485489754,0
オ,172.03757992515773,181.13762373210903,161.54758357043647,6.9393278729509715,172.73651955585737,1
オ,174.52230270905343,181.44011533004428,165.21134861315292,5.334740777033171,174.88171461958626,0
イ,164.57056929705016,215.8187362356166,137.92258273882138,24.210869319154863,156.00534514657843,0
