Mora,Mean,Max,Min,Std,Median,Accent
ミ,199.24229902505843,213.10981632697494,176.75088994241167,10.469026302223213,200.7300958707603,0
ズ,245.92054876011528,324.10108465769883,199.34865954338608,41.3755385203559,235.80808045593196,1
ウ,338.71243627367033,345.636741911892,328.9334907961536,4.72170376476042,340.47190533328296,0
ミ,313.407987839006,342.3763331200807,268.63091376720956,20.488521092282678,317.4487070020608,0
ノ,217.547647014042,263.91995860863244,191.01212232385495,20.860124738234852,218.73346522698472,0
ウ,187.8935527230956,191.02583430672766,184.97496619916862,1.5670443337598998,188.02100175083717,0
エ,186.62682581131355,188.61603670709988,185.50350279874095,1.0009394176141733,186.46120948978776,1
ニ,161.86254054746414,186.61935304869456,136.60479764346974,16.796259277783097,158.39615821201357,0
、,0.0,0,0,0.0,0.0,1
イ,290.31852194776167,317.93999473810163,233.6510061410085,28.505871734736516,304.392452907469,0
ク,324.12978121697563,324.12978121697563,324.12978121697563,0.0,324.12978121697563,0
ソ,318.17326170249294,336.3905210455035,304.2598214797988,8.984466100295382,317.7471684246404,0
オ,274.2788853692557,304.92487060462804,211.73385815997852,26.046113563339308,280.9781235915617,0
カ,196.83563233144875,204.07095568115912,188.69047488346536,5.7089920377141965,194.68227928015773,0
ノ,177.34529280821613,188.54268540359118,160.30769588985018,8.504211785862525,178.83152095124382,1
ボ,145.3595149102147,169.05588072943792,126.89923334732144,12.432474238262804,149.17161317955433,0
オ,221.30357050550333,262.0261411705317,176.38463778202023,28.401884546150736,222.48666250842697,0
ト,230.80955847038433,272.2952128781552,205.40513319524348,25.334614240537842,216.32825787351754,0
ガ,164.84572000227664,201.39070810941342,147.42175584355533,16.01371687440502,161.13491188575767,1
ア,151.3699592641485,153.99435976841707,148.77277393661157,1.5690961197087718,151.37464744235058,0
ッ,150.14771511505208,151.79957398931478,148.49585624078938,1.6518588742627003,150.14771511505208,0
