Mora,Mean,Max,Min,Std,Median,Accent
オ,204.91600622708737,225.67631234146677,194.08259656515017,10.22900821090987,201.08665947695698,0
ヤ,254.47637578538107,323.5611296772247,199.61120566409897,42.47641687001125,247.27433439247778,1
ト,310.6599839474763,336.74188862880555,291.51187171146864,14.417887687557394,308.3480123647953,0
シ,243.3445412365458,284.7167086479801,190.77483519279872,30.093972071238124,248.90051804558394,0
テ,173.28709362071308,221.88029947347715,116.74179801631827,28.153222260233623,180.9495893037022,0
、,0.0,0,0,0.0,0.0,0
マ,179.55388893308583,191.40498348300756,161.50056471955565,9.043293412145799,180.13390225434756,1
コ,213.48948780457,251.49314078145898,157.0708831085134,33.26546808217935,233.50668473504683,1
ト,256.02613938166473,267.55299751398877,217.63205081799583,18.728374626942497,265.9528046632054,1
ニ,257.61846856305226,268.1374876944609,248.84478847863252,4.925015557777165,256.3647391557879,0
ナ,226.85860928263568,252.29872426871376,198.85231627114953,17.054654423868655,230.22391564320912,1
サ,206.01184756743817,265.06158566145075,151.5511018598368,34.316528997647644,196.22350910470186,1
ケ,251.25290432713334,308.46931050274895,210.06526446419878,28.71012828501012,251.09881202492778,1
ナ,308.1823941883138,323.7901734535678,275.2292685485879,14.572662268727354,314.51382908425956,0
イ,295.5964248658164,309.00874496585305,279.01850075973505,10.12664915274339,296.7943463271423,0
ジョ,201.58373060972247,272.8028457842663,145.6575695757913,30.195270395442936,188.8768927323774,0
オ,176.54588745125616,179.4514942644667,150.56678490534105,7.856423351439504,179.01174622042885,1
タ,184.95058152049802,215.38305328246364,177.73048420658947,8.440470441532076,182.10112706801598,1
イ,180.00720793012496,181.07420344475736,178.85079349714772,0.8241842349072701,180.16092996799432,1
ニ,182.18709925583718,190.2554362151772,175.27200807588196,3.6360377688635563,183.32567001182764,1
ア,174.45371021627398,177.40349396955136,173.46426474113957,1.1111590518618064,174.02152601207342,0
リ,177.13810818068268,187.8803822870403,152.89479544337192,7.904007225527314,176.0234697065221,1
マ,188.99198771445552,199.68079032433022,178.83356494351432,4.315320680837144,189.50192289866206,1
シ,185.87436544844468,195.42443841933414,163.3047037877088,9.9038991717093,190.77840687528698,0
タ,145.93246386183264,190.58822305859724,111.81867878782651,18.348385034046,149.9801692266883,0
