Mora,Mean,Max,Min,Std,Median,Accent
シ,303.0182720256781,322.3195950837718,291.89134005266294,9.549553366438069,299.6929129486799,1
ン,327.2378628360975,333.7553077590937,309.69203945955223,6.150831213166149,328.040874142744,0
ボ,300.27473305127694,332.77799085344395,275.3874626669676,14.06067546434762,302.6235553499062,0
オ,248.57214952532493,269.8632849357928,236.65271571732183,10.746460094188581,246.29458263836568,0
シ,224.48559984809827,245.9054253095655,184.86854098724763,18.160919060184078,227.05407002678146,0
ナ,197.28596449535723,215.0058811957234,188.26181703590592,8.061189520046648,194.68203180671327,1
ケ,184.956254269807,214.38794035687093,167.86720640782858,10.256130292930406,185.48463016673654,0
レ,177.186010608419,179.83460704344688,171.66498605523842,2.3155475918709487,178.10182576056016,0
バ,146.72936866999288,173.86919772292526,112.22575935367696,14.523007507446671,144.3618145768388,0
、,0.0,0,0,0.0,0.0,0
セ,194.61277542939388,199.74589082293687,189.24293538791056,3.750920133818366,194.73113775336407,1
エ,207.9313351220162,239.71974357950958,186.88949831662725,17.40835809294621,204.90910462556258,1
コ,232.888579046825,256.2624416597545,200.41971439722946,23.504711313897605,243.01626069961594,1
オ,256.7587476714221,257.61353113609624,255.95150245781065,0.5033852115302461,256.9171150711296,1
ス,247.00734317539144,264.5194581198172,213.60751446053985,14.484356869829256,251.61348799641985,1
ル,240.49977321593644,253.85978344943464,220.60067997867816,11.4043463563039,246.0587050102165,1
コ,238.84776710931254,258.85443771297054,203.52990366012773,20.99275766332984,249.85293938770468,1
ト,268.1800723862134,283.36829991256405,261.0285196584718,8.862663416265226,264.16173498690887,0
ワ,212.04270767106166,258.4559367375626,168.1989778729041,29.338036184310177,209.64047023813487,0
デ,142.55208798853974,163.87570308381788,131.8156305820891,8.45670560930128,139.18312536924293,1
キ,160.90105884873202,195.7104204594097,127.37524113039157,27.14986819751553,174.15869461513515,0
ナ,167.42479657111656,193.2517723787504,134.8218982005935,21.104117610912986,169.01557143014108,0
