Mora,Mean,Max,Min,Std,Median,Accent
ワ,190.89575060522247,233.90858215180816,175.12413155654556,16.879399754890454,186.68385657936687,0
シ,217.06845792433953,285.1566205905422,154.13134976138056,48.96086747207616,181.20458064920598,1
ン,293.2161579676357,302.7042303257534,268.8729113439033,8.872854583343988,294.40456023384087,1
ト,312.38436303867036,337.98064162821163,223.97257466074703,27.946867521951074,319.2053781637356,1
ン,317.61500462991484,321.1980061424659,312.418236431216,3.406464273963023,318.6453319862087,1
シ,276.7856197728501,312.60999362766745,238.81937069294347,22.769652329142442,271.229088394909,0
ノ,202.13825461034259,244.34224593056075,163.8634256106046,24.99829761028417,198.83818682821206,0
、,0.0,0,0,0.0,0.0,0
ユ,176.8243060624865,205.0932924892936,138.7317803626351,17.864172781493476,177.93505537586947,1
ウ,225.61120378316804,239.92159557242712,209.70699441616057,9.529864801691966,226.12234513199093,1
ジ,251.85798823918122,291.2068561547882,206.27746446862145,27.15044870556173,249.15980599824482,1
ン,280.70658322137353,289.6734144224615,262.6148875826491,7.804052386881556,282.7930080071857,1
タ,291.13813999947865,331.6975012551772,255.16706898971717,18.882107858258838,291.83896029163645,1
ク,262.8875077251337,300.6196686360609,230.695102347208,25.797570498812732,260.11762995863285,0
ニ,261.805888995613,290.9666436195023,218.3659627489354,19.898697388701535,267.34930429764364,0
ト,184.59689734671795,209.27076995438864,167.17021361915792,9.90126505496819,184.07013963976053,1
マ,169.29574873532655,178.37789374235234,164.15578322856143,4.214127199337959,168.89268484137722,1
リ,168.10496790935434,177.2843243971594,150.31170233743788,6.769098620691602,166.34638016013858,1
マ,170.57018129632618,177.30979937101768,165.8171898965007,2.912329412755939,170.9318713763014,1
