Mora,Mean,Max,Min,Std,Median,Accent
キ,246.63873703145663,254.02308645757986,238.18796581807192,4.835272162992134,245.9704759906487,0
ニ,256.4214885334557,290.374749404125,217.07349706598112,23.33779252437227,258.9113345507167,1
イ,312.3238217199891,326.4633740912794,293.2958450370597,9.617420503948441,313.2608725232847,1
ロ,331.00340652644,345.908467657542,287.67455910122874,17.994903854520764,341.1774905470056,1
オ,333.27355637145007,344.1467313196394,315.69767889313556,9.372989122807867,335.36288065509063,0
ガ,229.98024816009766,313.02370543142837,170.56254000132006,45.68208269500808,227.54921225408313,0
イ,166.95885457056653,169.55731569312383,164.3554594344747,1.621901431833212,167.01291051333163,0
ル,174.39400577272474,187.90805711238986,144.3343701097983,12.463131452112927,175.46190608861167,1
マ,196.00398266051906,215.85437375664077,183.70152762436626,7.712854823841091,194.53038016201754,1
イ,187.08547551237817,190.16617477606295,183.81023779454245,2.085182227748331,187.04392571196263,0
ガ,154.6480596773416,181.4879826798965,124.9353203668437,14.894255703623964,154.48457104275656,0
、,0.0,0,0,0.0,0.0,0
キ,218.18122605223468,233.01165529405677,211.21333979792507,8.684104820782602,214.24995455847844,1
ミ,211.1822537477853,214.88284647741906,204.02653607804598,2.4178696622985463,211.5759974618174,1
ワ,213.02044620813402,216.97779306777286,206.98902655674146,2.691346164113814,213.60790246025394,0
イ,201.59291829046666,207.9235927198382,190.8152583501103,4.044048382092665,202.79447215226043,1
カ,218.6686893927402,252.57860407178737,185.37833944042058,24.3358243016935,231.9904059335958,1
ネ,238.59245122074543,253.885053998002,218.53101548858652,10.66002066799528,235.25176560314182,0
バ,222.5354354492788,253.618724055587,195.4753965425419,18.381406675833034,222.52275217997402,0
ナ,168.08451719674665,192.24903079771227,156.62023672834792,9.938155898357,167.7294186467795,1
ラ,165.2246244984347,173.13823409144987,150.80485838371854,6.555493232117581,168.0820572795178,0
ナ,154.12635019364183,167.29566278220352,140.48380584771533,10.283443067799265,156.46600785808204,0
