Mora,Mean,Max,Min,Std,Median,Accent
ク,251.05912532746478,263.71709450144533,246.95328179185785,5.88529268349122,248.09185979844443,0
ド,265.8956129440063,300.1255507728626,220.23093778090765,27.56455209238632,274.0291933651554,1
ク,289.9252283048322,314.9087913296434,255.3160985172129,22.076976664723787,302.3154728498458,1
ヲ,293.3029821936668,305.69230306461077,249.5068699430196,9.705248031076243,292.18716868731383,1
ツ,255.64733906752448,289.31729772763265,184.48090437132328,26.058754628667767,270.0246597124825,0
ン,260.5785642451536,269.13645060592967,252.32510453951494,5.209254511683285,260.0164358768373,1
デ,243.5272337331929,259.0634594856684,217.89016119773936,11.804259544591147,245.30307550515408,1
、,0.0,0,0,0.0,0.0,0
ゴ,189.83841965542118,214.1645986376305,159.1567507308089,11.500928667063413,192.2503434666668,1
ク,220.95053750930103,281.84045327149477,123.24577723440723,59.494781529859985,245.24393298741313,1
ラ,312.6842718141269,340.4722750479325,284.3956598941294,19.851827318017673,317.0382695101192,1
ク,304.2559904203213,330.1391938742547,240.66353495816722,32.9827099635121,325.7148386140998,1
ジョ,300.3532587426469,327.2832693361102,255.0332720154955,25.804605946874496,315.0948085302561,1
オ,310.5520902821973,314.2274005885987,300.4928092874955,3.8656940545209277,311.9392722624347,0
ド,233.85249118788587,286.01891607806965,191.63623196371088,23.73337450873736,240.67190494417326,0
ヲ,178.78706907919914,189.0781364942908,167.60296823569718,6.607298560851485,179.40018118670613,0
メ,162.22389837287997,169.8419505798922,153.8525829334557,4.5557272470079475,162.35655601954937,0
ザ,177.69575922271713,204.98906409537503,142.4994568219614,23.159110082955795,195.68253381295338,1
ス,180.68194184907705,277.7646616413668,153.42507271414155,23.98312321474666,172.23802598016766,0
