Mora,Mean,Max,Min,Std,Median,Accent
ソ,306.7596172839521,350.0271964459038,252.76966190552182,28.182807034461554,305.4101097168917,0
オ,358.66257459497587,361.79820469527255,353.27659309830085,2.8548570999752165,358.9514165790579,1
ソ,368.4057622569913,419.5390463003754,321.5325279093712,30.210828193383747,357.16409030370033,1
フ,280.1677675737222,381.50729165376947,94.92119717426816,106.50910995146948,335.8368297955871,0
ノ,264.2504048374343,335.3822654907833,216.44015485694808,36.33971872817305,263.04053119460355,0
ダ,196.90400388244998,214.67625417987733,186.73646400650588,8.299188850582103,192.74994845451724,1
イ,183.73200838302162,187.41623513618063,177.0212894962005,3.2150459372201556,184.32546940563813,0
カ,173.09382378285946,184.96910617469175,152.9822870548667,7.98396244228666,173.51792189462657,0
ラ,151.5760175733737,173.42913322646737,128.27235879132166,9.359061403823901,151.3111396285254,0
、,0.0,0,0,0.0,0.0,0
ト,201.82252766775406,203.07541395130647,200.27114049946434,1.0047605404185673,201.97177811012278,1
オ,219.63680720588766,257.58208909245843,198.1338683382666,18.2369080426508,215.71240063888686,1
キョ,258.315331256297,296.68109118059556,220.73876008561837,25.324555175578524,261.91515806106213,1
オ,284.18003163657585,285.80341888736837,282.4790395156588,0.9839668859626479,284.14572792569777,1
ニ,269.15716391199527,281.2297340302456,264.609915726575,4.9126408274961655,267.7268555621654,1
ス,262.6494248083831,289.42898771924985,236.17056156417016,15.196749244168645,265.0736840943668,1
ン,278.7677206235221,285.40715152577263,265.4870717499871,5.037273597531389,279.2759468033054,0
デ,226.92756645589034,258.4685188429729,210.63011426539614,13.826872825315073,224.02225180663362,0
イ,180.18086108750944,211.4707665763859,168.59058186593654,13.185520589099289,173.66434201896757,0
マ,158.6823660048528,174.4918760366132,148.31094626894813,7.137400586822857,158.56902337256196,0
ス,160.5578523531915,169.0636059398602,156.40401699095457,3.972634463825449,158.8456134925916,0
