Mora,Mean,Max,Min,Std,Median,Accent
カ,219.93415410095582,234.20646962496215,205.6567843669833,7.803025688538481,217.36857910764465,0
ザ,265.3360889141052,336.90397895009977,191.19825752652392,50.12147694393343,268.43427922975536,1
ン,351.60545135559437,365.2416726325419,317.3811167510142,12.204278605595109,355.5911621222917,1
コ,284.6950057926853,314.9526538031152,273.3095549474548,11.674665440219785,280.4820745434271,0
オ,242.42444330679194,273.72784628867055,219.7722693754857,16.66580958264838,239.5219742173877,0
ノ,198.16270458971934,217.27332256806727,177.47661760891532,12.886173709014937,199.1688151342965,0
フ,150.1576246407076,177.98531476350695,109.98448140295989,26.137111893389644,162.600418102116,0
チ,192.30202364704184,195.375929075776,189.57321119034822,1.939244623078981,192.5219556555494,1
ヲ,184.8836819432623,195.16635293530243,140.2692128628227,11.855513963420377,189.8366810215022,1
ア,164.76359611827755,182.1889124826865,153.74039834785376,9.930885923016351,162.13165488784972,0
ル,184.62891109168368,218.00451196247352,160.41330181589552,16.535010407663982,179.46479691733566,1
キ,230.65630093865656,284.2338234357289,196.2523632275621,30.695444973820265,210.7288047343313,1
マ,251.065610713146,261.81616054706626,245.69695756360696,4.3673964535521,250.9245372934194,0
ワ,244.13505197518586,253.46584549394936,223.90702052723057,8.851560413063215,247.36460341389346,1
ル,180.00847725942407,221.16841718400158,147.7174394168513,20.885540564330483,176.62792520722218,0
