Mora,Mean,Max,Min,Std,Median,Accent
オ,186.9436221287367,194.57661776683932,181.91534920890754,3.758486506462772,186.41018604021562,0
ダ,227.8318057830407,274.00605093101933,174.25549665360188,32.23910034021671,248.87865510694772,1
ア,217.78930969011236,237.25370876488756,191.52583876395335,11.81735801701521,216.29630233690887,0
カ,216.67129165138255,253.7821395799467,179.6301772828393,19.433680536599528,222.32844578696975,1
ネ,228.11383265409756,239.35329421957752,213.77580029046328,4.946744436956974,229.49980403114927,1
ワ,223.0457349525035,229.53377489830365,199.49873054285814,7.490686163204825,225.22490328595094,1
、,0.0,0,0,0.0,0.0,0
ビ,167.36282672034758,173.29038857465076,161.4352648660444,5.927561854303178,167.36282672034758,1
ショ,207.44484567388332,263.5406097749661,143.26770345686037,47.238289658103575,176.65207546553785,1
オ,281.724982561275,293.021560308606,265.4273328789488,8.829969717042484,283.7180790841449,1
ジョ,282.53926743999796,295.9030802483361,258.3061007839289,12.647479779593423,289.5104866206743,1
コ,278.0780135100567,288.90186330206234,247.03426092928424,13.29137816268895,284.642976242866,1
ン,282.70871270017886,285.72945339134066,278.08720833544396,2.456430599096813,283.1781015142832,1
テ,274.914361917306,300.25410232633885,252.9699430838672,15.25997294313131,276.996991036155,1
ス,269.7371622763593,280.16425579796964,251.82166193154956,10.326555939957146,272.40278106598987,1
ト,299.8545550869186,330.78861244039496,287.5868561620689,15.744831721681441,295.1462739579444,1
ア,279.4185718660207,283.5207974860208,277.73557724226055,1.4051405975390854,279.1738273548239,1
ガ,274.2870558154469,281.3810159288225,256.81074683667714,6.644191329110422,277.1481211854118,1
リ,232.09698959111,253.7576031364411,211.86264793921006,12.485191421161693,228.80247416091237,0
ノ,178.74147895732372,208.00906897310404,161.6946480944556,12.579679506775056,179.24001789857584,0
ジョ,157.22064206395515,178.5562481529079,135.71664720178944,11.653444969604292,158.83719557317644,0
ユ,153.88382727775172,164.52727342947,146.85234278441965,5.467725387453386,151.28596847454392,0
ウ,167.16130836101374,168.47982955003008,165.66989842300876,0.9027280009496073,167.30660822561617,0
ダ,165.60192399427487,183.63485064740462,145.79944803822812,9.072374561234492,166.57213927517364,1
