Mora,Mean,Max,Min,Std,Median,Accent
ピ,206.06793333555495,219.676368358108,197.82027509581033,7.3512382033723584,202.38243426908264,0
ア,242.0635103540808,261.8661531741572,219.72157896243644,12.984883612002927,243.5989895261449,1
ノ,280.3142560906064,293.67655276594553,260.9750134243409,10.86314853274459,280.02013989928963,1
ワ,283.26835504444773,289.8340712203456,228.4815857920374,13.18854367606872,286.2645566545372,1
タ,244.81456772602957,261.3768021570542,218.37556772657302,14.494224119889354,250.5980830491579,0
カ,256.46179257746337,299.5846277676653,172.97025094838443,40.391675381922695,277.8269675965906,1
イ,306.88403786705817,315.1148649800795,287.682113548937,7.610177528323429,308.03590381792765,0
デ,251.98970009425884,264.0547961327612,234.41068087267473,8.790963530335528,252.90563658569448,0
ス,192.223699954312,230.96665736988118,152.66773537726925,21.802241166917366,191.13043512253478,0
ガ,156.31800725006707,189.7789928044388,125.94843350960396,12.40221044154611,156.93728626791716,0
、,0.0,0,0,0.0,0.0,0
ジ,172.77225054537485,181.43684612641056,158.14753015040503,5.9971674950112535,172.4978469872967,1
ド,189.3342452467714,227.66019908314556,151.20204046546394,26.67377343002946,201.68471974001284,0
オ,229.9684266827615,231.0506206953731,227.37874853421673,0.9952159671459891,230.1423330730874,0
シャ,197.80162160444826,228.69876240367205,170.02061247605153,19.837840521279848,193.73902411008217,0
ワ,155.0099516845021,168.75689125071324,141.08901618930352,8.639675956372015,155.73957595690874,0
モ,176.15909914896335,275.42385769352893,135.4816619596983,39.83349587182324,160.9024288571711,1
ッ,0,0,0,0,0,0
ト,308.63685554772707,338.45370741218443,274.36034033305714,19.571278179660535,309.1086183074177,0
タ,219.51536738021224,247.7950272913436,198.7258835615716,14.050308115068292,219.51245868678086,0
カ,189.7544348933084,205.5407983502632,158.5714271863966,10.144762408448221,191.4855148089081,1
イ,178.9364087143043,183.00649162234566,175.88904662759208,2.2704153003976524,178.5079992231352,1
デ,160.77739497298322,174.81270121813947,144.6020964933215,6.280745793305483,161.39019004164578,1
ス,163.21073054059542,166.51309146677374,158.87962424822803,2.7985611339063903,163.06732226980523,1
