Mora,Mean,Max,Min,Std,Median,Accent
ハ,251.35119880513787,263.1017763113012,220.43830957675698,14.2507838635616,256.7354822443299,1
ヤ,297.8770561523178,320.96372654288837,242.85697928183436,24.659298747421996,313.0009238537194,0
ク,241.10593006036035,253.32642181843337,226.49796904979772,10.43659925327177,247.72128667077703,0
ハ,190.0620203329187,240.370935354752,159.79416458927338,23.00896108897906,187.2611998273483,0
シ,189.30387323342612,231.5979165125261,140.96725248526792,27.566212056153045,190.35476493596246,1
リ,193.01511490447632,206.6451753995844,182.79486112327345,6.4171905801479845,194.2422697773962,1
ナ,190.05101861525407,199.59144482211556,182.293761471037,4.02698009671427,189.43046930072944,1
サ,189.1386000992084,218.25466974180154,154.33034839050032,12.709497681559753,187.9234991421355,1
イ,156.7569031901605,176.48923735596102,136.77808334892165,13.490371209050394,157.57831787353172,0
、,0.0,0,0,0.0,0.0,0
ソ,222.44717776099935,239.58683524714175,217.0011224375113,6.701534370387122,218.71145013746474,1
オ,219.7477670596319,220.3934492159319,219.36944491322896,0.3885774116168558,219.57194654350417,1
ス,227.75689059413327,248.24155013288836,210.55459008779164,11.887947704038547,224.04911272526147,1
レ,208.97341289112344,223.35138720111223,201.63726199009275,4.453355832702718,207.84479888090965,0
バ,173.58861623718198,205.62722045426054,134.71421112351763,18.03485099108762,171.94856335160333,0
、,0.0,0,0,0.0,0.0,1
レ,174.65360927002712,178.04398701528692,172.3022767921875,1.647090948319282,174.765473565193,1
ッ,176.18984086247409,180.93614579817833,171.3867039119584,2.7960211099576453,176.3919951641343,1
シャ,211.98650280703754,244.47863662299184,149.98265566299978,31.07310490113686,220.21845825537056,1
ニ,214.34457094801704,217.29222488156714,208.44222856661912,2.3081987612923394,214.66288371127268,0
マ,214.78681075192014,232.2657158094466,200.40036629909085,5.322123020357357,214.837901774012,1
ニ,216.42758545388077,227.3641455842401,200.92742399870804,5.76374268846167,217.35956309738663,1
ア,231.1116071129849,238.44153012587702,211.66659327883897,6.8016788038431,232.70001195208147,0
ウ,193.53527534882338,205.8870674534785,182.75424180925296,8.014133255542765,192.6065672722945,0
ヨ,171.6352268949212,227.01323735007574,147.70528818297956,24.147861240214308,159.1411458795894,0
