Mora,Mean,Max,Min,Std,Median,Accent
ツ,222.99960713576093,227.23073856656856,218.76847570495332,4.231131430807622,222.99960713576093,0
バ,228.44964111631907,274.1532732129167,196.35657834114718,25.290217920907764,230.03818739399497,1
サ,270.79681128960084,290.1448816483459,237.52589552165566,16.92639325662031,278.1151125758153,1
ワ,256.25528539965023,276.08148421904224,231.02059055341283,10.496792587689054,258.0626760280152,1
、,0.0,0,0,0.0,0.0,0
リョ,194.31849483639607,219.67464459740856,173.53506361143593,10.508724812852499,190.78212567056264,0
オ,243.09182746707992,263.86544493690593,221.74100369335346,13.642329761310352,243.34488900938442,1
ヨ,274.88830932396075,281.8519478856414,231.1071390527048,10.32420980300008,278.31876991175415,1
ク,241.00181542770756,303.2744294540263,210.5366741546436,30.28743774869745,226.21403530835377,1
ヲ,264.8136407174128,273.27004913208543,258.4364301451958,4.812072216031993,264.7995397150969,1
ヒ,247.94174981719334,263.1673798489284,219.30803854620007,14.480696324780173,253.15706088450517,0
ロ,237.56402729991842,251.3482867516206,225.21287751566572,5.610859002007905,237.3579090109256,1
ゲ,224.1818009078416,233.23194495697132,211.90708005076095,5.342038528592586,225.21833313957092,1
タ,206.00713057423837,223.87130798271966,184.3561790952125,9.45966186071888,208.3304505679507,1
