Mora,Mean,Max,Min,Std,Median,Accent
セ,312.4779378797139,323.8548379415939,287.98903806550925,11.4450614889476,315.5737983122346,1
エ,327.9092225531999,350.1163356246514,259.9778001594829,23.598437306118107,333.3583273040233,0
ト,285.2231901042357,306.3092486695996,268.4329535096609,11.998786850616822,280.9453171714241,0
ニ,205.84416342324147,276.02470323925525,155.2854382648052,33.12290186946873,201.74975216679604,0
レ,173.1731613222523,204.00037094151446,151.26147773694672,14.598061560989134,169.86416344494492,0
ン,218.13106267913886,234.0641014334729,206.68103560851117,9.083697523259351,216.27689300157846,1
シュ,270.7227779539708,299.7542907022653,223.43464775256567,24.261209694361256,264.0865028393938,1
ウ,298.1408099440707,299.2635710166931,297.2902117364489,0.6087552673235748,297.9605774978977,1
モ,293.7160815144225,304.98208104479386,278.7194853728139,7.883668067281373,295.9321446516417,1
ン,302.15206417757514,307.05240388220375,284.45869556367273,5.139369741448861,303.916716162399,1
ダ,237.20866538877505,278.2412676947417,199.153972062536,23.835655274367472,239.56513848076384,0
イ,184.6576723566755,196.05463149756272,173.57681908037387,7.3211941465491845,184.73080654793648,0
ヲ,159.64490597800466,171.19240064644555,133.55999022585775,8.00234722349276,159.85770652359548,0
ト,107.80196193111775,122.3037352809244,93.30018858131109,14.501773349806655,107.80196193111775,0
カ,255.8423256490034,271.1596150079772,243.47063874388883,9.518481041641307,252.69772552655314,0
ス,260.4904215943021,282.1235835841017,227.49740186592894,17.996306341230685,265.72525435033504,1
ジ,186.8383011225705,237.27573619728028,169.20706366782161,20.491737302769895,176.94683541768364,0
カ,187.96079595177426,196.7769360639676,166.4493659847923,7.2915554862228245,188.66577071479813,0
ン,197.88445352307198,198.7464018812163,197.44523389140696,0.3567003768056398,197.86867596460303,1
ヲ,190.9091040306455,198.12902844874145,174.48638023681212,7.098027608827588,194.18531997387092,1
モ,160.81930789731197,171.86102591707424,153.61510743053805,4.556466302982508,158.74331613934245,1
オ,190.28960904535924,214.31945353374846,169.7165859775862,14.452127801054253,188.57663601397635,0
ケ,216.67902678128104,244.9439973857348,193.59163048484984,14.158599226697625,215.63419969885533,1
ル,164.9379821053811,189.03877481033254,145.42588768633908,12.185265223837348,165.3603946507427,1
