Mora,Mean,Max,Min,Std,Median,Accent
ロ,271.7950223085926,357.56276287769066,207.37480464157667,48.129735261478494,251.17909572974526,1
ク,0,0,0,0,0,0
シュ,313.9201111743978,335.3846483028574,276.55572573062994,19.972452850800707,316.98196493891203,0
ノ,240.97792837578214,286.8073125916211,171.98057415914133,29.72318911606726,244.40452026344,0
ド,186.59243129765784,197.65860897832965,172.25622085466824,6.774302532212386,189.3081365793537,0
オ,184.67498275826466,187.2331824227649,182.87550229464114,1.3050007166834212,184.74398009964943,0
グ,184.1843080904005,188.65145073912737,177.72729849038322,2.29528369773355,184.05480794732495,1
ガ,167.11399266763604,179.9284281007342,150.85394627150535,7.521623699395559,168.22728257445277,1
ヒ,143.51696634201832,159.8545447682089,109.68638525462511,12.781276889116194,150.23378713792104,0
ト,207.80344876487098,230.39193249903613,200.62070502341788,10.37731598611159,202.4729288705222,0
マ,230.55999063549467,280.3994498140612,188.82262587264148,28.29039680580245,225.88395066393775,1
ト,348.0242225327306,356.88803197139623,341.9648570503886,6.406973641216656,345.21977857640707,1
マ,299.8599235517929,338.57147154109714,259.113663119607,20.906996315895835,302.4561255409367,0
リ,217.0540323762885,254.85736632059422,187.02562621229808,18.190924181276824,215.24290319551747,0
ニ,172.787793988101,184.32420593151613,167.19172318767778,4.095905652073051,171.73808967111336,0
ナ,167.88725191729918,178.17282727918771,160.27581773116563,3.9647021823478124,166.6935437566762,0
ッ,162.1279565085394,171.80449808763038,153.63744266826242,6.28195853985957,160.16507573580964,1
テ,170.39257569746587,198.0561776343528,156.82632037824604,9.831296394715721,169.9597298707791,0
イ,153.00980145118015,156.07891293282196,150.20707037720075,1.8368555768970327,152.97152196917824,0
ル,144.57037366966176,161.74028834775189,128.5944570034726,6.654640806496381,143.44579375377327,0
