Mora,Mean,Max,Min,Std,Median,Accent
ナ,243.24718329420327,288.3939549835841,187.6237624367828,26.221669057158074,240.04364660082882,0
ン,310.1614154833347,323.484980801026,294.6911282336842,10.255818296875269,311.289297809937,1
シュ,339.9562822596318,361.11288618531665,282.74663721843615,21.110547182235358,344.6257731169045,1
ウ,359.6970223222415,362.03756085287915,354.6990450228181,2.4208625018507344,360.65733241073303,1
カ,279.94729213584276,342.03315471204866,244.6595668750744,25.78224594134466,278.5077870064137,0
ン,226.41367683037356,241.06328862308155,216.20638611641195,7.967491682325271,225.22228137599456,0
モ,184.40020431255135,213.47766685330458,160.7502895302065,17.31409512365363,187.32594252080904,0
ヨ,213.56395167830738,310.1816212018616,157.28173436205697,52.883206253359205,197.45276131675868,0
イ,293.85018117582104,319.8673922092607,221.0606746575835,32.569838721135625,311.5540638863157,1
テ,243.95562380931696,270.6662934193095,225.95674116600452,12.690797526057704,242.4389343877013,0
ン,219.35111306780402,224.40848876590596,193.97446556999827,7.41035962001476,221.67130768751326,1
キ,204.05651981639352,220.28342062247273,186.75108340380172,12.07699199275269,212.01888396803872,0
ダ,192.4805216895334,207.85804122454937,167.64792869967974,11.850394216713248,197.08571527731425,0
ッ,190.00139891913193,201.5751360373377,175.5968737838869,9.928150118449546,191.4167929276515,0
タ,181.44409023423748,191.48649350383124,174.07833519455033,6.502496235592656,180.24511375544802,0
ア,178.9549186033317,191.95692996294846,173.1182983880772,5.2775063894233725,177.50422490608673,0
ト,174.42667626380612,197.02134627652512,164.13531434769376,10.70604956642088,171.37318910219483,1
デ,151.0262463472162,193.63150760291342,135.30765941678732,10.984221252831308,147.74837613895542,0
、,0.0,0,0,0.0,0.0,0
ア,198.22975857235173,208.69473901842514,186.60956275857717,6.529243209720704,197.7139113890537,1
メ,264.6873639035461,309.00974007402436,202.74257344717674,33.33755138286881,271.2779467587725,0
ガ,228.00858218260475,278.8049445418329,196.42050558132172,26.775573221770113,221.4500298155008,0
フ,179.90624516747033,195.18036725108655,154.16566668006465,11.069518689325454,182.25853021275233,1
ッ,153.36965466275905,165.34362255663802,136.3909462746961,12.338285578699729,158.37439515694305,0
タ,135.6532378705138,147.5218890358144,124.35389520398569,6.535623165499676,135.13274999820428,0
