Mora,Mean,Max,Min,Std,Median,Accent
キ,215.42130478476253,230.13022068299674,209.7212588768239,7.850324566212708,210.80034906748497,0
ミ,230.74981634301358,263.5400743497958,204.52492842997543,18.40211843877519,229.17914942090536,1
イ,287.8367321121499,301.645563155005,267.5047106639506,11.32872641867484,288.86993896326476,1
ガ,238.7034486003463,299.7016597368534,176.89251887405032,40.92549195168657,242.71947890456713,0
イ,171.0959044327766,175.60213688446558,166.01063967002392,3.3100365743544,171.28613454699348,0
ニ,159.08759130635633,192.25991307845462,141.5808085650434,11.979589250052841,159.01158680617547,0
、,0.0,0,0,0.0,0.0,1
ボ,231.242774745913,253.73169131582492,202.77243464554107,17.822465375829445,234.29362928523886,0
ク,279.30335037692913,326.1557482197433,222.25375490655114,40.25449290100743,288.20975408559843,0
ヲ,245.86439783572163,313.06755266411454,196.57394755224092,38.74824771337672,243.17253503642246,0
シ,177.34401008272542,198.55271279074708,153.4591699365487,12.44814648847991,177.12555121444,1
ア,170.8959094325305,187.89115916852816,158.89447079078857,8.474355613540574,167.74817382621882,1
ワ,198.72063287546342,207.84956620162538,189.63960439185806,4.949765843541554,200.20949803590045,1
セ,227.9161730385729,256.74931690236957,211.69278615814338,11.786546946697552,223.52936704446915,1
ニ,232.13315987710197,243.32564115949455,218.87655247292543,8.702967775439044,231.38120187873767,0
デ,225.03853000186717,251.3425478003414,196.78154732990347,15.677340489337602,233.4251355021094,1
キ,233.92282862615286,287.35740250716793,136.90844710667784,55.01295880660964,265.48886088012085,0
ル,285.55713901109556,321.38924257200284,263.92243614856574,16.382823117417722,284.6106027982361,0
ヒ,231.2668376163025,258.46949616246303,201.4073423860374,18.003263981922846,232.14518217374018,0
ト,196.9876687745712,212.06520928540854,186.84627870373876,8.920565473678058,194.55771838447924,0
ワ,163.75087390641195,183.60002827573527,145.10329249589378,11.354581218873209,163.75954712171938,0
イ,147.24054237231542,150.89908909430477,143.12552849780363,2.8257510710855676,146.60445909341144,1
ナ,158.1245546238196,171.29558660138645,146.88859235260176,7.801394224227064,157.7025432947916,1
