Mora,Mean,Max,Min,Std,Median,Accent
シュ,326.80717287255345,339.6087666997195,297.44338292108705,11.064044434985556,328.89811570944346,0
ウ,358.3490521102662,367.53471013056594,342.9378467851869,8.091303699311284,360.9543643306824,1
ハ,320.627840840634,363.90271759271417,291.6926699735208,19.62645232884655,317.04950925033603,0
ノ,269.20962410169375,326.3479499836565,228.37616963421485,29.01024075322458,263.0160299270465,0
サ,220.4440840709084,226.73762500217316,203.62477454672938,4.618369720408755,220.82232053642832,0
イ,243.39730265178,260.48533648720826,229.24103310137568,10.662109456974589,241.29836490145786,0
コ,259.4693769500676,293.9886166012209,229.27254801162863,26.164119340635892,241.75480201232483,1
オ,282.9431184383688,290.69363316431156,279.4938164977746,3.305378587787543,281.9486825341172,1
シ,286.5628248165078,296.8383853794168,259.450414684208,11.333852143190322,290.71528982549717,1
ド,277.03493302820556,298.5043083477774,234.7525591803799,24.01304806166181,291.76154278267654,0
オ,300.34596207330645,306.5684233995838,297.46923935296115,3.049918063570596,298.6173882995095,1
シャ,282.0321345812236,309.1633513704537,228.58907649878856,21.225504183606485,285.2792961939109,1
ノ,203.35904777671138,254.32165067796106,169.1569708274501,23.676705318867167,200.4423587912379,0
コ,161.07761568384703,168.72851592469112,146.87500757089148,7.415198024113184,163.15607840046061,0
ト,186.13520294166068,204.97923486398128,175.8978754714581,6.713291499017356,186.25279241056163,0
ヲ,161.33872590736598,174.12629257239837,135.93159269883077,10.054164514568852,163.22688783925483,0
、,0.0,0,0,0.0,0.0,1
ホ,302.7490750910871,329.72453885388217,273.47795734600464,16.80396112191861,301.89686409322326,0
ッ,334.2889748349963,338.7565667495094,323.86209585048465,5.075792930619447,336.30292808520926,1
ス,311.8715345629618,318.0246701295904,305.71839899633324,6.153135566628578,311.8715345629618,0
ト,191.31840648184155,224.49922260368137,179.5315323608965,11.650296229960857,188.0477707281006,0
ユ,164.95083003951848,178.35201460217172,157.6390652469311,5.567135539132756,163.80191024340184,0
ウ,159.13923562767266,206.41678328950596,152.961612932549,13.024099568563637,155.07702902338474,0
