Mora,Mean,Max,Min,Std,Median,Accent
ハ,201.6591151074144,208.50075142099254,192.43908440567893,4.478386443724527,201.71781609435484,0
タ,206.78018364477416,246.66035339424633,168.85307716839264,25.83827846922055,224.55885334887586,1
ケ,218.66864235713857,239.12403132722406,160.21752570004983,23.872537216384057,232.84761903958048,1
ワ,215.39968983438106,227.21061723567163,199.55960681453237,6.709043993801108,217.2329891866575,1
、,0.0,0,0,0.0,0.0,1
メ,257.6222295540285,339.65800790672427,189.88896888483188,49.161686912616155,247.29748462250964,0
ン,333.666991056217,339.21692888888145,324.99954135829677,4.97844741086985,334.80265666739854,0
セ,275.5464477756287,323.01397220868193,227.3465126527567,31.255640300873313,276.0595822517166,0
キ,199.54691347972096,214.05637323598927,187.1535628138884,8.738724430012432,196.7094534966946,0
ガ,168.87678402811426,180.487512623421,160.608050734512,4.831790010311115,168.33006798035382,0
サ,159.73467570837548,177.25140266066606,110.17104426141157,17.49639420065703,166.68474498669963,1
ン,208.6843507088305,244.8910458200138,176.94163087134464,22.891682974303336,206.0130241568375,1
ビャ,265.49127713266296,282.32424977630154,234.07228378497942,14.128231863899305,264.2440853987948,1
ク,265.53767943592845,285.5253339871921,218.30090559963594,22.928590103060596,280.2765460958352,1
エ,277.3186285815036,278.96087628175894,273.7472245339065,1.3745884952612373,277.53659605853824,1
エ,273.0842050779439,274.0340152000282,271.63866875487753,0.694291133749862,273.2439806891062,1
カ,261.2509114454185,279.4268196043521,202.69864567135008,13.668308746471205,263.5014126603003,1
ア,261.39001186520323,262.48801975046825,260.3434810190705,0.6977856643678298,261.4277155870898,1
イ,265.4771037123208,269.54194369372084,260.06749769583143,3.0573369821256366,266.29693236091725,1
ジョ,208.39097060685162,255.982589335425,167.599497516216,23.312257858441978,210.2662103621298,0
オ,160.30139597799075,166.63238037490183,155.95190845775616,3.3683917527939915,159.3272541553962,0
ア,150.63154408350553,153.37712092080037,147.82091264495972,1.7948386095017572,149.84823483151393,0
ル,151.0644533962754,190.58874298739084,135.88815865020015,11.91395928855758,147.76102082946255,1
