Mora,Mean,Max,Min,Std,Median,Accent
イ,201.77340700916656,209.24329803664932,192.37313918203247,4.855993049343302,202.1401956096479,0
ヌ,248.43922650658416,320.70280977855793,195.86163910699977,39.970682658716655,239.41965132478452,1
ヲ,292.1425032358531,326.2317106852056,242.9952010446999,28.680929601784577,297.07374773930155,0
ツ,202.14775526593647,238.00149052944073,182.3882278082723,15.438596752917611,196.31194126602304,0
レ,165.53349891962506,191.2882945780725,153.61114442683987,8.814747053647325,163.6600027622215,1
、,0.0,0,0,0.0,0.0,0
サ,215.42865545808505,226.7444228200882,209.52571927817593,5.553198597031845,212.8314892458833,1
ツ,248.9610725517697,310.4410081467733,183.61003652954236,45.30281375350902,264.70294448706915,1
グ,292.66041782151274,323.868894646739,275.4121867523612,15.01564010760398,287.11994718575716,1
ウ,344.0565075097192,348.3264869660442,331.9583121137142,4.358333383109404,346.141569292139,1
ホ,320.26192521137466,345.90571237648453,273.5357122164739,19.47099936899946,326.2469577219099,0
オ,338.6187932203837,342.83250464052594,332.3024210784422,3.3321586685971254,339.91322691326184,0
ゲ,279.05192074736095,334.4324116392146,235.59791273946735,24.876662099566666,277.3016634474541,0
ン,216.04051313716343,230.68035947691865,195.69043321818174,9.373078729850237,216.15801768737143,0
ノ,180.0087300850746,207.70557335239008,158.83621902045144,14.408468577348044,177.7703906466153,0
コ,164.63385441330763,194.1719714054812,146.63095290158225,11.163694868851273,166.9449936679265,1
ト,168.81672398854943,199.5994067268272,123.32509404397851,22.940940775406617,162.12674839253668,1
バ,204.9304944155298,233.04820452406872,183.91121876663087,15.101782164244431,198.7699831173847,0
ヲ,188.4122749278794,216.61816239738968,163.09561384397432,18.376488149639364,189.4533121781746,0
ツ,158.11489870882315,165.32538288489928,152.80548832764492,4.633446212498959,157.43693826040678,1
カ,164.43635646200013,195.7901047937064,155.3982885354692,11.864096997322825,159.7907559239758,1
