Mora,Mean,Max,Min,Std,Median,Accent
ズ,236.38057149703587,257.5528485421473,203.7875882600435,15.433458210581165,235.2492390742422,1
イ,261.79381398016784,263.29508539823223,259.6552506611333,1.3077104592177824,262.1172736581041,0
ブ,216.0305136715616,258.5550745786766,198.86820344150428,17.81068790818931,210.17346403994918,0
ン,182.64529924959754,202.14429767869908,164.6900290495129,10.95967027439006,181.23501851437914,0
ナ,157.4474150038428,174.75457101433867,143.8984371251009,8.745673424164108,157.1621952867046,0
ガ,209.55215387568984,253.55805337673368,175.89948346882974,25.946323466299706,213.30757914827802,1
イ,265.7103558340515,274.2496610865148,250.55650596194633,6.977857659604628,267.5788474018906,0
ア,218.1037272138643,244.47381395442872,201.02214049471104,12.931823661844009,215.9788850811955,0
イ,185.55511791332853,198.21503390923036,170.3969740966396,7.369082708831359,185.7907468334471,0
ダ,152.7301193453589,177.43965563991844,90.33091728152965,19.422403609814243,159.7443279920682,0
、,0.0,0,0,0.0,0.0,0
オ,155.7528331307348,158.4177059695823,153.08796029188733,2.6648728388474865,155.7528331307348,1
メ,179.51053953526926,201.0798241384581,157.02963331249572,10.437644472433698,182.60282326356213,1
ニ,213.50228947513926,225.43301932198835,194.27124790413384,9.641012572966284,216.71509433543775,0
カ,192.47276761080064,201.73204695402038,173.4080950542117,7.176285604975756,194.59758413458744,1
カ,196.8935981994237,211.40632957624894,163.96684310466372,15.919305658273183,204.6688791733584,1
リ,211.7333785888586,226.51047658109937,193.16634724215118,10.25705395924003,206.45380204067385,1
マ,231.4428232134853,245.50860477414474,216.64066455972042,7.01042617157355,229.83222033326143,1
セ,249.21332801611854,257.6061484744262,225.96912024265694,9.188330548394589,254.20475745200568,0
ン,239.4804024905296,254.40605400605295,228.0035809213934,7.888799303055554,237.68851827488564,0
デ,194.02521143335264,224.17945167302287,173.85042653753433,14.350340158429505,191.1845445775766,0
シ,148.47357640385806,170.55673076677255,107.17846096625465,20.12071905014613,153.68430029570916,0
