Mora,Mean,Max,Min,Std,Median,Accent
ケ,241.3722829800583,253.79425197225106,218.0506820983819,8.8858472376455,242.783556361234,0
ン,278.06536891769537,289.58548336028406,257.3950539754277,10.95206632607693,280.3173340825937,1
カ,311.5308592542718,388.3800118716267,270.4642058050166,30.78514026463152,317.05969583208423,1
ヲ,315.9000849274703,323.3984070171905,312.7137367092611,3.0804182866407177,314.68381968455253,1
ス,304.0238590293938,322.8720143415067,284.4125810572627,11.081018856962213,302.8970554666311,1
ル,281.32584655107877,302.38636194913107,252.46117279024855,18.93216891505306,290.6766731782443,1
ニ,256.0361677634104,296.687284126475,200.05027533858959,30.916175755093548,261.52114054504386,0
ワ,168.8163294032123,195.47909212964396,139.00453477913504,15.246330589893109,175.69718499045376,0
、,0.0,0,0,0.0,0.0,0
フ,0,0,0,0,0,1
タ,291.6043747260419,316.93084322887694,274.4418381501111,13.32009061969279,287.45433102346396,1
リ,321.70543538246073,348.499111002136,280.4347620108337,20.07833969719309,330.15960199684656,0
ノ,277.71789137145765,331.84787506537094,197.5118420133899,44.11058531514637,295.6716316442854,0
ニ,172.41734083853166,192.74503510147724,164.29307575728274,7.094682742642611,170.19052087364366,1
ン,186.22024702564474,198.3418322598345,172.35480804981378,8.347879480349832,186.36863192391002,1
ゲ,204.27136496077932,216.27027825446723,192.34195550014437,7.137101707658175,207.02958099507885,1
ン,206.33289951463652,209.7163911539479,202.8533559980821,2.062240058294697,206.25140145714946,1
ガ,202.01747572822111,207.08101322933365,198.8756614765905,2.3245394094035907,201.88491002818202,0
ヒ,188.77992595895947,200.5882053734487,143.7450006777493,15.11439837643225,195.4393481741133,1
ツ,198.05986280234583,221.88128990639643,193.1789055071869,9.088981888842598,194.2038595696161,1
ヨ,183.05757775089023,193.18046073604748,175.78108366560784,5.4312140991260165,181.17045451154016,1
オ,175.49958630067255,176.70149385276045,174.3390546459165,0.8677771554800733,175.3987327560605,1
