Mora,Mean,Max,Min,Std,Median,Accent
ジュ,214.6347575441919,250.4182537105761,178.50834664822128,18.9955459287949,213.66123150543797,0
ウ,277.7444439427608,296.6126971251183,255.80198804853453,12.399089621346723,278.56493326985867,0
ヨ,304.72571393280947,310.51021242772003,299.5430504309915,3.0687814468808816,304.46272211265574,1
オ,306.4766140418074,307.8131090079841,305.2609113170303,0.6971458777165396,306.3469467303544,1
ナ,296.69263686184325,305.10700497367617,283.79979478882643,5.175974033077861,297.3518128048951,1
チ,270.518925292035,296.9626432539918,234.95074885236036,18.844143547829976,271.96195859960335,1
イ,270.79804107554787,279.2070943206441,254.41670506336675,7.140224432986548,271.95877524490436,1
ガ,177.0598882488863,250.37090048666403,127.26360257256252,35.37120615391729,169.8112960349231,0
、,0.0,0,0,0.0,0.0,0
ト,260.2301130457853,266.4898853675423,254.67333137170672,4.541706996497679,259.87861772194606,1
ム,297.16673774524935,310.30974955367145,270.82949367756544,12.429905423889336,302.00505446384193,0
ニ,224.27650150255303,288.3219743833684,165.21305348464668,37.11399816685655,224.5509413752893,0
ア,150.18822855060776,162.52307502342657,144.9304814425615,5.179121897949481,148.05027125876296,0
タ,154.98678137561663,164.19053475968792,125.66438635913346,11.933409754811336,161.6683744690447,1
エ,169.64065162390972,173.5494288921608,165.19871120470043,2.5800855008819377,169.87395273361645,1
ラ,174.29715930525185,176.66249356209707,168.0608328378508,2.3559973475342724,175.20723233194235,1
レ,175.69811712813126,186.96181584571232,162.40597371380164,5.853914372564179,176.84299335475555,1
マ,179.6070246508062,186.4510955290192,171.33460733305202,3.1137311969761257,179.6093625337321,1
シ,181.4959931648349,185.6148008685617,166.6702382331427,4.432514724798478,182.54889476641307,0
タ,139.0750712494184,174.3372647606647,124.37153420384726,12.426969624341876,135.23220576493136,0
