Mora,Mean,Max,Min,Std,Median,Accent
ハ,300.21208169415866,302.78139512185976,296.92524726638464,2.0682567939773397,300.57813381436443,1
シ,321.64291632144875,333.1208520482744,299.20273151143044,9.237606510453054,325.34608202022287,0
ノ,263.50857195802485,321.99136909030324,221.0585527180464,31.633873067089134,260.01084248726545,0
ツ,218.51411424869104,218.51411424869104,218.51411424869104,0.0,218.51411424869104,0
カ,205.90224980413063,233.0295672849958,197.04169641859977,9.068883159079482,201.3318060611065,1
イ,200.0839299098438,201.23433534956624,197.79010013739108,1.0309529807259639,200.2826026104156,1
カ,200.05918045254882,208.95753531133147,179.71741329333966,7.117999095559941,200.6193599732253,1
タ,191.15560358055544,205.56751599672083,165.40069677133266,13.711750859397903,193.973528057868,1
ニ,199.57836529521083,203.66411964406828,193.68612911615216,2.4859347614302343,199.68221718526092,1
ワ,160.1743934749904,192.25732537266163,123.2267784347793,17.95185871835596,159.13306594307008,0
、,0.0,0,0,0.0,0.0,1
モ,186.57176097100694,195.10143455871017,171.10882075318727,8.30760568717948,188.61209152708875,0
オ,184.7601368120755,194.5154510934752,173.63767395474565,7.129533807000717,184.57237744950737,0
ス,160.77520735640348,171.070360229569,153.01934376236233,6.275686996733287,158.96098891434383,1
ッ,0,0,0,0,0,1
カ,290.32991167081354,300.81891877955576,275.92850123713424,7.780083194305795,291.87475242656456,0
リ,287.35110386540657,305.6712589855369,253.29760924877291,17.689621265051535,294.0437129299284,0
オ,215.18762837460443,280.2118375484874,179.12329419598277,32.24397127485094,206.17388907835436,1
ナ,179.8758250714874,189.24117041631163,173.2809156592603,3.2427632441939576,179.94278598468804,1
レ,206.1752162292805,225.93119793969615,184.07782416930755,14.31587105992847,211.20074482962292,1
ニ,236.52541759790952,250.61203111937863,217.92125304137565,8.749612612546631,235.1293403050817,1
ナ,265.60695643859395,286.2562837836625,242.22211505182918,16.49194141175061,273.363841674826,0
ッ,0,0,0,0,0,0
タ,273.0936316307292,287.7332148434641,259.37573698365406,9.966178824842984,272.23238928243876,0
デ,212.4384065240216,253.1710715048896,190.43622912403936,21.70242154637621,203.74067484876844,0
ショ,177.28284108600636,204.75287175219214,136.01077939272147,13.44653113052645,177.78393246599202,0
オ,150.27521067338353,164.33307815019998,124.58570529651023,10.595765668494176,151.67425843349184,0
