Mora,Mean,Max,Min,Std,Median,Accent
バ,201.8243698005127,214.02403852496892,198.21647986753655,4.588942067341547,199.64234435445866,0
ケ,225.19530169134148,271.86287425227357,131.60262471447453,47.77465962689937,252.87683573935766,1
ツ,290.115015062668,304.502894962453,259.09720826221263,14.967274921694823,293.4628408355386,1
ニ,280.5041469460286,303.23257116551497,266.35107728787364,8.287712092218113,281.1945226901605,1
ミ,273.30375950109374,282.14214537563123,265.47202576697595,5.361988105980858,275.3911320526885,0
ズ,253.69303457345052,283.7768459720823,235.4582778532922,14.380841567625549,252.41241264552602,1
ヲ,270.8402194017136,286.1326008740554,249.67733519203398,9.375603145256648,272.1640117100025,1
、,0.0,0,0,0.0,0.0,1
イ,274.9537092529375,304.1365482015337,194.72514392315955,30.06542300144314,283.37730035694324,0
ッ,250.33665839176743,284.2113328660588,229.2070216007661,18.78599371968061,244.0773539541426,0
パ,287.50133776320024,336.3728662958324,238.89007713135194,32.12722103516195,286.00698151231967,0
イ,207.58115289735295,233.27480651056413,178.5670253101787,15.416105671043903,205.0688810452042,1
ク,182.67756727548954,199.52444382281095,167.56658832308193,10.5315327790575,186.09873093379068,0
ン,194.07612646790807,207.75714022114926,179.7178795954651,8.88908841330167,192.28400342958582,0
デ,203.2994134137859,214.40064632112825,192.24681265457417,7.569006589517573,204.4091668036404,0
モ,202.14336861138423,212.02558428555986,192.37581432188213,5.498604675112137,200.7074761821654,1
ッ,181.60443387706044,195.77818252362934,170.61941678645252,7.375172050629547,180.63659105750995,1
テ,223.80715308414486,233.21706341609524,197.957570604075,11.278499826924627,227.79501477268587,1
キ,176.60018223431317,191.72249412893527,140.229877402303,19.011022777357134,182.62389861428528,1
ナ,217.09539421840304,229.15113165636978,206.64927714187803,7.476846238843145,218.9012151391965,1
サ,200.4040848166763,233.28114996641486,171.24970924834156,16.283816473864096,203.0394417653456,0
