Mora,Mean,Max,Min,Std,Median,Accent
イ,190.87746404883674,203.0805097769138,172.3873771770368,7.845599716176465,192.59615363159173,0
モ,212.54981845768881,236.9697010753862,191.5994222069821,13.809193854178567,213.02289573547114,1
オ,269.93005990069605,306.5056427911588,240.21282049414603,18.771654911830456,268.1996825005084,1
ト,318.14190036399174,331.4777925737162,311.9506170082151,5.4381204973020125,315.84175420587553,1
ガ,240.69070347004254,309.31945910694026,185.16236400094044,40.19014178521189,233.71703355219915,0
ウ,181.54113307119283,184.1577836378675,179.52822839715307,1.5455000322882335,181.25605941970386,0
マ,179.87852132914497,188.4159216302662,169.7670028451812,4.145302450597677,179.28996181853188,1
レ,201.15710972117589,212.61922630600756,184.20421676901327,8.74842651606544,204.8096012704496,1
タ,229.08783462781835,243.7938460984196,219.11590176732813,10.61630379234836,224.3537560177074,1
ヒ,211.33931182151804,244.4722764982785,179.2270765094854,16.15256332485633,210.7305799038444,1
ノ,213.44493593211368,225.8057740273476,198.10368417159842,7.509912360563709,213.72882462118534,0
コ,181.82681097091722,194.18764583492205,168.49650479408353,8.150385838921569,183.4764200844191,0
ト,166.97147265089433,197.8696507020802,137.68738595275337,13.140621259907817,164.88590451658342,1
ワ,146.4932614107398,160.62978353716585,118.9038764544888,12.074359197373717,149.47107994908197,0
、,0.0,0,0,0.0,0.0,1
ヨ,214.72487542456486,271.8353359561497,156.93206973642415,32.286620756692166,208.62870784395813,0
ク,215.47994521951554,250.73099708882535,188.67192686633186,17.58753075920863,219.21276881877554,0
オ,167.89041186420093,183.3683665849363,160.01128724655575,6.3517018059566,165.221538418057,1
ボ,168.32867153211922,194.21411858190058,145.1128239982463,13.037190687911783,171.64770775304112,0
エ,218.51782059443536,238.3621551777051,198.90422959163539,13.149709242070623,217.6214861604106,0
テ,200.04666276673998,214.79687218253127,176.40182463803256,14.08007809180904,204.44486665469623,0
イ,179.61378069007037,209.6092339658333,166.87229837525572,13.057904292834095,174.57429220978963,0
マ,155.4086364264171,166.03833146594226,144.75622377441636,6.76761923402688,157.33103913046247,0
