Mora,Mean,Max,Min,Std,Median,Accent
ク,314.8280843156944,343.2903830305953,270.6113162503884,26.07227918183609,328.4478251150965,1
オ,356.4375360058247,364.75574349756215,343.85529436220924,6.758319817177728,357.5310972262831,0
ン,290.31928434990385,341.1289227151578,213.53637989608583,36.2645881255375,289.85097126284757,0
ト,194.7276719661599,223.8055288527851,168.38067856233943,17.156108339653326,200.21799541693807,0
ケ,190.01204357155763,213.78983101786972,151.109431974258,19.39334729189304,196.60226591244518,0
ン,242.54018611588654,263.4337671385686,214.98189137811508,17.058464031701387,243.93642726052474,1
カ,258.91475172053674,323.72603796801786,203.48580892735592,33.094829962100626,267.54476010542305,1
ヲ,280.9028236763558,291.24125841657246,276.0881222450451,4.897524550049644,279.0615253020372,1
ス,290.3668400007564,300.4940699224529,271.9751507412202,8.049133464805125,292.979889874743,0
ル,277.3312594811889,295.3367160533565,249.91422666120314,16.585440927419207,288.57230228369656,1
コ,283.8735019576324,310.48477897544893,245.2960089039052,22.29531183547867,295.14457478493125,1
ト,283.1058217778967,283.18744448340004,283.02419907239334,0.08162270550334938,283.1058217778967,1
モ,203.77063964657788,283.1235981563744,141.2735826903247,44.99953067175218,198.0011331172521,0
ア,142.53246991190196,148.81336794063108,138.2340162940697,3.611967370885144,141.65430228541953,0
ル,162.43301075786528,176.608466736978,137.96985366686096,12.539510480046358,171.32082419374603,1
ラ,179.59879608014697,196.13708833405863,155.10106897485878,11.478549954167914,174.31002991429006,1
シ,201.12893035190518,236.57826835248315,187.9162727955213,11.185266698400033,201.40469021922033,1
イ,170.18007400441041,200.62891542673992,126.22064097330694,20.449056431156542,168.53814839408332,0
