Mora,Mean,Max,Min,Std,Median,Accent
ウ,199.8787881330403,208.05009484009244,192.69638963798027,4.25867446808459,198.60878897681064,0
ゴ,270.56197748364195,326.15062244016775,209.70791263749274,36.72950969017808,272.14744342927554,1
イ,315.52360215287274,331.52654633028686,243.37985189510948,26.519256714785367,328.2412790026784,0
テ,258.8727346828788,287.2264345925934,232.69184049886198,15.236008759098834,260.1999232101163,0
イ,217.5742879232282,227.91363348009696,206.97363954191204,6.512734008819317,217.996210590798,0
ル,184.8971814067188,202.7812031745289,175.62180203515578,6.5201321299392765,184.08495764307168,0
デ,170.15076188841869,199.2771039612291,155.09617718739588,8.13075767944573,171.08693490459106,0
ン,177.5775585407554,180.07051187043177,175.37834038199884,1.5859078909390165,177.64741278428943,1
シャ,179.33363458463324,197.88354293234738,127.85717105195396,18.382133948448683,183.87523614020208,1
ニ,180.11290431741398,187.6372537498642,176.7111810698462,2.6154119007479912,179.1851144928453,1
ト,181.4083245156558,185.90795861750712,174.02295860680528,3.975945019592412,183.30435466696508,1
ビ,172.7638001378868,198.69026055028425,160.53766098846282,11.600773387669097,169.1732962539382,0
ノ,224.43547518976254,245.02613586798824,187.18154383920393,19.381799814681138,227.06124262531267,1
ル,245.95888496702548,251.72113907400072,227.29756138845235,6.493164109235336,248.36245348480517,1
ノ,216.1081013141348,245.84588125422277,180.59558515041428,19.583272995128198,219.92351184236495,0
ワ,154.59665048457538,177.55753503594713,134.18595962734537,13.566590072041567,155.11520597027987,0
、,0.0,0,0,0.0,0.0,0
キ,76.71339488853724,91.73057021632665,70.45037531787456,7.8156023720515675,73.23607403161036,0
ケ,215.34747635758166,225.63448326835393,209.27750777702377,5.890176870139702,212.5910121228653,1
ン,227.13861481777633,236.54364385727678,212.9211309960748,8.780062258935112,230.94938582091666,1
デ,233.76219251233826,257.7083766141218,207.33048706125737,14.69008318865275,233.80942627076587,1
ア,239.0999126739253,259.4802872167581,199.84551762815815,15.618780047781641,244.73502668555707,1
ル,155.72537290092848,194.79995702001162,132.10798575796755,15.686851862599397,154.72990020279556,0
