Mora,Mean,Max,Min,Std,Median,Accent
ソ,226.9494430702558,246.23375859729805,213.48254938442406,11.913846759837606,225.69040775370505,0
ノ,257.04981299127655,302.90712209730634,200.61203495467637,31.671388373287762,257.2059718875604,1
テ,285.24897228112997,343.6700584706294,225.11050948136156,26.47919203677247,290.90353583954715,0
ッ,236.37505407513427,236.37505407513427,236.37505407513427,0.0,236.37505407513427,1
コ,277.78821646314714,294.2121129258766,272.66388192967025,6.0621554314348876,276.83312674426224,1
オ,270.19463087849147,276.6599160164938,222.32938722739235,10.952513970692232,271.6410769141392,1
ト,233.16721711212085,264.1594550212738,172.3635793441096,25.281099806858315,242.10083167476014,1
、,0.0,0,0,0.0,0.0,0
オ,176.6275682240997,177.0733000148479,176.1818364333515,0.4457317907481979,176.6275682240997,1
ノ,189.74446896578917,217.48207453159955,170.4982352461934,13.502714197484156,186.9681478677897,1
レ,249.7391005754119,272.6122274554041,217.3363389027265,20.038868320585816,245.51682536801692,1
ノ,269.15899519966143,278.407607760369,243.98629551860637,6.704996753327052,269.83839332870707,0
コ,233.5801787020716,269.0393929536882,196.68379575631056,29.444116863582924,238.0551619171315,1
ブ,243.17413979843926,268.704069669017,217.50700924068605,18.71296138859433,234.98323741704948,1
シ,251.30274377992882,285.1335668917824,210.170584954881,20.975421197043804,253.62912494971127,1
ヲ,263.890644839719,270.6025151843101,259.6031202443549,2.8945922827388824,263.6398447862417,1
ブ,230.95368501622255,264.28638096772755,184.77362707892107,23.828314610042366,236.18942157448183,0
キ,265.0141699282992,306.9616744041478,170.01809146978238,41.65490261530307,286.3440445574421,0
ニ,240.85588356799025,296.8086368038991,191.37252952773187,34.84386984356056,237.92178094158416,0
ス,175.06875725475987,201.9572613370378,144.07467721529977,14.713914702577782,175.95086199556283,0
