Mora,Mean,Max,Min,Std,Median,Accent
フ,0,0,0,0,0,1
ケ,251.26539013618094,303.2843321873607,228.7210192482801,17.878078584895434,242.438472564045,0
ン,220.8920627394708,232.25613604810687,207.33690343825387,8.0885732454932,222.4286460227437,0
ワ,171.54202638552397,204.18098068788805,136.80509902308842,16.79995044211941,169.35940640190827,0
、,0.0,0,0,0.0,0.0,0
フ,211.598068375442,223.62568175225294,202.3535164866702,6.9215909301745935,210.42742598774853,1
ラ,212.00255197474277,240.15446205018304,179.24285693441686,14.615244735067673,210.22271914783988,1
ン,249.82225569880674,254.94770971288247,242.09389176038434,4.561843847339888,250.66034104466485,1
ス,235.4783350802824,254.01516383067448,205.81773358622863,14.727273987211005,239.3805983190825,1
ヤ,220.9537266656153,240.33554361533393,182.5666751172511,15.137736136999827,218.27564039762635,0
、,0.0,0,0,0.0,0.0,1
ニ,183.5718141708646,190.24926870635852,166.3030052348817,5.378882434008788,184.06851559801797,1
ッ,161.8967431604331,176.57803006077395,140.48590291665062,9.906567922762648,163.96622881998948,1
ポ,271.5897752524778,280.18115484577015,265.37626163043416,4.033170310525221,272.7448763681694,1
ン,286.96484989999317,289.4115299808617,275.79678773559453,3.342505248506218,288.3693546294315,1
ノ,281.6830065913734,299.8760913411188,276.3763513914256,5.171190314615091,280.81064463849305,0
ギョ,224.6785126047064,275.80738326655944,194.8887068212606,29.134664997457207,213.71592029589254,1
オ,225.1792838775068,259.99073979389084,203.51363023418062,18.386026214580856,220.1985972543752,1
セ,299.55732487619554,336.42918141030316,256.32320052911274,30.04694443969095,319.3349893191369,1
エ,300.9088676530314,316.9479585527239,249.413597377473,19.639739633709098,311.8139641619058,1
ク,305.00637014454935,318.64599116194,239.21434202773682,25.008694910506293,313.903714871783,0
イ,298.5963048255505,319.91641079897164,253.74459115674935,23.1713530830685,309.3369121970262,0
キ,240.3592487903039,256.0239114704625,219.2628989488593,11.784794359967748,240.27724361473912,0
デ,187.39712542361508,216.25208917351208,176.01008443150295,10.829670365983421,185.06947029359102,1
ア,160.29960640199525,170.26478400599356,152.43306970005946,5.063369353672886,159.57420230087456,0
