Mora,Mean,Max,Min,Std,Median,Accent
ア,208.7693749639715,225.3451581312791,188.78937242458235,12.842846082519559,210.16697038762806,0
オ,249.17111445604775,340.8026039267987,191.99350757536777,56.82899584138349,227.9281410459219,1
イ,310.95787206905635,326.4292045812099,292.0123846964833,11.336586856300393,311.91253584580454,0
ス,262.3498972752071,284.95414868080894,235.80226810466317,17.008428505920907,263.0169186274303,0
ポ,249.86044657022893,270.95433096235064,201.29901981247403,15.404221756798348,253.39672995877294,1
オ,272.7678673753332,279.9624908471301,263.80928389572114,5.152845529931835,274.26584528195883,1
ツ,0,0,0,0,0,1
カ,231.71720899016887,266.72538196508117,214.99834005970786,16.02288391951616,227.81467028136936,0
ア,203.86690608125272,210.6100289877754,197.9789201718635,4.312831993308509,203.5985463645331,0
ワ,168.60059976505633,196.18982819402706,131.91579550469433,15.166794868286841,168.33759180474266,0
、,0.0,0,0,0.0,0.0,1
キ,294.25257141731163,313.87934440794356,257.7585183435912,16.1808479169663,295.58339981321717,0
イ,326.7859606179725,336.73999958131606,292.7755526334179,9.77420013923559,329.1560409563179,0
ト,205.18096410169886,277.19789600664996,171.96255525159071,33.2604013298501,195.82724110846743,0
オ,164.57879494643663,170.75870248083086,161.50007428015962,2.6428096037691557,164.18014140693862,1
ト,221.07544562209446,227.59644892914892,213.40438467232343,5.148709022134242,221.51671555582578,0
ヲ,216.66232591134016,227.16019420650562,202.92285672292414,7.948529701869732,217.84850112631977,0
タ,166.7945746976639,192.1824135888153,137.36228596982886,11.583354456893817,164.28408569090416,1
テ,165.74730756889528,179.15726412591349,155.12898427379267,5.932780236764696,165.12452648845556,1
テ,152.4743552016032,188.88890041452726,126.0090909246046,15.942931843300794,151.15702659818666,0
ト,149.28580564217245,167.8509145165584,121.61615038818182,14.38868014533479,155.6604766732871,1
マ,161.3435339445262,172.9268923771379,155.99491467334153,4.349661180353229,160.18552170540693,1
ッ,191.57948651086804,220.6519317225709,164.56130986977476,19.988434037931228,184.78650607906573,1
