Mora,Mean,Max,Min,Std,Median,Accent
コ,219.7733929281667,246.2062808389769,209.7041536006475,12.05479159116267,213.97870876952797,0
ツ,274.5032026797884,311.3812715715203,212.34133175349032,33.50680175223584,288.4480958947043,1
ズ,285.2500876980722,322.55899511269564,254.31743579652496,19.205775688931293,289.8372581945626,0
イ,228.44489601503196,270.9953658328707,198.36372181241703,21.993608326545107,224.5368255790835,0
ヨ,170.05003008841913,195.60638483631314,153.89379357289923,9.863951027681676,167.19698090422497,0
ク,0,0,0,0,0,1
セ,193.0997368663248,232.69546763789293,185.42759002015475,12.190877518672345,187.8964222983798,1
エ,177.83660991869147,185.26197236339615,156.19674413272077,7.923822831625179,180.17120157992446,1
、,0.0,0,0,0.0,0.0,0
カ,239.63219662128273,266.2907119063945,200.6897677521471,15.049690000194673,236.8154716736382,1
ン,278.7227493549694,295.4432743269654,268.1868207058397,9.382611321498336,276.32330099264465,1
シ,281.8850376313037,307.22877749542766,249.67766632854983,20.60054388152457,289.0833309763067,1
ツ,294.18863094361177,337.92223014056464,246.62658667947707,32.43291685654767,314.829952423221,1
セ,294.6511490384173,326.23586757173973,238.14305356226697,26.648844945417622,303.6116198236839,1
エ,279.9514220660273,290.7287264901277,274.7562352030431,5.055557151174281,277.926372424556,1
ハ,257.51360596801203,289.02175086865145,211.3863204048841,23.511188568555134,268.23198964589864,0
イ,245.86533957611812,270.5809171011191,203.67222453757256,22.851105626616597,253.55126622389923,0
エ,173.94244075733528,200.6793247746549,159.54041513974272,12.634903619276463,170.34951350562864,0
ン,152.52964959403357,158.16276250022932,147.9627341297837,3.591499700354272,151.5171929193807,0
、,0.0,0,0,0.0,0.0,1
ヒ,246.42784119201028,248.14065114176063,243.49071590956945,2.086414059463259,247.65215652470073,1
フ,262.93504336270036,304.19852694108465,207.465807055734,32.05120867463649,268.01510583491154,0
カ,313.5572482332505,342.45000885052644,251.063722006481,27.21463350899062,325.5504517659376,0
イ,325.2896027288552,337.30724504674095,300.3190902588256,12.293494046813672,330.6558341683628,0
ヨ,261.81806930814025,296.2194417074596,212.09775733250032,28.081780803053675,267.59551378232607,0
オ,198.637840831156,208.3084562710095,191.49925693408744,5.349920441005653,198.58837510623988,0
