Mora,Mean,Max,Min,Std,Median,Accent
ア,178.77881936429458,188.95367399018104,164.83290760625147,9.016271431053571,181.25950931486082,0
マ,224.285993864991,263.8921852091774,185.61731253762474,20.18670806316072,229.41893825503087,1
ゾ,255.82419615433733,276.76059945852273,229.04976068974415,14.610290809697936,259.3804746558841,1
ン,253.21338432143114,257.6370718493199,247.8876777718687,2.9210045675900322,253.4055389684334,0
ガ,212.99934919934142,248.42562545554912,183.92999684814228,22.94563731407416,207.65534182494704,0
ワ,170.89300754833954,182.29214278955658,159.7624030436951,6.952834767295209,172.12570810838653,0
ワ,151.41495286344735,169.81580166699206,133.7818021915687,8.053220064269098,153.60041511265328,0
、,0.0,0,0,0.0,0.0,0
エ,191.5770036381394,207.29768618910973,164.5931678219325,10.988729738812209,191.83417331875143,1
ン,225.70011018987998,239.63052793145482,209.36169538640294,10.71146642880261,227.12978594510577,1
エ,233.93434928554876,240.89719060179158,221.89115386374084,7.245628661042229,237.42014545697916,1
ン,221.4139706520151,229.86581540796212,208.2625929924706,6.583892169453757,221.44985187157377,1
ト,209.48646416813068,229.04177006185978,142.40432276872912,17.677983903181104,214.27276953086533,0
、,0.0,0,0,0.0,0.0,1
キ,0,0,0,0,0,1
タ,268.23965731751474,292.36453152470835,257.70713664208387,12.11068478758914,261.35756616042096,0
ブ,246.75123123283961,278.0060039021669,235.0416772102015,12.886941716584333,240.14545679190726,0
ラ,282.18635388991413,299.0230482488679,254.05670414360253,14.380162431470145,286.9459631576339,0
ジ,243.3046265327997,303.2149163829053,196.86076944772825,34.851677511557874,223.85149495808764,0
ル,181.24922688295317,193.5379240189643,171.31548548396492,5.978299703315227,182.83277074047308,0
ヲ,159.2383514078435,169.39596921707118,155.7105889498931,3.982305206833151,157.67336730002552,1
ナ,148.49387148623663,157.32418273418435,140.3567367701436,4.827933475529134,149.19938709145652,0
ガ,179.33781793072032,198.93691886673466,155.41417518495456,14.532610864057832,180.3074034888598,0
レ,202.19844662482768,217.77485430543888,176.58546707176464,9.845169094122209,205.4149349598937,0
テ,186.4273435967022,217.3675569598176,165.56459025993337,15.917600417115892,184.4230457034681,0
