Mora,Mean,Max,Min,Std,Median,Accent
ア,181.2362515155283,188.65755843889394,160.36211175686512,8.161020080100007,183.23866817555108,0
シ,182.05398516552768,183.81031120566394,179.48696379674794,1.4284638009696529,181.93728761040632,1
ク,297.8771451275311,304.1849438084071,272.4569524035724,9.506141812811093,301.47794552545946,0
ビ,293.67702949535504,318.6364615953023,266.9211964745701,19.27868778424347,293.2856479419089,0
ノ,233.5318816840129,306.8799745741318,187.92759670482067,29.911297040447888,235.8549568678301,0
ネ,164.71046557806196,185.1707741584158,156.47581055002212,7.774311714100302,162.53189535563988,0
ン,164.00428279279737,167.2137751830061,162.02850865788386,1.5186670139918172,163.40763413369177,1
ザ,164.81600661368287,185.40685836188482,148.07301607138047,12.966889051142918,163.91388349315494,1
デ,161.04574022503408,185.0475113897442,134.1237897126367,13.144432335303705,162.5545107007074,1
、,0.0,0,0,0.0,0.0,1
カ,223.97733686559215,244.98611095897715,219.05482477781024,6.850833754053821,222.21183181880306,0
レ,230.07574167641212,241.6827452841557,205.53107786492797,7.9112006917450195,231.03733430110134,0
ワ,188.77596760038475,224.9296111300416,137.14096035587158,25.677837720552283,190.9182694376093,0
イ,0,0,0,0,0,1
ッ,0,0,0,0,0,1
カ,232.06960442354912,236.8149345193808,220.05442104566424,5.554481715666359,233.99792525190605,0
ゲ,273.26072130539654,302.20568379883827,237.7317906559256,23.31949604193998,279.26294697098035,0
ツ,237.03222011039128,273.41977947841076,205.89479263011208,23.11461726193542,232.49700473134928,0
ア,165.6221495236352,201.64864013600797,150.34829745164814,15.55247306833606,159.20099203551194,1
ル,156.57096847902372,180.49513035618696,131.53085539469882,13.793887677080125,150.78371806811268,1
ケ,206.66725633637418,249.06878995956143,173.22351065743808,30.308000647491166,183.52856931625647,0
ナ,212.01931644608337,229.83561162537504,172.5356571018501,16.675734158008964,219.32231840367137,0
カ,169.73064068125538,213.729888820406,152.47156965922912,15.490750551059019,164.86625370548023,0
ッ,141.06075116506963,152.49180316111935,127.91354583492098,8.810964284104267,142.207850918514,0
