Mora,Mean,Max,Min,Std,Median,Accent
コ,313.76465302859066,329.1212303365371,278.85265222423146,13.183413923683217,316.41393671060314,1
オ,327.76759441161914,342.14994250375275,282.9437146650395,19.45711653690751,335.4124223203812,0
カ,321.9265669744522,338.1855055873584,306.06090553418557,11.1195611830664,321.8972353998196,0
ナ,254.70597140491526,302.95565415816947,208.7919093203463,26.894207801004445,253.72258701616735,0
モ,183.77462640748243,204.39769712074795,168.6782224049653,11.577822375253396,183.11729478518703,0
ノ,169.35415369785846,177.6759558209596,162.34538193905408,3.178379366638956,169.9250896482767,0
モ,162.48801806479702,171.34235665587093,157.91348033626352,3.4402596142135042,162.39372849243637,0
ア,167.2781188725562,169.56896182283805,164.55661678676353,1.552707093985042,167.23002720486005,1
レ,171.38045707458826,186.71409962487186,163.39254511484611,4.439698573015962,171.1602800217423,0
バ,149.66597013999203,165.49762550302611,126.8538487071494,10.110032066580823,149.08053320404707,0
、,0.0,0,0,0.0,0.0,0
タ,193.64231197215057,208.78741277118854,165.28259124638595,10.350295337577856,195.65374441192216,1
イ,220.56776070774208,229.4758110983477,209.71391230336138,7.390228314726897,222.226729914069,1
ヘ,224.4806228578744,253.13724650818614,188.06189105308712,18.800558534920807,229.62050206660524,1
ン,232.41553936939658,233.43622215760885,229.18793362778,1.2660955649745893,233.05484276057223,0
ヤ,203.20942313359242,228.1760825424374,184.7941866546262,13.736721575529959,200.88494558733515,1
ス,216.71489938625726,286.33828428596155,156.2037167048279,45.6728451216226,193.32910512509005,0
イ,294.13747922566864,297.37641708292625,287.673148627128,2.6921924881201345,295.06141492433073,0
モ,254.39460084669184,303.9533774396854,204.70933049483253,32.93779905450061,252.97914951533795,0
ノ,187.1303096043549,202.8130620011863,167.72883928125398,10.252541843055344,188.76155421631938,0
モ,160.31961464024604,179.919564406918,149.46644935047507,8.32289414013365,159.98289400641173,1
ア,148.9501672563844,150.08941072247308,148.27811534242693,0.5644314699095507,148.83853838348637,0
