Mora,Mean,Max,Min,Std,Median,Accent
ボ,246.64596178930327,259.5989860640458,231.7748865133818,9.258000132279806,246.8982919327122,1
ク,289.8945620590113,337.4631545094478,266.0345531744347,33.63613110127837,266.1859784931515,0
ダ,256.9035181785939,279.12676593034996,230.1324006129923,15.4069014714311,257.5603975693246,0
ッ,196.83820551698818,202.77407950159457,185.66743948962014,7.904106702609214,202.07309755974978,0
タ,181.7854157902082,190.3278814759567,174.01960800570862,5.312912718238833,180.88423980368663,0
ラ,163.97740699005442,172.5607483875154,142.11947601113087,6.870472393564265,164.5240549765461,0
ナ,150.90124184011646,159.6529012862124,146.7123793442641,3.895715358971683,149.25349897821692,0
リ,153.23405673857212,164.29571855317263,139.0051781785993,7.796607237204483,155.01516926377576,1
ユ,207.36407754560142,236.35829576954447,166.76523978444132,22.857209563571338,213.00724611155402,1
キ,226.40520923661092,287.3861868044705,202.83192698116775,29.661282820989193,209.47668359601187,1
ヲ,263.3533277420989,266.07287314682907,259.23855753321027,2.1937345362527045,263.88533084829066,1
ミ,248.02880553523119,258.43047672207297,243.50801059232447,3.9611321886889495,246.52258252998965,0
マ,241.95522721248022,251.24421618793832,231.14263995918486,4.879718985831725,239.66379727878575,1
モ,263.271014169073,281.7335002880097,246.05959263983144,11.744587726374505,262.6765343946031,1
ル,269.39844634637353,293.070813937627,245.99146136368716,13.985362011133278,271.87917117518754,0
ダ,201.9405171416518,240.88844995883645,183.40357353640695,13.02142719508646,202.4447632810815,0
ロ,175.91828237423664,181.94216125425075,149.28060976168803,6.707356797182034,177.53822289302855,1
オ,173.24137653456242,174.9680068989899,172.00160742167935,0.6900347699534747,173.1538900213372,0
ケ,163.90332223006794,195.1210788040625,148.22902628486852,11.048794660627403,161.26948037027051,0
ド,155.27354535620407,192.80409984817516,127.67283233832133,12.996750968379692,151.4186539980541,0
