Mora,Mean,Max,Min,Std,Median,Accent
ヨ,260.4367649756044,317.6805832282107,210.96776824184317,37.55084000971897,251.6079770730332,1
イ,247.8309020654649,317.0147313743,215.7234482990438,33.20924536057375,230.1995224601667,0
イ,232.64881856915017,236.5959027672441,230.977884379183,1.7755467270905267,231.69981874108794,1
イ,232.78025148323334,234.73297555733592,229.0962978803139,1.9515417819319372,233.34028572614895,0
ス,207.515516062271,225.18275488556088,191.62234850269866,11.975639985411533,208.7325038075728,0
タ,211.4963354809051,238.3460360518866,199.01059979792794,10.849485815925123,208.8816181640039,0
ア,191.13979629985062,196.1860704331342,186.32821870424337,3.171278790706039,190.66812033077574,0
ヲ,170.9880859942013,185.23524384150716,156.9052339967798,8.83450049695852,171.3868761354729,0
ム,149.89614248132887,155.7953491438896,142.35547051447415,3.193399332224386,149.57457880177427,0
カ,199.2974262704227,226.8952112199649,143.06014055560766,28.68117856117387,210.53401667892845,1
エ,230.11992477024282,231.94363397746966,227.3945051961367,1.4519456648643252,230.22730386208573,1
ラ,229.54450834463688,231.96098118041908,221.12061582805265,2.865554453443047,230.51947043504777,0
レ,238.26852861619355,258.99524560769504,228.67317015323442,9.704078127733386,235.01680149064893,1
マ,251.48706389768256,264.43548185576856,233.00062645696917,6.049225985884127,250.23735790002885,1
ス,232.20496377967712,258.17402747562477,186.69898680627622,29.921659341116236,251.07649211976513,0
ヨ,166.4276468889278,185.21361834555307,148.98308094108722,8.333015023988379,167.83517195297094,1
オ,151.99060036965193,173.78288566550864,140.72287279140417,10.990608684207334,146.92963284317108,0
