Mora,Mean,Max,Min,Std,Median,Accent
ヨ,196.13032087168426,207.33473632819133,172.3937631801195,9.789585310298037,200.65835388629284,0
ホ,208.34604911494458,234.05127419636963,171.97592574849548,18.10488611355629,206.1746082854935,1
オ,207.12556076509298,217.70761198702496,202.78943153186108,4.10002998218291,205.73917113267544,1
ワ,195.41279557933285,202.20995892824106,172.1583920491694,6.631435524178976,196.69778492759227,1
、,0.0,0,0,0.0,0.0,1
サ,292.8799074925564,310.9719557411616,267.70560267113666,15.248329000191612,295.6847026893848,0
ラ,300.09704743793964,324.85769911381044,264.5137940254172,15.665099319548135,301.91357633324554,0
ニ,205.83064862298818,259.7657404339116,171.65834589627616,25.784906232819957,204.84264776290763,0
コ,183.01436937765206,218.73153135521207,154.20665652394058,21.792608176302856,184.12425442139562,1
オ,208.0927832075668,214.29154682087338,200.95237531564007,3.7680095749407876,209.3563333018139,1
セ,245.47753875078527,362.8533510736165,213.09540598741813,51.04186531567571,217.84180280622718,1
ツ,270.74457366860315,279.98752430613,265.5860226170649,6.550447959671905,266.66017408261445,1
ガ,260.8695946884598,272.5383605284982,256.7860797165821,3.299347089355329,260.39122380102503,1
ア,261.43758002785273,262.23769268039115,260.6121737447228,0.533953257833997,261.4260345891021,0
ル,252.50356696008694,269.32662031209696,231.20682669188625,13.312143286003154,256.58224742485004,0
ト,167.74831675878158,190.31774018357152,152.19523127778942,13.589717377677344,164.53098399751914,0
ツ,155.1725758127499,157.600673698831,152.04183144473123,1.8305075655911218,155.20493878207984,1
タ,177.7366964387954,206.85034239725238,166.1010592241418,12.410682793456878,173.0767553849328,1
エ,164.77670782756638,168.40800700971621,145.15142392318023,6.064894762160321,166.53161311764651,1
テ,171.19621631732034,214.08588691714883,153.712344758293,12.814598929432272,166.2969267115426,1
イ,163.36627684430485,165.2498432699114,162.33205537102253,0.8991318608676026,163.05364857984068,1
