Mora,Mean,Max,Min,Std,Median,Accent
シ,0,0,0,0,0,0
ツ,314.25750144102375,326.51943705277563,310.8470256618488,5.2023984889713,311.63112093047954,1
ノ,331.6548461229825,353.56271513814175,301.1641345439457,20.977668672600043,344.5337000610589,1
ヨ,351.2999752390709,363.3052898267014,341.2148349485742,8.074161317161105,351.19373870472646,1
イ,316.81644525917045,346.99317789707464,287.0007371598283,19.987125528436653,316.0141701400553,0
サ,240.02272973307754,277.42155891068893,147.66407802095205,30.715154157551343,245.38049865623665,1
ア,235.5248372477946,240.00036752384509,229.00969522350533,3.4905507330016654,236.071688064429,0
ビ,199.77581798522192,228.23077286931692,179.58113184230572,12.454271583199494,200.63082753908597,0
ス,192.45105139317351,207.39522592741986,165.93113553099812,12.921027936065803,195.4597865791684,0
ガ,172.90747771271447,187.9188295138643,159.8801630277511,8.625061101903988,171.87845111449823,0
モ,158.14085765930633,167.45634033461332,140.84786057800022,4.853551230851544,158.34576593662246,0
ト,176.68617498335482,220.84192927021363,154.25939980422515,23.676982575999812,165.84503972061032,1
メ,220.2431781867795,235.46619574127786,193.11297325416103,10.307178833728832,220.94867922633878,1
ラ,230.25631267307855,233.41348572401782,223.38761031924602,3.204770077099794,231.7970423126567,1
レ,237.80839910838458,255.6283369200463,217.71253754651534,11.97939837403518,235.2272527475726,0
テ,192.41464720938964,213.3936296326965,172.87988934305767,11.395038843421972,191.23125500039674,0
イ,161.49460635030434,174.18459633591652,154.43479576883598,4.126077500100523,160.2152769002602,0
ル,152.92595455301742,172.50819203862972,140.94096140157146,7.997979180143485,152.3643201772448,0
