Mora,Mean,Max,Min,Std,Median,Accent
ヤ,183.78855631023205,188.67389099718835,171.4165990053918,4.336166170208816,183.93899466989808,0
ク,265.5099660422025,298.6840461677579,151.40060011188967,52.3414255191192,289.9673263872252,1
ビョ,325.0714220448885,377.27673346537415,256.86214048735224,46.40303781977166,346.55254189354815,1
オ,366.4231247931701,373.2036856719033,357.1912772651908,5.524175020215266,367.2450742165366,1
ガ,304.56715442958983,353.3866728576511,256.41876461802747,26.131220126116695,307.70193597361265,0
ミ,224.00726235021548,251.76674833958043,196.71292922701878,14.258021495068402,223.09553188176403,0
ニ,179.9538909318482,197.68111232633433,160.92423486075805,12.663342772807187,183.2061640075736,0
ト,170.45284117125072,174.2159456009742,167.08031034474655,2.7714682940791535,170.2575543696411,0
リ,180.0703396803649,222.10906391451624,141.05673185076085,20.06526968337905,172.6775197462995,0
ツ,204.5384699952523,218.86963296783375,183.77729734187471,11.127919173826909,207.333585528399,1
カ,224.98507074631812,255.08628247037709,213.35977030628942,12.656519008870289,219.93304057466275,1
レ,207.8696308365672,216.8908411253465,197.4505963788436,5.259977266333888,207.4047695475032,1
ル,198.47280298713875,208.96457654689763,182.14364223199297,7.3200586214676395,199.00118910324883,1
