Mora,Mean,Max,Min,Std,Median,Accent
ス,0,0,0,0,0,0
コ,333.97267458339513,340.4563998008809,303.5375550225526,11.168645620916388,338.419687866004,1
シ,293.1530757006557,341.3303019136544,234.30737741646533,37.91665951857955,291.5671048298968,0
イ,205.41626037306332,232.1035648935074,166.7377541836138,17.612532694788353,207.9601975887735,0
ッ,173.49215140764284,189.1754644132153,144.53830723017487,15.361252968569774,177.87993703367644,1
テ,189.61680457365577,208.6508641338424,173.56952283468746,10.653185300538507,190.94270511321662,1
カ,164.81355772820027,182.8487560105001,136.32482892765734,13.23091702722828,168.40192031589538,1
ラ,153.85188663593206,163.45861560283288,135.5751925874053,8.330774328055726,156.65166929255076,0
、,0.0,0,0,0.0,0.0,0
ヤ,171.95562727227366,178.32188973490238,161.30720026129876,4.809678001506655,172.4676819199688,1
ッ,177.60863662145078,177.6540146350243,177.56325860787726,0.04537801357352578,177.60863662145078,1
ト,246.79246011965424,249.59082417963683,244.94820979237383,1.6110032882638399,246.00501126090623,0
サ,260.7375173817166,289.04735521669045,225.98009455579253,16.050004840623664,268.01667797599555,1
イ,271.1084974245489,274.4024776113913,264.6113703799407,2.8585180569588005,271.84918080061675,1
フ,263.41980537653933,284.04808366870094,237.24406056701577,16.675782757626557,263.37273801561224,1
ガ,277.9008591989724,282.9349232133909,272.4245287804583,3.845626706047899,277.78271116519477,1
ナ,282.7803855249172,293.81672305658003,269.13812506558304,7.9396873822306535,287.33136041248645,0
イ,297.2781584138324,299.08009139236333,295.32831175172487,1.3982587606146595,297.5247452886738,0
ノ,273.23422649835925,300.35882122460725,237.47135653527727,19.23440016764215,273.30763192888935,0
ニ,185.97639888832165,233.21800806902843,146.05782987224202,22.32994125126806,182.7944823203793,0
キ,146.16474197441048,172.92522995227188,134.3445411678112,14.058386538764521,138.53014219216325,1
ガ,174.46684669758483,185.89004176650326,168.99418947448422,3.875562460597811,174.95386708831543,1
ツ,188.8350579746358,210.47625943443558,178.28259765008883,9.395664076515013,188.17133940006502,0
イ,186.10515168433767,191.996923449173,170.97028697072977,6.196794708350427,189.72947533042108,0
