Mora,Mean,Max,Min,Std,Median,Accent
ブ,184.34838162256193,187.7477341832862,180.79300240905914,2.3839247912628667,184.19977065543074,0
ッ,153.15989171514673,177.9944148908752,133.78873094464393,15.82900433684175,152.1573118841344,1
チャ,247.75598821002384,283.7433578107954,237.67531157742084,12.153540047066953,243.180060445592,1
ケ,228.80373986905389,261.74043515354157,161.83393766008834,31.12835683994579,232.78374126408735,1
メ,213.24440265812282,251.40022497530043,185.86400100588043,19.323671769352902,213.19465077537293,1
グ,206.92427287499595,239.79175456835344,184.90719667328247,16.882153969381452,204.08566966507573,0
ン,259.4110753179492,269.22236376216495,243.96076593148257,7.575307375442402,260.09773953684595,1
デ,262.0758175606289,290.9344589793563,233.45066397582576,17.77970344426926,264.350755140004,1
ホ,263.77310290713893,292.0611406135902,238.7119072892525,14.006001999029854,266.427807884357,1
シ,259.23510897296035,278.18124847255547,225.32100688504823,12.462820275523619,262.31161960182556,1
イ,207.3687361897373,234.26044853894038,173.61837097276745,19.68143754242156,209.99402158042074,1
