Mora,Mean,Max,Min,Std,Median,Accent
サ,323.19097890781586,355.6464250917705,279.6063163553906,22.229914460689066,320.48760655106605,1
ン,356.74429829258,365.7356370734411,348.1951640219443,4.96491934134978,356.6198049045356,0
ジュ,283.568265420826,346.33990218751023,227.74737460805227,38.93563028114179,281.60283863016946,0
ウ,210.4024486582964,224.91578519501962,197.79758046186723,9.109633875955792,209.71395817338578,0
サ,205.73572838387773,229.50478601348362,170.9660592562835,16.03278816272383,210.66125311895357,0
ン,268.78352698492927,284.705853563722,234.8579869575498,16.122692038903534,275.3570928140256,0
ゲ,264.47811208990936,288.95852741694637,236.79229825097758,17.92081260470067,261.98146342856995,1
エ,278.7669912523268,290.5520664015231,221.51367389008198,13.860003844614665,280.060066766982,1
ト,211.36674290721297,248.92363280172404,186.85071733507803,19.873461409215476,205.76199197270316,0
エ,175.92005464132646,184.56925147001184,170.51094098520863,4.020653203716946,175.02702723532454,0
ワ,157.70298832816073,170.26259605146646,131.3944866561452,9.19090211919021,160.08119902902868,0
、,0.0,0,0,0.0,0.0,0
ド,216.8485591057134,283.2225327515084,185.50732601814065,32.80088830174122,200.60378811044995,1
オ,308.3552909411045,321.4668639468546,291.69331729424516,10.577874315738592,309.1387896242725,0
ヤ,281.99297133080717,331.8802515503314,207.45103343566566,45.06834452814658,295.01720881153676,0
ッ,199.63141563977874,203.21758227639387,197.8170844708057,2.5358620927719397,197.85958017213665,0
テ,179.48430994797073,189.74751269388935,172.33059070572196,6.052093321454905,178.92411622480347,0
イ,168.4841173676112,171.6582460128319,155.92674062452375,4.214831160439068,170.45087888334405,0
ケ,182.67901806788655,214.5473784451276,156.4052026296002,22.576718129772658,189.71670950436732,1
バ,164.58955107888474,187.14655589144266,148.03075873757965,11.015153226878883,159.6106755422442,0
イ,155.54965555724186,157.75294418110965,154.69907615685955,0.938109537013494,155.30827961306926,1
イ,161.56873462181323,164.53045903922765,156.12417110351365,2.371394110449947,162.11269672537895,0
デ,146.72639606712147,163.4663756614295,135.52210703370366,7.770665613991244,145.42979793805367,0
ス,147.53492815058232,151.9658922168252,140.36098866289996,4.13266039118328,148.98042393125016,0
カ,181.77101573596323,232.58912042269242,161.63506902997898,24.293656743158998,168.30236378567068,0
