Mora,Mean,Max,Min,Std,Median,Accent
ケ,282.52249491949556,290.6689439882259,266.60978656665515,6.2525522222467576,282.9646904737037,0
エ,293.95352611795414,309.94131162834924,248.21553403890363,15.49867184180228,296.33953360796374,1
キ,296.8014149771218,333.7728453613218,250.45570152016342,36.73472257524267,323.6808923608867,1
ショ,301.12580148908296,326.69948207505547,239.60854752619167,26.4442267154799,312.56420841583457,1
ク,291.66400759066795,334.7122076274156,222.24247413662317,41.5967857374763,320.2015350024694,1
ニ,279.90663450370164,318.39526538836765,227.42761031513635,28.13488587146207,290.96675810926786,0
ン,199.7454637268777,223.92259750220745,181.50321278937184,12.520248812875812,197.86707041178545,0
ワ,162.66472849833656,179.53419596601825,120.72733313180736,13.540934654260981,162.53712113951983,0
、,0.0,0,0,0.0,0.0,0
チ,237.8422721537359,244.94027313219758,213.49602668189308,8.881170752165865,240.80411482243457,0
イ,267.41141242336266,289.85768245362107,246.38150013814246,14.871359001561387,266.29650875122707,1
サ,310.4285750822398,352.65719667212807,215.59957162499308,45.5014909101612,343.0828244367451,1
イ,354.8128441913078,357.00789056387896,350.38454172580873,1.9975686495235294,355.04886434800613,1
コ,285.70373879626834,345.2274487526922,250.13032617166047,32.72864055824896,269.19855942702,0
ロ,213.41383579966134,252.81739499222422,179.12484708586416,17.617111352656966,211.24162038506063,0
カ,189.856245191081,205.84406228316078,183.17392095830425,7.2650490632140166,186.2979566968333,0
ラ,175.99516296432103,189.2619355637837,165.44183996608365,5.372346646454201,174.3182817382007,0
ノ,165.96304468544784,173.32506565166824,154.8831944828332,5.108979897419485,167.38514248769184,0
ユ,154.07289409131948,156.83894461223605,150.8584734133637,1.7185532089376436,154.34003289874767,0
メ,181.2881476615092,210.58979962378052,152.21787670120548,16.783390815653043,181.79044322130483,1
デ,209.95187700843877,235.49743072375117,186.13611644585436,12.464464187236862,206.76493433030294,0
シ,187.3499473358118,202.09330016698502,167.07044780225144,12.861658857130418,192.12248916970358,0
タ,147.15411463773336,193.6175011097002,123.13033569190016,19.260366231712634,137.9659864750856,0
