Mora,Mean,Max,Min,Std,Median,Accent
ヨ,188.02988540820428,201.83864138464435,184.10457369197107,4.707680651000694,186.48447152489587,0
ゴ,214.00523859185193,271.16253112218027,181.95316592676926,28.27069375664842,205.42192374866536,1
シ,266.73585378542407,277.06577901368087,247.36683361817873,10.189512153289728,271.3679492088816,1
サ,325.60928461942837,329.84182718317635,319.48598352192187,2.7286410089346247,325.75797505345463,1
エ,310.3711703153191,317.0765149628969,302.10650526831154,5.174289726814585,310.90015178085383,0
シ,263.2657681007123,295.3861892653969,215.89113674843043,25.496237525871106,266.7313852291242,0
ナ,216.85310487724814,228.5127609173718,196.69337025905259,9.071114284510726,218.47683308261284,1
ケ,215.54034498722595,233.06935844428654,189.34724419527498,14.288170686834688,213.034002398858,0
レ,185.1117072525929,202.03056267254848,177.28593014169684,7.467489797948642,182.05745500360752,0
バ,152.70580482798692,175.8796228223698,129.64432226435656,11.070423598955562,151.81929007858506,0
、,0.0,0,0,0.0,0.0,1
ホ,232.59080591999782,259.01203820021306,211.07039527028263,13.98954199254497,229.51424140364352,0
ン,281.4914038592768,288.1195189269772,264.3019039944269,7.332727364447086,284.49118620967624,0
ヲ,216.99960167300875,281.21737152230907,165.9867455453204,38.16368457263328,208.97065750008474,0
イ,170.75119483183016,189.96857823317498,163.6239063907647,8.001830275196234,167.15778765303054,1
エ,215.69704633640617,239.00606769468007,194.25173244460643,14.566535330328822,214.5338126932378,0
ニ,250.8274717283458,262.91187457394807,223.41341481009144,10.46290621958499,253.28396037986795,0
モ,167.81412604584816,218.0278652415533,152.93355242279966,16.46632565012113,160.44405387595114,1
ッ,157.40582485228865,158.68097489037868,156.1306748141986,1.2751500380900325,157.40582485228865,1
テ,0,0,0,0,0,1
カ,266.362657021243,293.43206800242564,226.3167937993256,17.2058752849649,270.67273459152455,0
エ,271.57649426308996,277.822447414525,234.21465934830113,11.921151763555745,276.0402027839118,0
ッ,244.23947893684948,256.6501385770141,222.9446068456634,10.249356508533124,246.6560886400352,0
テ,202.1991136161082,202.1991136161082,202.1991136161082,0.0,202.1991136161082,0
モ,168.65020684519797,209.4072282740697,149.69651582370471,15.751843260799683,165.43533805234784,1
ヨ,158.43068416250787,171.58900563408918,146.4320977126005,9.901878314252318,157.95753910215348,0
