Mora,Mean,Max,Min,Std,Median,Accent
キャ,303.65661391733687,335.51821265886525,198.41073413422603,37.785835580351545,314.3263403289317,0
ン,346.8529069212808,355.81123440773575,339.5012928374062,5.284527334976575,347.50538187551876,1
セ,322.3307692741091,348.5760207606944,271.8005315902582,19.42043569156778,329.4027618558383,0
ル,263.42732588851806,294.2060491403642,247.9713883758703,15.807857091961779,255.92868090015736,0
ガ,219.10512124224135,243.1969948695916,192.40114210916147,15.82213375284433,222.5890667036309,0
ハ,191.57594810616934,201.02735369677842,181.384294821445,5.09720040815606,190.54847327666528,0
イ,179.9939452805475,187.17896388314045,164.48572865121608,6.663149096749985,182.28218134826233,1
ッ,182.34102456384505,190.12078502231088,175.9981644006343,5.076893532961521,181.62257441621756,0
テ,167.62502055904875,192.94683252978095,145.77766628528494,15.069661221590865,162.35350629239616,0
、,0.0,0,0,0.0,0.0,0
ト,189.12412638005807,201.18754193405047,180.78093679733135,6.995546236255167,188.2484028257392,0
ツ,181.69285540479154,200.4034670507251,155.4159357611129,13.20611160261682,187.97386442566864,1
ゼ,193.58857543692142,212.26138043711143,162.5653232143167,12.83980245325435,191.40746691225826,1
ン,188.26143405959425,197.63934397074544,166.17666288171682,8.274140438858055,190.72442599247546,1
、,0.0,0,0,0.0,0.0,0
ア,155.38375875716685,168.8799761543916,117.79471954446531,14.862465610115713,161.3557730307246,1
シ,155.0697676068759,163.14391057925383,147.3328543971939,5.093207920268599,154.10622613046567,1
タ,253.6783594457765,265.9056470594146,248.39430570587115,5.306618741228752,251.96997894562082,1
ノ,276.5570064973751,291.23383962739734,256.07223428236017,11.159059568679327,278.78279087253827,0
ヨ,270.31700199069877,285.9270686374857,249.3981184105585,10.416994913158893,273.07736531347757,1
テ,257.01738121333915,317.7417970467448,217.21700198435445,26.612712721538472,260.84107841787517,1
エ,246.29232892166553,256.7897049009369,243.93188229199905,3.1635747575337385,245.3599761631113,1
ガ,241.63669361462306,246.61675881573302,226.22881401472307,5.628660332287495,244.56529007213152,0
ア,204.3497716165255,223.13386715222566,198.4303617076323,6.981391792148567,201.592997632527,1
イ,203.34978154924772,216.4196292930225,191.80907638656913,6.556301563300169,203.43642523493313,1
