Mora,Mean,Max,Min,Std,Median,Accent
サ,211.1479059691877,221.23420905390557,202.95807262085427,5.796981090184034,209.39091326116173,0
イ,196.06993679900128,202.92270572572568,173.47657384077968,9.082858188736658,200.66618098647095,1
キ,190.52122152276806,213.44006272026397,174.27787469463513,8.628392353373053,192.76829274214163,1
ン,193.47328352884682,222.16478508957127,176.31382216808248,10.562353647815847,195.72652450055926,1
、,0.0,0,0,0.0,0.0,0
タ,190.69912659187065,203.77609886375845,183.7700031087012,6.840430044744186,187.94314438876194,1
ス,271.58824900032397,359.47534961035717,167.96206841223773,78.05887278609005,316.2873818693721,0
ウ,358.4920196763223,361.49707589953124,350.67284728128556,3.4432190430948615,360.2263215866558,0
ノ,276.5481811225178,346.44099948283304,212.49642458258137,38.57985152394236,273.419891218099,0
グ,192.7448134795931,206.45891381759733,180.17046365814346,9.315086995694898,191.22185423508938,1
ル,193.8902493081895,203.05430621823663,182.50998872519713,7.261003495225531,198.24264743813418,0
ウ,191.8187656338276,197.83942805372146,174.66747340923527,5.431199463864461,193.46605339942423,0
プ,172.71888012588937,209.08832584737593,163.2439993800923,12.636498629278497,170.38764839113725,0
ガ,157.52908782015137,168.00637790070223,154.29569795176155,3.077311792410048,156.79987018272857,0
ジョ,156.0058849019297,188.0159144040486,136.10011466217205,11.494620016934986,155.7689405819023,0
ゲ,177.76903763706008,222.33763473739788,148.01086296897972,23.757252834020033,174.88429538677156,1
ン,234.22598156920319,239.95441494582562,225.40417125389746,4.8871940677862975,235.12404725790807,1
ヲ,242.20228528964063,248.4343865744055,239.72329735278953,2.3496143028426553,241.43819386078275,1
シ,233.916151481916,252.5123566215637,194.04876939237678,18.926092653794857,239.76813422158233,0
テ,252.36544793458188,263.5634403192537,239.2986281318707,7.603976038419296,251.32218807223916,1
キ,219.53723907662163,231.28843543695345,211.68434764249005,7.18283601264015,216.8591064061485,1
タ,158.3629252961928,195.56040005342376,139.5654792240089,13.564209361280902,154.0494414094819,0
