Mora,Mean,Max,Min,Std,Median,Accent
テ,256.64845622977936,293.76752227664736,225.70188753390067,19.716043529531223,253.13097853855984,0
ン,296.5206556170431,298.30873795301414,294.7100256609937,1.2248332680008276,296.76693611813323,1
セ,301.2546554400082,320.5079379448216,257.3116561942288,14.105987883229718,304.1199295485351,1
エ,305.7295924165866,307.80931594524014,303.54111041413273,1.4212418097521675,305.56749144129833,1
シ,293.59347814184844,303.5492136009748,266.8342282086099,12.192392544825175,299.6673521638331,1
タ,297.7806836303061,342.3848788385565,256.82023166651686,20.74583324831577,297.67132487213996,1
キャ,256.1164368444795,286.5078086063937,168.9871571527431,40.27120720675657,281.1301008764291,1
ラ,281.9847113561077,304.8381343932891,264.64200017372497,12.386653741249358,281.2425088178831,0
ク,237.76416036707948,278.6230870480329,193.6188956502649,33.159220150149594,239.4073293850101,1
タ,238.74299297940442,271.8665049319643,215.4257829666541,18.890651715909968,234.79288976947646,0
ア,197.587159552883,212.81121729076176,183.4968578071591,8.33594323124132,196.96350590629925,0
ガ,159.11941045748554,181.33762331380254,142.53669864850423,12.85563289919301,159.43405986559367,0
マ,187.573971000966,288.8577615882254,134.25775395774176,45.58856776138927,173.9978934704084,0
ズ,250.7049720717423,307.5981411019218,201.13192987751094,28.05295925332193,240.97633881800044,1
ツ,185.1326612977883,196.76484801250191,177.79190629678814,6.327277740736717,184.3298121491386,0
ク,192.95034200975815,199.8202212066021,186.60324839889444,5.299769712628456,195.16011153852085,1
ショ,173.63231485162365,215.97193816551996,144.08970217536535,15.548609460180664,172.54028858347223,0
ク,155.0755391925084,207.49316785940132,106.92752256112205,16.615649312275405,157.63647831950829,0
