Mora,Mean,Max,Min,Std,Median,Accent
ラ,212.85003119727736,248.11009949767646,186.26432501795966,17.932773543459945,208.7552659430753,0
イ,276.621814163812,292.66915520462084,253.7029056170566,14.08793713116953,281.7407771931808,1
ヒ,295.2197204831393,320.0344119859268,253.31435463146423,20.483273747359327,303.3591008480118,1
ン,302.12889637243313,302.78080273141416,301.5797152093324,0.3585915115334695,302.1100871537378,1
ニ,294.29307511434337,301.80367707197394,287.2617343316412,4.976439295210057,294.07396276164843,1
ヨ,287.156570651634,289.9306473904644,276.1853942394966,2.590700001947168,287.3167778836771,1
ッ,236.575781357214,245.62042385270317,219.10851509690065,9.423669214004033,240.31977225731106,1
テ,287.62806271842646,301.38051081471895,280.2475727915837,9.733161718487,281.2561045489768,1
ワ,214.08739113054762,274.6987844312295,151.99827727778873,37.5538020423934,213.2669741016059,0
、,0.0,0,0,0.0,0.0,0
フ,195.8900822667422,202.6365240893719,190.0581748679252,4.629658018294783,195.939374468578,1
リ,229.80513697708116,280.091531278788,192.94431034578017,32.04991995046197,216.82020722617176,1
イ,304.4112940978422,316.5660681832045,284.3849837321068,10.604517869806571,307.4900941447155,1
ス,288.1172802849193,315.1035399259135,265.9397759023369,17.738017276017857,285.4273303717513,1
ロ,312.2496708295303,326.217534705226,270.66976264581376,18.924641728034935,324.8009652223035,0
オ,319.56237841044293,321.72069554725397,315.9084141146371,2.069719049063181,320.0848522305056,0
ヲ,260.9182187698386,312.2559914156634,205.37325821619427,35.064704882469265,261.0895524403743,0
ナ,164.78776600073016,199.13314152943926,151.70636904140346,14.327832249450783,160.30509478113834,1
ゲ,202.16880182684963,276.60873556504987,151.97231925888082,40.89947769881632,191.9681374482288,0
ル,268.57760738632595,290.0914417419273,248.10288973715276,16.471314503369538,278.74241054173626,0
バ,207.08534976536365,274.2164291818819,173.87170228578242,30.073350614259066,195.97049663873773,1
ア,165.93558912376923,171.60354895884748,163.29656868538197,2.0114477974894758,165.0218155339355,1
イ,169.97954273381254,171.5077322901262,168.4985982926291,0.9749026525050035,169.91635454051496,1
モ,173.79012490797518,189.7987097046805,165.46815298603025,3.7424619664514696,173.8035710929505,1
ア,167.94305683516814,171.09392335077675,165.01728855210015,2.0725742264957976,167.88582843673532,0
