Mora,Mean,Max,Min,Std,Median,Accent
ヤ,265.86932339810136,312.00993925171815,233.69758936877562,25.709035789987595,256.1304614501396,1
ド,318.678466704526,349.31975489991373,269.90615376603785,23.576735542691033,322.7796925130039,0
ノ,262.38729101394557,307.46749063586066,227.0514555402554,21.78849632254113,264.75087709462366,0
シュ,217.1689252294015,232.38819995544523,177.3584387918207,14.202461555997296,222.5775642150812,0
ジ,190.16459043614293,205.26014082753844,182.61805032138446,5.494597689318693,189.61567558295152,1
ン,184.54989446243323,186.9087937443531,182.42920084822893,1.6138180763868757,184.44214552827182,0
ワ,161.58940242714107,181.02787013688655,136.0872359824164,11.651626649076272,162.6728034121195,0
、,0.0,0,0,0.0,0.0,0
メ,176.2063305748863,181.9046717849506,168.30363232473402,4.621797337571876,176.79989186282393,0
シ,221.19932867966617,299.0509786676528,170.99746611498733,55.626376866309165,180.12747118983535,1
ツ,257.71081892570305,288.2770583904293,197.19508966486,28.76025598223328,268.7889489794248,1
カ,312.00831140232583,347.5477869765073,290.78108999814884,18.228785935768965,307.05662469226576,0
イ,278.9500571823592,288.8387444269606,267.8272822740119,5.561646089420585,278.61011453946315,0
タ,211.04672480459473,229.91996184346954,199.4804515354217,11.40404042451746,207.39324291974384,0
チ,181.87638329660365,198.91354946136659,128.2643053359102,16.626088853046976,189.602525139944,0
ニ,163.00426662968508,170.01838021888014,148.2800296037317,5.308123659333415,163.4634762427982,0
ガ,153.87722365809898,176.55326953274871,135.49540075211485,10.15418585717557,155.26402819341413,0
ナ,165.76969325537394,181.6733625522369,148.35670599550969,7.973391949707287,167.7430121672773,1
リ,215.97537235948852,238.5901691110754,175.88911434493966,22.99244380529581,226.98460325250159,1
タ,239.99030529329627,247.7909243012339,207.69960578677353,12.716113239541329,245.30748596423695,1
テ,218.98808811131133,244.85304569799368,201.1081344310767,13.486758892300932,214.74308430848953,0
タ,162.3017843392611,188.40060588827885,134.23252905691757,15.253812833136221,161.88690407602633,0
