Mora,Mean,Max,Min,Std,Median,Accent
ウ,201.12988550441997,285.35128069090354,151.1557151751925,33.49538839327026,186.61171089877118,0
エ,359.1235296281526,388.0601969892669,301.80274483295824,28.8200972630479,372.5743134867654,1
ス,394.45285280094566,394.45285280094566,394.45285280094566,0.0,394.45285280094566,0
ト,264.00397873932394,270.8976547762831,253.79428292915932,6.164252582116058,263.3330383718973,0
フ,209.49650816588291,245.0989320965438,187.79844630614247,16.99688019210271,204.25757222646848,0
ジ,182.3872317783438,205.25150554067582,167.67676788038366,10.674923468327869,180.80487785224278,1
ン,169.57852629349816,177.2677016362095,163.0917112800297,4.5689565917308395,169.53308985814937,1
ワ,156.86274941241723,167.12552655942088,139.918176013872,5.319539866313486,157.93833837202573,1
、,0.0,0,0,0.0,0.0,0
チョ,213.30975059958232,218.24874098621044,208.5159839610077,2.8591658780030658,213.22239349001973,0
オ,222.33008881661272,236.4418305144624,212.95503405660708,8.475757909908571,220.4908920090154,1
ショ,250.45575049761126,260.65091786689703,239.31379653142105,7.256006614298879,250.91026265212759,1
ク,271.42821509168766,273.7926580425749,269.06377214080044,2.3644429508872236,271.42821509168766,1
ノ,275.1180712307025,289.904437320614,262.0418695765852,5.194542026240322,273.8806464901818,1
ヨ,285.60616918343476,301.75685234309617,267.2152301660431,13.335738328288077,290.1262197290263,1
オ,279.54593130851464,296.30940239912104,256.0250821445601,11.631237500763923,282.0933474180937,1
イ,232.034982661752,250.30853086236064,211.67414165589122,12.502782568173258,232.8312174970089,0
デ,170.51616732400043,206.33442567165548,149.33119379499217,15.474582400565364,167.32544510971604,0
イ,148.2067610229103,162.3280141026738,141.8117094260532,5.788378230581206,146.40777742512915,0
ソ,151.18476219103934,183.8904531992885,108.7532752662174,25.07117898253515,152.52515094736614,0
ガ,192.4980645437245,197.66504491653248,176.18155484638476,5.469297302133248,194.06240652638255,1
シ,200.91809193606667,220.09755580714406,187.48200828204924,7.032902401654478,200.19554496076276,1
イ,154.94664532102385,183.04844120155127,130.30893726360299,18.358226703766697,156.05360571357215,1
