Mora,Mean,Max,Min,Std,Median,Accent
ロ,231.8628165027155,283.7657912300448,192.38982917873793,26.570548777793555,222.92267417522655,1
オ,292.0895691293129,295.8552626328053,287.0481578297914,2.987920795287421,292.5582425521151,0
バ,257.87054809471556,296.1626108660326,227.5253464972741,21.34469367014687,250.0107494780074,0
ワ,190.26958476165865,223.74753164285863,166.7838105772541,16.830430833520893,188.72771373269103,0
ホ,165.63951779089908,172.38083483000142,145.8471687341853,6.513266305632639,168.19065646752443,0
ッ,144.38890606655877,144.38890606655877,144.38890606655877,0.0,144.38890606655877,1
ト,273.905010660276,287.10657592721117,252.23009124884288,8.986679539952318,273.0503395910169,1
イ,286.55245317294856,298.46133131921664,260.74501079552624,12.354557767350594,292.12380462528654,1
キ,261.81173496107664,336.93617493660105,231.01907142284452,34.90626135090993,253.18033200033886,0
ヲ,265.75549564680233,332.8827187868329,213.90540572915995,36.81308091111099,264.9888817250967,0
ツ,193.3272308877548,213.03541798999498,171.03175017152807,13.198470639616588,190.30131245089854,1
イ,174.65697481844572,187.77979942034528,155.56777359350258,10.237751042941253,177.74997364419676,0
テ,146.53196681363437,168.19120741199046,114.68574551189916,9.364571481766998,147.6978913176008,0
、,0.0,0,0,0.0,0.0,0
ニ,173.89798773701136,182.2262969770315,167.26554184355433,4.24959458367469,173.991505513679,1
ッ,162.25581053776796,167.96527729806647,154.16819656484338,4.950874281625288,164.2266870617132,1
コ,193.8986095210096,241.0427771226211,155.69611377506766,25.57701402563115,198.21035253383016,0
リ,217.80761050275842,236.67433385192064,199.08660310933624,14.634766744910399,209.8509407004256,0
ワ,201.49523482326828,235.78895993687547,171.5148167846669,21.96821974369861,200.94622618780835,1
ラ,167.6147982576292,171.43116235019164,161.84774369331723,2.2833577294158367,168.1461523574065,1
ッ,160.75826634836184,166.12055377891994,154.74688996909438,4.665907876089882,161.40735529707123,1
