Mora,Mean,Max,Min,Std,Median,Accent
コ,228.42690616879656,242.23525407524332,201.43325388030962,13.530562175995968,235.3194857754755,0
ク,243.38787656594664,293.3930667057428,187.5468237573397,47.82975440591427,276.41257812881156,1
ナ,317.51224792723843,331.43380089211735,290.27558104318507,14.22711756469897,327.6334667520373,1
イ,338.79039826375424,346.1713806791679,331.2301058623816,5.008138485003592,338.93590206672945,1
シ,310.245978032935,336.38916971024423,268.968761465439,20.710456275794208,316.1312041819987,1
ジョ,299.36019858757027,342.23698063897945,273.13645560261494,20.446534797509223,298.0350098742383,0
オ,252.32109810951448,292.967636063006,225.1427312767039,21.619807253416358,246.76385340535347,0
ノ,194.1194919031292,221.97345993024138,166.55200760570727,18.340381699562954,195.2342793973432,0
キョ,171.25037459737678,200.16308670895566,130.64577468146047,15.993948339846073,178.84008041414182,0
オ,189.55305952077342,200.4834800086326,180.09949116008278,6.80524108019786,189.3528322790902,0
ソ,202.935062204249,232.5840642649156,192.03142398721315,9.938301311716543,200.77224060318287,0
オ,191.34294748341858,191.9172924691335,190.25971331497044,0.4945907021684637,191.53044290022575,1
ワ,181.57469106540248,191.07255407391833,165.47908059959587,6.252446345967555,181.14436957468695,1
、,0.0,0,0,0.0,0.0,1
ス,214.7457672747298,218.10290859364625,211.05808980081835,2.8855165416570165,215.0763034297247,1
サ,219.38930893457777,257.745317553291,170.82129041849973,30.64136014484747,217.4862414189983,0
マ,271.61743657903884,302.09662976713986,233.0758116383665,18.270051402778027,262.5310996328608,1
ジ,280.59480068175617,319.9894693171457,238.74286976287107,28.707592145104353,282.5716917747575,1
イ,308.7636959214025,315.4562643853819,301.6927288623697,4.70322517878467,309.3466952760848,1
モ,211.7523310833066,297.09967445419113,166.33279751440165,43.887640439643874,197.80263820966567,0
ノ,178.9301031521529,187.42004663866015,169.17855577734483,4.562429087090142,180.30309180886053,0
デ,160.04299364846008,178.10007116891114,144.60479530483843,10.608311327421356,158.9197235103362,1
ス,154.34839416082295,158.52616468657538,149.41033353701113,2.922130837020583,154.32541956110737,0
