Mora,Mean,Max,Min,Std,Median,Accent
キ,250.14367742524024,275.81768371770505,230.17704653640536,11.55541115658224,247.69773189791607,0
ッ,216.74621308706386,223.7699224241348,211.93195146518414,3.583062366437713,216.40896157970724,1
プ,320.46182510447017,330.27610090544306,313.57232754881704,6.20513986720333,318.9994359818103,1
ウ,342.8113284029237,358.25534327629424,325.0375737571322,10.909751728577456,344.8716350820122,1
リ,355.3245012029475,371.62427004936865,327.51052717703607,12.101655412141653,356.8662470256531,0
バ,276.66538238044086,356.42957487887077,233.09856715708298,40.00429620250923,262.04421985509504,0
デ,188.87425278561878,228.93259320952805,162.3285513072807,19.1073832406938,182.0979024074141,0
カ,172.39331530968985,190.09523299154114,145.1588259619569,14.24720398329936,177.74678357217587,0
ワ,188.48464232354755,207.39998532356958,177.69755871670998,9.22743621095344,186.87383229244526,1
ナ,232.65980839928375,251.61979685835797,209.05761602742905,14.4168118824268,238.49089912671099,1
ケ,245.3615204394014,268.4056260016968,206.11720708874833,17.11816054364194,252.50223480527376,0
レ,218.3696140088088,235.5882609122356,203.3948408021717,10.029141644714425,218.80997139058618,0
バ,182.8216049363256,213.27599544808191,166.52225464808447,14.84490032548714,175.18189994526335,0
ナ,153.0986974782858,165.46156730817816,144.42920818150253,6.6877950848528265,152.95491493939693,0
リ,153.3780354740302,161.97580024970694,138.996829062237,6.07578012256535,155.11381988874842,1
マ,165.5811578695905,175.92510444299577,157.29141125721355,4.591524980962475,166.25452161098016,1
セ,181.57879257819155,204.70424842637212,167.06078010689288,13.770502805237657,173.2141409615663,1
ン,162.47117384098607,190.67604902790538,144.87384715937955,13.025364003902643,162.72501198959128,0
