Mora,Mean,Max,Min,Std,Median,Accent
ゼ,251.57633399494787,281.11308867266126,234.8744672449423,14.83637180414611,246.73981790842663,0
ン,287.96611407389037,298.95165382263644,257.97261613052297,9.842547709595589,291.144742294529,1
ポ,297.06040064018345,360.26575290082604,230.50205583788122,41.659234151884384,325.3004793836392,1
オ,319.8759018131795,326.2515148591487,310.5673425105839,5.387452954299147,322.2139115431513,1
ニ,299.79809999815063,312.58149247409244,276.31029881725203,9.978051047488261,304.8456759651855,1
ア,292.5459260385918,304.17002530804234,267.9624604069631,9.97654252983713,296.7275239039328,1
ル,189.26814854231569,263.4303985473362,135.7432569419369,37.653262071369504,183.4405010695593,0
、,0.0,0,0,0.0,0.0,0
ア,145.9492837305568,165.35844770574525,122.55602457407507,15.47473178492284,149.84752919437946,1
ノ,193.03978746301325,203.79595328442352,172.7037611183652,8.13827214447447,196.80285913504304,1
サ,249.95031276236554,303.5527252653366,194.79377426451393,40.8726535825403,259.32682018319804,0
イ,309.493882953526,312.176000440504,303.6782684412832,2.639326160974495,310.5082079374381,0
ン,273.1788206332802,297.52398535641134,241.11507233859263,17.858744627821046,274.8695141813012,0
ガ,195.21728154689637,234.10827189506423,170.17826099024072,19.996329404638566,192.28931739209594,0
ヨ,158.4097807151309,167.4294647567684,154.5160774075727,3.196058277522483,157.61969741037234,1
メ,164.66134817027725,182.45499519460128,153.74189500855147,8.63613983709242,165.5788764188802,1
マ,210.78789390255972,242.83565963444715,176.71929015241446,20.967084403571278,217.36283280603408,0
ス,247.014335545047,257.34977086037287,238.00312467128813,7.246952987629062,246.7236218532591,0
カ,183.00164626867405,236.7851063170132,159.50465046139803,25.083085146326752,172.6567684027691,0
