Mora,Mean,Max,Min,Std,Median,Accent
コ,210.71605106512075,222.9245148371939,204.2881537023701,6.490118592913456,208.42356545761925,0
ノ,229.6631398169145,261.07580480596545,202.14050581903783,18.746712318036195,227.90646603534992,1
ヨ,293.21434009548085,306.42477547544706,264.32610035412426,12.899376227589611,298.0506578001371,0
オ,305.2571198615895,306.42738241487626,304.1321979006507,0.7000151560787469,305.0857734773864,1
ス,288.8225527643197,317.0714655037311,247.32988736124477,18.867084191472514,295.34224080737863,1
ヲ,290.0621049391546,298.14977712178927,284.0759187030858,4.507706978463421,289.37004063600773,1
ミ,273.8329970585159,297.888680324862,232.77690710184712,12.462910203950736,274.86116801947475,1
テ,188.86847254099155,236.8671192131208,162.07054332182608,23.93477225364383,181.7488132946788,0
ツ,172.83532681880067,210.30937549022067,133.74401926804927,22.6439517649318,179.58798958375127,0
ル,190.59536257803381,207.0746356340771,166.78772911610767,13.696142461509774,193.83636147257786,1
ギ,205.77097061010303,215.1843291967203,195.50974320876242,5.178885064560994,207.51883804775912,1
ワ,191.8516935051651,207.21443121828617,172.952735181652,8.716865965135634,193.1146168482379,1
、,0.0,0,0,0.0,0.0,0
ヨ,159.64020088804205,175.1023669101892,136.83110098060217,13.23326064503089,162.92789924414177,1
ツ,214.23570116821685,268.51516942099875,170.21960453262128,40.17253833522358,211.44700206054617,1
ユ,292.43859799591337,306.36362332144046,226.246788780575,17.814925881733977,300.3502263246805,1
ト,294.1099997362868,338.205482840912,253.95088765310774,28.929877374047567,305.74969508003176,0
ノ,246.50116992181904,296.3093630646529,182.32303193256723,35.43669072653136,251.5604824250414,0
ト,166.97685563811763,180.99579683072946,105.70918288927207,21.355894630954054,174.6967256682267,1
リ,190.3757785818298,211.51249868664326,157.54339635092066,15.556242929000016,191.45782901235413,0
ヒ,190.85617513816211,208.32248774166064,173.20511938717223,13.211360035426956,190.34183047833295,0
キ,238.33734588282624,254.2535205288132,227.0807281897446,9.572687145157513,235.5215765610315,0
ニ,189.6737858233908,223.01391596947815,159.90516489342326,19.167893001609496,187.87073132512208,0
ノ,146.7208565720676,158.11636569450567,136.51058373715676,4.875901470482556,146.0814783141993,1
ッ,125.72198902386474,129.74892528565078,122.1485414975955,3.1193693226210404,125.26850028834791,1
