Mora,Mean,Max,Min,Std,Median,Accent
キ,258.8058953750405,262.1593141579897,255.76967339052828,2.618184821717155,258.48869857660367,0
ノ,253.01620963556934,280.999186079866,223.68142534672012,14.247091048912065,252.47885258503516,1
ヨ,313.94546413276527,326.56282699112967,283.9877988165792,12.979884597283187,319.4327168853172,1
ワ,325.00108266634925,341.2267099976385,311.2180205322808,9.116410219909232,325.50990389886226,1
イ,288.9281519963928,308.8824982416588,263.9451852456747,15.26716556737554,290.42971383811613,0
オ,171.456548810902,255.4619463768456,126.70046889137323,35.55803922360888,165.86214105345047,0
ト,178.73327099085466,212.91995367390643,152.0107136406025,18.43419048299019,181.00468071932383,1
コ,179.20979064278177,209.52576932377676,157.6232204901886,14.605409856824293,179.3896069601758,1
ガ,145.50413671137582,182.43643883435945,85.20751657791811,26.35080851368771,149.329649459898,0
、,0.0,0,0,0.0,0.0,1
ビ,187.75641193518973,232.2100433899505,163.8095746004178,25.12941835551242,172.91982178304983,0
ジョ,277.36520118471395,350.1821884623837,234.5210551642914,40.06341839588685,262.9486625444739,0
ヲ,174.77791151441042,239.15142776148346,106.42208335141233,41.02434240613207,179.84397990113038,0
エ,182.7236655589557,216.64459818240897,109.24238385373003,29.706679974553996,188.75365242883402,1
タ,227.79609554492876,266.67971534713297,204.4321466383331,18.983892003771487,221.54368348169166,0
タ,174.83365023289727,189.10043444564064,167.5787046377895,6.765893681466724,171.6057195634672,0
メ,165.15115360085863,182.5226593318359,147.60241086907016,7.415319871429605,165.16902111207247,1
シ,187.94452631806857,220.58566313589833,175.02815886190234,14.997351410098036,181.86868228605744,1
ガ,168.1793609232979,209.9206622686993,147.39038092381162,17.982194351217746,164.24829869853255,0
ナ,161.321457536636,170.9777213599788,141.46230409862417,8.644463042546587,164.29418710396465,1
イ,143.20466122038604,157.50553453709392,127.6754927960545,9.404137156184573,143.69005643991784,0
