Mora,Mean,Max,Min,Std,Median,Accent
イ,224.4460026113795,228.11558334299798,222.1024285818641,2.6278289994915927,223.1199959092764,1
マ,271.1722522844282,305.43454294778905,221.01934431922425,23.33188130309314,278.18372729520394,0
ワ,209.28441981429359,259.28895929486947,176.62097769560924,26.445594592270282,202.92801833510202,0
ソ,219.99863721040887,278.05173352324687,178.53785824794807,39.919098873316265,213.48712269093713,1
オ,307.41132616107933,334.93951891656,283.81892569385366,15.984260204483025,306.17376461312045,0
ジャ,322.77786007228974,356.8204335810604,271.2849638798842,27.72386508280109,327.8613681824692,0
ナ,223.6852223398463,267.8284750395131,194.21833515740929,22.06765650485037,222.57631573131027,0
ク,191.64559753293923,194.78973569404903,187.59939317136894,2.715178215096222,192.09663063316947,0
テ,194.70371960025452,212.66321118740322,184.9431240971791,12.715272439615728,186.5048235161812,0
モ,161.73136588317058,184.20411290537479,141.10951848420268,9.578731092696673,162.117055017447,0
、,0.0,0,0,0.0,0.0,0
ショ,219.805898427164,227.63164655676195,212.98955069673016,4.728756719240293,218.64478487740453,0
オ,250.25401641413353,267.62609418799485,231.39665564046757,12.48836654505283,251.0095201543528,1
ラ,231.95980246226472,271.22217732484813,180.11764022880075,30.367696385004265,238.67258520876902,0
イ,175.6776981524232,178.42006274918893,173.9051861183656,1.6803371981137352,175.07223366485374,0
ワ,162.19495368983428,175.0968602505302,148.90654357951053,9.037937389736895,163.3679460991617,0
イ,162.43726834292391,192.06169192843146,149.0435897391475,13.549754468104654,156.7632475548823,0
イ,227.5222439380095,246.55990056764904,196.4018152875948,16.32758854192034,231.80702618445846,1
オ,157.00042562795102,195.89101462802543,147.09995162445819,13.65901289784307,150.16610351571188,0
ッ,147.99516045838573,147.99516045838573,147.99516045838573,0.0,147.99516045838573,0
ト,177.29202662474052,187.81326104103294,172.76844884743264,4.989632719538822,175.33525027877295,1
ニ,178.91963352423585,183.22078383985104,168.939981463472,3.4948976037866344,180.5981732137,1
