Mora,Mean,Max,Min,Std,Median,Accent
イ,206.42860349555315,217.04193450558378,197.0472744342761,5.927927858781128,206.83290307617858,1
マ,186.31697914434812,217.22849535047644,145.00202664942194,19.74789406073562,187.78715409775685,0
、,0.0,0,0,0.0,0.0,0
フ,182.46941087529783,193.66414137013354,162.27223493401905,9.94196315102652,185.15698686901268,1
ッ,162.29173647502253,182.70957374554177,142.86494837002192,14.777981731983541,156.80355846140205,1
ト,251.25172739820292,267.9235477247738,242.59435839580607,8.67913805765223,246.58859565999447,1
ボ,280.74282043125027,313.5892009942897,236.9114532233923,31.071331267483387,295.40658783515926,0
オ,312.15455103074265,313.66287936083,311.14679684020376,0.8499157672959959,312.17475181294213,0
ル,276.3720441412462,309.90276760467793,241.94822967022873,24.579054184160874,268.03178956621025,0
ノ,201.53264036855657,232.59064851853498,179.45601349218043,12.375472593456182,202.85201460925475,0
シ,172.61811681473327,180.01190276962367,159.81604983236505,6.554043646457216,175.83579812723212,1
ア,174.98075057672136,193.55660559811182,165.7779090461796,7.982647020373953,172.81802516058434,1
イ,201.7318253736942,206.72675824978654,195.86997840921455,3.5421292754900087,202.17611301352616,1
ガ,214.0672696382591,220.15960947287755,206.90230986445158,3.7813269039570585,214.5777595929033,0
オ,200.82398037755866,207.47092218496275,190.29767822324115,4.735825249116862,200.21162465796192,1
コ,197.1423419325563,212.44928534999715,172.06947267081497,13.612929503300922,201.91415973479013,1
ナ,204.54616140687293,212.00141324554195,195.37245357862147,4.069110894859444,204.70732569621214,1
ワ,202.443171552638,204.98880988998866,199.4032439643579,1.685302395864795,202.37878221892052,1
レ,192.57954961349108,201.87746049060365,161.7712395848602,8.552568662358661,194.5123844005219,1
テ,187.8760796716188,223.44809562595307,171.5023455831419,14.681343748467459,189.39535700307238,1
イ,178.57332208819707,187.61383976124722,172.85769550085257,4.5423838688159615,177.97182781769698,1
