Mora,Mean,Max,Min,Std,Median,Accent
オ,220.97191944093643,259.70322670251454,207.86644132507655,16.625837867386572,211.36215978782985,0
オ,244.96243366350384,274.15811727055984,213.8192380918021,19.373501360129985,244.4544089359522,1
ユ,274.43742008333584,286.96338482735484,262.52970652080523,7.907989809338379,275.82787580486774,1
キ,249.91483684353938,277.1417134006258,230.96971357342437,14.900259934163751,249.58959344680272,1
ノ,262.5155678333921,272.1397741391521,253.29714737820598,5.604519005658508,262.2128989012549,1
タ,251.9854249147031,267.7583392118981,244.83827696233845,6.319262123662671,250.6299246768558,1
メ,231.8660355363454,245.38859525478753,198.65326704179265,10.344175783907383,234.5205207474243,1
、,0.0,0,0,0.0,0.0,1
カ,277.0355875505398,307.25062139041376,236.11520002853734,23.187404225211175,279.93143562317283,0
レ,323.4558111380347,342.3172707627253,283.0378953106473,15.590973323946065,327.0449624821204,0
ラ,267.284889061986,317.9494343696393,211.2314456320756,33.94020852793699,266.8190575922599,0
ワ,177.37515765768632,205.08963575718238,160.19274787148473,14.628769184111599,173.7134037450776,0
シュ,164.15437600872875,167.13920501371217,160.40814797043424,2.072274811167082,164.60866109130023,0
ッ,0,0,0,0,0,1
パ,217.41835497637973,227.75752156528858,210.1273847467561,5.733776595152919,216.4961785842463,1
ツ,225.00876699953915,243.1624504998095,193.79588537611917,17.615373725230437,232.12777570954478,1
デ,218.85339942139714,249.6661525986688,200.94092092498914,12.76159364901566,223.17264660794453,0
キ,217.36533461632942,260.46531081617513,190.8207140820981,26.538705692898805,200.2655084126613,1
ナ,253.156537184866,264.801585082698,231.65557615101847,8.752449160194699,255.4867600006067,0
カ,198.31229495071966,234.01209401024622,173.40691884699334,19.95613381461549,192.15986890605853,0
ッ,155.37445389575933,170.90250187102552,141.263671047915,12.141431916411836,153.9571887683375,0
タ,140.90923864525604,159.31162758741633,131.66502525376754,8.232146098481936,138.38273267187833,0
