Mora,Mean,Max,Min,Std,Median,Accent
キ,0,0,0,0,0,0
ツ,222.99198760640448,234.2258281817503,211.86067849750205,7.669348350035637,225.36460532593844,1
ネ,204.81371104476403,214.08828539799447,193.67473005718753,6.840228160341957,202.7734450795883,1
ワ,185.33434816180218,193.1175833113542,166.80555977895114,6.129574288566909,187.5837776325614,1
、,0.0,0,0,0.0,0.0,0
ア,173.6585243627485,182.75364240380677,150.87556945682218,11.339808641576,177.57731368602902,1
ナ,224.2969674170558,281.1583019445489,179.21396472493797,34.49862745537737,216.49096931078134,0
ガ,292.54787578447275,299.85444039006984,275.67950112128125,6.45893676103564,294.4749138177863,0
ア,248.76015864017316,272.36361060554674,226.90723675322798,14.645776853407382,247.88890798817948,1
イ,208.2897371488013,223.8768590490102,174.19152815570544,14.085006059705059,212.02508734057295,1
タ,185.14322243863478,202.3030647288566,174.13728979941084,8.694912815392312,182.51754949612447,1
キ,156.06543892898569,171.5129031265597,144.7143023477053,9.960866696418543,152.38094419948376,0
ノ,234.80205192207052,246.86799400634445,224.38417198735792,6.605066762006885,234.8274997159552,0
ナ,198.28580966303093,223.15714568338896,167.22333886086435,16.09669510165627,200.54167687668837,0
カ,166.43419503707756,173.0336471677658,162.08772921334898,3.428029411032346,165.97566888907724,0
エ,160.04093395695708,161.84762765882704,158.09279981390137,1.4790931753789114,160.6210046514717,0
カ,155.42945005272026,167.17871015502755,135.02410035970217,7.704920385198705,155.37350861323668,1
ク,155.29948804392725,216.16687367947642,125.53799192510262,32.04951589829468,136.37157404991694,0
レ,214.11442964138743,233.4075804264101,173.09142726937404,14.911577505109184,214.97504042264887,0
