Mora,Mean,Max,Min,Std,Median,Accent
ゼ,257.40577642766897,280.7982700583059,200.85211837528752,20.592856022744243,262.40390716371786,1
エ,189.99295269199942,234.6658309263846,152.5817347657659,26.54173695792196,186.87603994813873,0
、,0.0,0,0,0.0,0.0,0
ソ,240.34969137916684,244.99664486835317,237.0073149765839,2.919286495089207,239.69740283586518,1
ノ,274.0810270905851,309.7186626830258,236.17494720324436,27.394019310669808,275.3921247076212,0
タ,249.69898309079124,271.51194410274064,229.50339504473823,12.591532520606812,250.48655127546445,1
ス,215.59161395269132,236.50597148697042,184.87401979269393,16.426136297565584,221.3599975459219,0
ベ,290.8620429182346,358.4400705804715,242.38937384846125,33.7843894435732,303.8052190190569,0
テ,241.04381968261288,258.23476292439915,229.31172649991714,9.06739313477303,239.6418034007094,1
コ,207.26377760088621,221.66228233527013,193.54907958854076,9.657217985952808,205.76383319508616,0
ミ,190.6641529553835,207.24392394072905,181.97953112888482,6.295755007308433,189.21427885893547,0
ダ,165.9235066669941,186.26386004321574,150.08735301099873,9.516492020241037,164.9654172326986,0
ト,149.22393692447608,184.64150047687488,130.51192910427372,10.939664296526425,146.93531742196558,0
、,0.0,0,0,0.0,0.0,1
イ,165.5809328848293,178.6203318787091,144.62232373587446,10.37903909266018,169.6400302389006,1
ッ,131.61164856660753,140.57539896725592,123.26367068027201,6.240581480090531,133.36961248316612,1
パ,167.48737237919903,183.5477089997432,153.20433023356242,7.809320572021665,166.32943535626305,1
ク,159.12951313835973,178.14197696936534,132.46020067865427,14.285299679679536,164.82208406546386,0
イ,159.08932031930124,163.12452428988726,147.28286949855843,4.693958335102833,160.71315968094427,0
ク,263.5980052115658,277.1229064954941,253.79860485440915,9.879786759763975,259.8725042847942,0
ラ,246.59921860511182,268.8126704773352,214.03399932416238,15.611033574721422,249.26538569158163,0
デ,172.1938940927245,207.26775598956266,144.71915233363086,15.927729009750585,169.7190335245527,0
ス,147.30896660590923,159.77801520403887,124.40724802194035,11.81108535344852,150.73662881547426,0
