Mora,Mean,Max,Min,Std,Median,Accent
ホ,232.83869462161874,251.29501749698034,211.46824811033596,12.26748307712263,235.33582723382943,0
ッ,0,0,0,0,0,1
ケ,350.2718408631724,361.0985926486931,317.44959788025716,12.339484773887122,354.2356011169603,1
シュ,313.0356178524918,363.62739494688253,256.939624961652,36.96340353327196,313.028478494755,0
ウ,231.65667083374584,250.89209940199112,211.76432211534177,12.319180079453142,232.0235642358017,0
シ,191.19691279998278,214.14526143639375,142.35582671622038,18.537969675268773,195.4891365196014,0
ン,264.68272286859195,299.7535572497589,213.37063394057785,30.651137029133636,269.69634112653085,0
モ,288.1662436033212,296.9050828597638,278.92816522516176,4.487743843781882,288.242397081032,1
ン,275.3557932524007,287.3348841755868,267.1670132128804,6.641448447807641,273.3780859913606,1
リュ,266.18906518677187,277.20610357599344,246.08289214679493,8.616735884081468,267.9700284995307,1
ウ,266.2400262257626,267.3169447180387,263.7507632436225,1.1631904172033654,266.62604882421897,1
ノ,256.7124250016372,262.77266118273224,243.52666718933014,4.140397613537919,257.20242211990103,1
ジ,223.26427945721312,270.01533504452243,188.15913366145617,24.47415296320324,220.4435154416296,1
イ,275.1514910443778,276.1184953751021,273.12485018342346,1.0427187086286904,275.50300168964304,1
イ,260.23398085565344,274.1007863793988,242.85017338303237,9.746975103171735,261.688894294074,1
ン,226.26422036592245,238.3564116916247,213.99599762311436,8.186458242324443,226.0667698435575,0
ニ,176.5897296568945,209.28727050244706,154.9170170057135,17.363126112184652,172.47048543102636,0
カ,174.20684034587944,192.50225774678816,145.2449646568356,14.532551944075516,177.07770959748763,0
ン,203.82128953939832,213.5573941450292,195.18166293496995,6.356870090918218,203.0223326240967,0
ス,223.18256884004754,248.89439027377603,199.4408384433117,13.18541532721631,226.28461260399598,0
ル,194.7267468746932,223.26032418378583,167.23407050531057,14.239560784656295,194.99033971980595,1
カ,163.01222477504126,172.16116389482147,154.76051950326624,5.011138026363512,161.9722261319691,1
テ,190.29339744888136,219.5426395395865,143.8328468348624,25.13644537223102,202.49233093192973,0
ゴ,217.19896931873745,229.9808988860291,198.12090151389756,9.326456504961502,215.7125622934616,0
リ,164.59605596718083,195.83470935177445,138.52435133937863,18.010062408469953,161.05958283388193,1
