Mora,Mean,Max,Min,Std,Median,Accent
ハ,223.26432542593423,236.3850524566446,214.92718960982353,7.460640953344442,220.30101512663413,0
シ,261.4914317714009,364.8754539538929,162.60018840456053,67.29964342794543,228.1468028102964,1
ガ,318.48408787708667,381.3165436680215,204.45701405351014,57.10366113027274,335.91344407370616,0
コ,187.88900884544128,197.5418421065855,162.39787072640064,8.613879194382934,190.23948395067245,0
ワ,215.22869085092648,247.38470554765257,191.16286587280823,18.53976708682576,213.16092237352086,1
レ,259.5934354361447,280.96006659425245,218.10313521818853,14.782072494524094,260.05536167935315,0
テ,214.6557163144199,235.76580037148972,202.31667353413815,9.566508192395474,212.49293043468046,0
イ,179.79405196184126,195.44476689374628,167.5756147476093,5.919507670794116,179.39240538671976,0
タ,179.73602042151313,196.911162569761,155.5392317331691,10.92341479106545,180.60331539832,1
ノ,172.8455868353324,187.3697400706073,162.8856557773466,6.177893246282722,173.59803275766544,0
デ,148.69316713847823,177.5290849080693,118.71573962231871,13.490661012467971,146.9491816346927,0
、,0.0,0,0,0.0,0.0,0
オ,166.82712766007828,181.24162042132096,138.5837148911703,12.358841725931407,171.27421246425618,1
ヨ,238.6576584679427,293.25471502345334,184.18139812669986,35.566892471410846,245.0094188731158,0
グ,286.38543689557133,295.08368861066754,278.4523340219332,5.126450190609195,285.4045198531164,0
シ,258.2219899789235,282.228732628415,217.38815611968863,20.897065428891512,263.9804429047277,0
カ,175.43752463884852,181.55945673632235,169.71434218857172,4.603602390907502,173.12536039992867,1
ナ,171.5433328656186,183.54364759687974,157.3591714831362,5.863426278286844,171.5065913549971,0
カ,179.23552368429696,199.5109286164137,160.98458773810384,11.34886775954991,177.09604908937058,0
ッ,159.03944096783252,172.55678507041225,139.393543658239,12.230872655170035,165.9263004429135,0
