Mora,Mean,Max,Min,Std,Median,Accent
ネ,206.07744659325357,215.16593507342367,201.52767389808724,4.24282678499297,204.55798142064208,0
ム,248.82551229346933,301.68739345546965,209.21509380140975,31.759507851820167,243.35205529175076,1
カ,333.9222207135453,347.2070261957919,322.17325677805036,7.974183315469996,331.8853039177876,0
ッ,0,0,0,0,0,0
タ,236.5264333723592,265.7982588519391,212.02863461542782,15.89381177681689,234.0556741868027,0
ケ,208.50105395871572,236.29888355686606,183.3326007379359,14.540964228591083,208.52330659114688,1
レ,197.33994728726142,203.0722770061614,191.92939204048992,2.8146363378183166,197.5689430191316,0
ド,177.72891456484,199.24235747813873,163.32093217095814,10.425093183987908,177.60169669361625,0
モ,158.81392463485642,169.12693949902453,144.26603100333028,6.212271893086349,160.71419723651854,0
、,0.0,0,0,0.0,0.0,0
シュ,0,0,0,0,0,0
ク,236.53046519663198,242.24391360914544,232.5849683129083,3.2737061012182407,235.6152831934294,1
ダ,236.3797039409538,258.5220694514822,212.5164584437692,14.987735123835503,245.3393485432846,1
イ,252.27404143467626,254.77827358165476,249.21991283312238,1.927745732978114,252.20032076527704,1
ヲ,239.1840964824799,255.13458738458115,209.3035246194951,14.507370918660872,243.31755364414397,1
オ,202.72010250282122,207.23314373863272,200.18387384250366,2.491480980926077,202.05207598306114,0
ワ,211.2932498910733,223.04059149112982,200.02844148243324,7.4507728720604804,211.0039283131212,1
ラ,247.9375995036312,277.53078333367034,223.72130280252773,17.437511002540738,247.58264755120248,1
ス,271.1732476755065,275.8703426320039,262.57176549358064,5.507376542249871,274.11201598439226,1
コ,399.2011957258351,513.9604300780562,293.0268883299476,90.39979054354423,390.6162687695015,0
ト,0,0,0,0,0,1
ガ,223.25992569801042,268.39115788491466,201.32689141338093,19.923771570783884,218.93825245788486,0
デ,169.491263306066,196.98849712020802,143.19847165446242,13.419279189739141,166.96194920837377,1
キ,159.26973010628,161.36863831350465,155.50495254907054,2.349864053947949,160.1026647812725,0
タ,118.7905575492499,118.7905575492499,118.7905575492499,0.0,118.7905575492499,0
