Mora,Mean,Max,Min,Std,Median,Accent
イ,199.71264632889526,206.5677360386621,185.19136159271252,6.113874583334126,201.93893678075293,0
ロ,230.06642454685388,276.6374848048759,189.40015842643055,28.31721061423333,233.57364713735035,1
ン,293.1650007353581,301.23275417459973,279.2182790117364,6.808795477384669,294.1795022437837,1
ガ,302.17431699667156,308.75536605050036,296.81820086178294,3.5709851624111697,301.18790960952083,1
ナ,297.20649357221595,312.23100287144854,278.4871647667604,9.564930153569586,297.33052431527756,1
ケ,272.96640905605716,301.1578930224684,232.19094482566598,18.10499497753701,274.290169333618,0
レ,230.08148163673522,250.50239161216936,213.80133891576568,9.635802826132489,227.74121304311888,0
バ,163.6528884803146,209.48441773227262,134.81289971231385,19.873409889344973,160.19930584290054,0
、,0.0,0,0,0.0,0.0,0
コ,179.1627605517489,195.09017339896704,161.85556185596988,12.66513120459046,180.44563513753332,1
コ,198.16525156490752,222.58498453873733,154.53248230784396,23.860815870121826,208.9770776751031,1
デ,241.1391855750236,262.96296215743706,215.8982105268149,18.78850367708671,244.68015976851711,1
カ,268.17363525790785,286.42212334863643,178.02307854601833,28.311551697591327,282.13123232269265,0
イ,281.93700628139663,289.5367201784751,263.30815536645866,7.19205036560582,284.3116202898249,0
ヲ,217.37677098004497,258.52080381809253,173.44164322445693,24.035450217842996,213.23535441463028,0
ト,182.1124819088389,195.23459063501932,170.32543995985782,7.558517869589793,179.55595072743753,1
ジ,197.9049711824546,245.4471251382305,179.55958128252405,20.521929564065708,187.74789061161823,0
ル,248.82169605791393,290.5837272986602,221.30463320542012,23.311524792323773,243.3900627142809,0
コ,230.93901688536366,271.2177061499039,211.04849587458523,16.21662113865741,231.3522419362151,1
ト,182.91307221118205,194.96709687901324,174.44545910284552,7.172631813115361,180.6200307426804,0
ニ,171.9878010496057,184.6879740993006,165.06935607185096,5.977005463241967,169.74939918726892,0
シ,159.60810076525613,164.5329432680485,155.0788656621655,3.0564137656041783,160.09069423190334,1
ヨ,159.42066853520708,165.85744572424954,147.56591746207422,4.530841745027389,159.93451332952515,0
