Mora,Mean,Max,Min,Std,Median,Accent
ミ,201.98061375889628,218.76965109253138,165.16281228158022,11.785025781249185,203.7268984217124,0
ナ,256.14048910623643,299.18093528682374,210.01607320145968,30.443383149269575,265.72523165008266,1
ト,338.4329461436378,363.1934650618654,332.0844329708716,7.305490361211384,336.07149276021926,1
エ,326.3444807691076,331.23645721632346,322.5966117637126,2.930356076719089,325.71454236026045,1
ワ,268.6195391840531,323.67202774215417,202.753625802874,45.143439024310865,273.8240431736166,0
ド,205.02010128248062,275.277587912522,166.93561924975577,30.884615763208338,200.52153050725877,1
オ,315.9038535379406,329.9415351474078,281.98298782294205,14.370633013377727,321.2125988319535,0
イ,282.3241916574579,316.8180603480552,245.49894090935334,22.55831195653988,282.83088320069214,0
ッ,225.86547165531385,238.97294522320985,209.14705415967043,9.563618091772476,224.7500765051555,1
タ,202.50366973428126,238.6316502682491,192.86652759852038,10.971228977305854,200.24846706895204,1
ラ,180.87360955180154,191.18027249119993,167.7368843848198,6.979978752295867,181.98433998022023,0
イ,173.07442519661544,182.410865509509,164.5991735565085,6.463127293669947,170.36162757657672,1
イ,183.85780625065394,192.46801258270673,178.20295141635097,5.012511204009802,182.23514400029092,0
ノ,172.79208528636684,190.95710069013788,159.3500920753905,8.83166767638363,171.71408400623815,0
カ,144.77627396257753,155.47586325090424,123.9954255109917,10.061553854289745,150.40653825888444,0
オ,147.34784725847433,151.86705273513437,143.52706443841706,2.63996715674341,147.46229304822464,0
シ,159.01217368775116,208.98163654924997,134.14503407220522,21.834732269371223,152.32252346057305,1
エ,206.244240001473,215.86119454662622,199.46937766354864,5.646889615164914,204.83477502278583,1
テ,221.88048366257746,247.05656911791968,193.017047280187,19.070304463389895,220.3878512987477,1
ク,230.94051924405042,257.2801357431954,205.4820449158499,17.63462924607544,227.8769785334548,1
ダ,225.7982256838982,244.95496229519682,208.28599007852486,10.747008086795065,227.58479338781927,1
サ,225.54055346880025,248.1198524895495,198.43517908857538,13.79863373551225,227.45861913322813,1
イ,174.5272778461834,195.54183323148231,151.8812650470468,12.890491505136273,175.74195701445186,0
