Mora,Mean,Max,Min,Std,Median,Accent
カ,274.1664748147641,294.1393928365647,214.0826106738774,18.4083837856345,276.276701587607,0
ン,303.79310837373725,314.6273490686934,290.9185958758202,7.047740557845668,303.57429604524873,1
ミ,318.1677207408057,330.1892375042761,307.5811592842775,5.257728341643493,315.8967722051418,1
リョ,292.1403578617864,300.72046107599266,264.9403328352197,9.425281814237808,295.7724412055737,0
オ,239.52275700944045,261.47654686517234,196.82736196116429,16.064836906035428,241.35176142336297,0
ト,206.75281194340445,229.29404951280426,189.11281511781613,12.251403812653965,206.6291341449775,0
シ,181.04020251738436,189.79855379308944,158.72499992638257,10.022887194829904,186.21908166359418,0
テ,163.32923069998128,176.20489754880415,145.6013359615026,8.584389520705821,165.0699723808514,0
、,0.0,0,0,0.0,0.0,0
サ,200.02401028891882,224.05158434772463,191.6080371903315,9.34941717923537,195.36392325688246,0
ト,267.82270178564767,292.01931121569396,177.7380404799805,27.30382642059622,274.7982762665482,1
オ,281.73866018616843,288.28807711624745,268.4152225400382,6.879053623656378,285.6847388295656,0
ガ,223.71241857033155,264.26912227174097,173.94633950414766,28.82023099348277,227.11700629068002,0
ハ,154.48476627898012,181.91239480927933,131.410626479307,14.130345606042695,151.94759212341177,0
チ,167.49956174932973,213.09309555312385,140.37131234591925,24.941250354123405,162.5419266559495,1
ミ,222.06842239678062,236.71441908998497,205.58473227044064,10.028315492401658,220.3533069013842,1
ツ,224.36127889469628,252.7118523087662,204.1138845583483,17.770932411919038,221.28000685993717,1
ニ,238.12180612607196,244.9723607735522,234.20900405688153,3.5174492037563887,237.5381030085182,1
ト,261.96210009532973,289.7060227908573,197.57783194098783,32.47559356217461,281.88663113513724,1
ッ,248.23185011583965,261.35301989879997,227.65777802080996,11.560028287138923,247.9109808575142,0
テ,0,0,0,0,0,0
カ,186.55959480453467,196.46338449007973,178.55178054285574,6.43246744021448,184.29372128302893,0
ワ,159.02515776596047,178.15273451338834,150.67025487859516,8.149325895247728,155.00262975208778,1
ッ,153.42189486294419,153.98403696779235,152.85975275809602,0.5621421048481636,153.42189486294419,1
タ,151.1761646437482,169.97339938966695,140.80239415506472,6.5265625106725755,150.6670367274416,1
