Mora,Mean,Max,Min,Std,Median,Accent
マ,200.23274872101314,226.74768634899246,182.93568496852674,10.085059883236822,198.15652941219335,1
ユ,211.13200439064917,215.58109811385884,200.0548440672658,5.09404269929293,214.25741424814055,0
コ,173.23507268935734,213.28836582578558,114.01043838376312,24.046874839586216,179.4990051699489,0
ワ,157.71251749601697,172.9727360196813,129.89032485206866,10.723667122084832,157.94883461742262,0
、,0.0,0,0,0.0,0.0,0
ワ,163.59874007285148,180.21301329850075,136.1962349542318,12.603466827419505,164.19833457416945,1
タ,250.02346228052812,278.99809941939066,183.05782599275915,38.89293537418976,269.0189618549814,1
シ,281.04555263522644,285.45379873368995,276.7787703225579,2.7823266165332536,281.6678205622102,0
タ,292.1500203808644,314.4250787652157,254.89886935509236,20.045592744914742,296.4627118072556,0
チ,235.70307770479013,287.3305077850801,197.20365811771825,32.770486678032455,215.6312659128502,0
ヲ,192.13704827230012,231.42365320765433,169.7690798808549,17.345471285502878,189.3421383370453,0
ム,152.71653188302744,167.0191572961083,147.0528507885208,4.940134916148276,152.08128728245475,1
カ,178.68401344688752,195.66453480667627,140.68935575077813,17.106997718521203,187.59945670246793,1
エ,189.917193572442,191.02109330849788,189.08659187790678,0.7349136357591632,189.80449168078866,1
ニ,196.9667670439266,203.2122688312493,186.4267890082312,4.5397265757802945,198.7593237592011,0
ハ,175.16366766381265,202.30844861640634,151.81023540366095,13.727620480808648,175.20996714313097,1
シ,220.2084691202754,274.08295513589394,163.13011195112222,37.649163184704484,244.92428288906163,0
ッ,215.8874450000276,264.54221578849626,171.7165584217414,33.60461376750562,213.64550289493639,0
テ,260.36769410382624,278.3090601352278,225.0048436705498,16.12118344345301,262.6421032338076,0
キ,203.62310740695958,240.87390291285612,171.36753225410098,20.76937749426261,199.06742203188466,0
