Mora,Mean,Max,Min,Std,Median,Accent
タ,268.34196840503046,281.31130810327755,239.04577893499294,17.05513687405646,276.5053932909256,1
マ,304.1378735013495,343.3246894585942,258.0179724590385,19.543757951640572,307.4426259721712,0
ワ,228.53957833396206,297.9663020959104,183.0675706738779,36.05666041232432,220.84601233763908,0
ト,183.51584098760028,187.53177754992336,176.82339877510248,3.8897903974488357,185.117337229773,0
キ,181.18480010708888,224.62632299468345,146.13418106661328,24.557924373207804,185.45645728671224,1
ド,187.39338042701334,209.0175091812067,171.59811736374203,11.313374959118848,190.85288160495136,1
キ,185.98538601767143,216.46383015339612,138.5211369956261,14.024164110826696,190.53821833912983,1
、,0.0,0,0,0.0,0.0,0
ヒ,0,0,0,0,0,1
ト,270.33122543596966,278.2499159208131,267.5638670304879,3.9965687524562865,268.80489272909756,0
リ,263.34284887842756,282.5041874807083,229.9232639748837,15.98693997216218,270.50019697754175,0
デ,194.86353407517893,225.2945996256624,179.17616464961148,11.988150151038319,192.57603410499047,0
サ,176.74961480499033,183.23224728400467,161.95933391646773,5.656160353818548,177.20593900266363,1
ン,202.12402653342707,214.89659499248538,175.3824122602536,12.395637308641248,207.277263354491,1
ポ,218.27661471824985,226.6596397502754,189.30793441495442,11.987129127495557,222.142201830245,1
ニ,215.96612590225178,220.40750275591148,201.9209383165611,3.3683996844767714,216.9323908926604,0
イ,207.1267646458266,217.66156205440515,175.50128978992498,11.382377279165205,211.02801883587756,1
キ,225.98270020296843,239.34354796939047,219.0140552843036,6.388653115945285,224.0337832495743,1
マ,208.5868187629005,215.47329858659054,201.88312851085237,3.962753054357246,209.37955292020757,0
