Mora,Mean,Max,Min,Std,Median,Accent
シ,299.45292809169297,324.05136207243027,261.79477083249236,17.130271517973995,299.88403278048116,1
ン,323.73681166887366,326.2760508453271,321.0864334139353,1.5902573434261065,323.80922951527907,0
ヤ,292.1854310960834,321.74404709199155,234.72782776450723,25.98934697540896,298.13096825423463,0
ク,207.73753197537494,227.46499535296897,192.42863142667193,10.49719528200426,208.03519996486563,0
ノ,182.7139675571978,192.12821932050102,170.17574588170214,6.962375116843797,184.4553408760718,0
オ,163.72387697765413,170.45997517011983,155.7613872039402,3.4475140204298835,163.57065177535975,0
カ,165.66229432173392,174.28755433744155,141.38021182408588,9.406092549704208,168.05477590619523,1
ゲ,163.99610213936978,168.18940444512845,157.69869991362046,3.5750790705325377,164.95977216963695,1
デ,160.04026552849308,171.81062111603742,148.94500136059744,7.118281998859748,160.7064161224694,1
、,0.0,0,0,0.0,0.0,0
ワ,157.7784459965227,162.46934769746062,137.02412361266659,7.78879580768268,161.11171870127066,1
タ,171.12768132642555,194.53234567129158,140.38006018474562,23.848496879079843,174.79915972483252,1
シ,197.44488056193447,242.25439615110815,164.54545564021382,19.510565050090783,196.80849163326155,1
ワ,206.30097260547993,222.82850505434985,191.30630901594893,8.778782867001308,205.53155390486094,1
ビョ,174.8721331930931,185.1628486342955,164.81724351396008,5.717308846848753,175.97135902404858,0
オ,195.81692219445856,211.25072164914715,183.9626641543398,8.582038310389041,194.95082831629276,1
キ,218.52625621791424,238.65354712900114,204.03249137470416,12.518293606842747,214.95538635716935,1
カ,223.7110184120914,235.18941148558253,216.353849931952,5.92369034144361,224.50219515284135,1
ラ,210.1368548978193,215.33167926381196,188.59811339314325,6.114749170591057,212.03073051346024,1
カ,202.4901867371918,216.58400148596243,197.93404259650782,4.905427749505559,200.44045379005337,0
イ,204.469856103099,209.9071734420777,200.1194473369643,3.790046498139434,202.83220099399318,1
フ,203.87910022579004,210.45398578283397,193.0523019593385,5.853911935776555,205.18728407537938,1
ク,214.5639387902467,219.2529445253967,212.19659396051884,2.7925105522632974,213.40310833753563,1
シ,196.00035365810163,210.8209904990035,170.82970336072194,13.592482372274185,200.42032399990816,1
タ,181.12630011830814,214.8773933910208,170.83816111418008,9.485915164444531,178.83290489333677,1
