Mora,Mean,Max,Min,Std,Median,Accent
シ,232.33919146477766,244.49069404634432,203.20736519569348,11.429905147837532,235.97778042948215,0
ウ,303.7652520567548,352.21200413323754,245.88383109220737,39.262489501554896,312.98149095398617,1
ン,338.79881953338196,354.72920955731905,305.8048788568974,14.449918723722813,343.16735738751584,0
テ,256.3842863122004,311.7489382276041,223.93692037289426,22.098016676662738,256.57902295196016,0
ン,213.8365554093353,221.91410613787676,200.5001042863896,5.823702071319055,215.06450901695604,0
デ,181.784434229609,195.27404141160957,168.40936588419075,7.643773769945191,182.60308586491027,0
ワ,167.04856476915327,181.13856361147657,155.4954701448509,7.625783889183776,164.27336047420405,0
、,0.0,0,0,0.0,0.0,0
シャ,213.4533832559871,223.4254012804097,197.11125318619594,7.02725749497942,212.95485892899188,0
リョ,251.0053073336405,291.40960826955654,182.44176427482412,35.495649957556545,262.34579294507375,1
オ,286.11271284082153,287.012447688226,285.10372055500864,0.7566240105586239,286.0940251615947,1
ワ,279.0444821902772,286.24519484254654,263.98328796328127,7.216483348924372,283.1572488323156,1
ミ,218.370261039473,268.46287323108544,178.16339804599258,28.523500797150348,214.24603253836418,1
ン,284.5108437739314,293.18106417355244,272.08421867073025,7.635348822283711,286.9975526526732,0
ナ,300.77559064612586,335.8675791821877,249.74527934899606,21.532957352267566,297.9021380119369,1
ウ,283.01634660584733,308.9682668383143,259.61634126908064,17.665469611924998,278.662842267506,1
マ,334.77871852468303,367.0780931506632,291.94330208717554,16.137268081826445,335.20042718853426,1
ク,233.63903805780942,282.270936218898,192.93420889769854,27.222827218690007,243.10930553616555,0
ウ,178.8854549658077,197.0543339028693,167.39372068284862,8.352730775831757,176.91728962419478,0
ゴ,189.12613151605856,216.6588818159408,165.21322982255074,16.367439998959448,187.8502312795,0
イ,207.75036372516448,216.03720924787638,174.3406114535697,12.268730658819848,214.16662245776922,1
タ,160.57374602760632,181.39993937567527,125.33145298334739,11.24553654733928,162.05507611835816,0
