Mora,Mean,Max,Min,Std,Median,Accent
シュ,220.009941264879,231.3755295750569,212.671161404742,7.372729957974135,216.45798810231082,0
ジュ,239.70810447393524,263.19358286207853,213.59792686595003,17.503427768693683,242.65083715847572,0
ツ,254.90581188357325,311.7053595355239,221.40267891870428,26.423457880666955,263.3631892021767,1
ゴ,250.4116762036693,265.12342937485056,218.68393406500138,9.862161339273047,253.21859170282616,1
、,0.0,0,0,0.0,0.0,1
カ,290.425237296568,305.0805774908744,278.01933803906337,9.837012949231225,288.89766888204997,1
ノ,324.551703456462,353.1772333055629,306.25434294431346,12.669921745191159,322.7705326875641,1
ジョ,264.73982602674715,323.14402847723767,233.5833068332775,25.585573479280363,250.53508468472302,0
ノ,195.72292869454716,227.26294982248473,165.81768686099906,18.898369544034757,196.0108556643127,0
ヨ,162.32934291887153,166.87383567315732,159.2291669219564,2.1607171243740644,162.0164841787942,0
オ,175.2761654215857,185.0202385171689,153.73384842414328,6.443043151695631,177.0878643529166,0
タ,182.07565059858675,215.85945804198784,174.46022082782508,9.131574815279993,179.37789086545877,0
イ,175.66348028936545,176.25661662559725,174.82147774755865,0.6001870732699018,175.91319243252622,1
ワ,170.87928261693077,176.1287419062737,156.86383037057192,3.702517654910203,170.71414287199337,1
、,0.0,0,0,0.0,0.0,1
カ,199.12396222998458,203.0783179430827,188.5544761866111,4.316291249624285,200.06973268895354,1
イ,210.95092682199515,215.3544521998432,205.9707499803388,3.021808952694559,210.83122918516563,0
ホ,230.5188723726809,252.17831147616764,211.1664527483247,12.3157265341432,229.783394996107,1
オ,241.2924187971118,248.0250679507666,234.3777535638175,3.2783752000491924,241.20309654352934,1
ニ,235.96510809931343,237.95970741675328,232.27811017682595,1.160585280999855,235.92449314192606,1
ム,226.01947108426478,236.79437549508575,212.06220857044838,5.920521897481468,225.82765402473686,1
カ,212.7754580651919,236.90507826505458,204.06077023700527,6.415276979471742,211.7538369267769,1
ッ,197.5801813902363,206.2923429888777,188.73187539006784,6.218374654793989,197.64825359099984,1
テ,216.449931620003,232.21339244486796,204.29478125480932,10.236180776104359,217.90232642221122,1
イ,199.87976346944214,203.37382321468704,195.38432787210974,2.2251213016503826,200.75022846748766,1
ル,185.87222610884592,208.36709496130686,177.1017532464914,7.423183970009009,184.32874074626585,1
