Mora,Mean,Max,Min,Std,Median,Accent
ク,338.9419799595847,360.48239113210445,248.00516610316316,31.885398822267213,352.81907891896566,1
ウ,368.07084997414455,372.26331086258745,354.9586636521291,4.766128767082075,369.83648208628387,0
プ,0,0,0,0,0,0
シ,227.10631425358346,246.25740883933025,212.12277130057998,12.272136190236747,225.02253843721178,0
ワ,178.88584297048627,209.74291632447074,151.43680610952768,16.545845133355574,179.25096767814682,0
、,0.0,0,0,0.0,0.0,0
ケ,209.00811752441822,226.32149833627506,200.7111154916975,8.871758635058564,204.80390988885645,1
ッ,199.46529019146968,202.80158451973182,194.31888870723967,3.235217858602313,200.4224210852648,1
シ,185.7367337787165,195.77405345934693,180.27336987811947,7.106738655652081,181.1627779986831,1
テ,233.94629003991284,235.20463982864152,232.0889226225746,1.245004589178519,234.24579885421764,1
ワ,241.16575864718925,311.4647386571178,209.1222149852398,33.64264982439542,225.6363848572093,0
イ,312.2822131299729,313.5883707054983,310.1193213288729,1.170316619364268,312.53108295283556,0
ロ,262.73678636699464,308.99908189549484,200.21013667886473,33.75616012939877,270.52064272419346,0
ヲ,175.00251115442362,195.35036679894807,149.72964994074226,13.850327995658626,177.2269647448316,0
ウ,154.67238689273893,172.7436331573536,124.59555409893919,16.53472227703212,157.71200809907435,1
ケ,160.444959685035,174.1035883891862,137.90023188061946,12.541489201602719,162.32375365140186,1
ト,278.6290176924169,291.23468093902824,267.82819390438857,6.490841721969361,278.1564177109081,1
ル,267.0659145839765,280.5250294765079,240.85835165491662,14.25923357528433,275.393161444704,1
ヨ,289.26248287041113,298.30495548298876,280.4531839600653,6.992213486263951,291.6274447945169,0
オ,284.13305817466596,294.1252272123653,267.4296670588841,8.301696116193739,286.46804627113215,0
ナ,218.8491942040513,263.9946735759882,176.76337002528777,27.323246090114516,222.238938427562,0
ヒ,173.45501549157737,180.35839086647843,161.3914770590783,5.234017078973207,174.43715255896223,1
ト,229.14839260084187,239.8263078828493,219.54492276658448,7.468339302057889,228.61116987696687,0
デ,199.1484983116871,216.05500205479242,184.83210207997504,10.58879985490906,197.91298774854735,0
ワ,175.41855971356466,198.30248086501962,161.99622309293468,12.017966337943339,172.33185388499376,1
ナ,174.34490790144545,190.42035446422324,138.70576327886772,12.670824245837025,177.0526515643993,0
