Mora,Mean,Max,Min,Std,Median,Accent
ニ,193.05608449451205,205.64628599184488,177.21092677483202,8.092731098496245,193.5320517733387,0
ン,219.0361743945923,226.33658044727756,206.99566186814315,6.223685049305745,220.6481772374434,1
ニ,217.00303422176606,226.2191808493312,187.60136238010392,11.41360397960289,221.60980122863265,1
ク,207.42451343421118,224.9362055351995,192.35415148517367,9.904893617273144,204.30699781284235,1
ワ,197.89212256343006,203.21057082663285,184.72059530326075,4.3704884962370505,199.2421198183324,1
、,0.0,0,0,0.0,0.0,0
タ,205.37589702986588,210.05322085749532,194.00062507696776,4.9413985165101355,206.80518986232676,1
ベ,219.51436364459377,261.1184741167601,189.57180690159933,24.1176413168465,208.39883351617203,1
モ,290.9262373350545,328.82691659719654,248.27919228822523,30.301347490344728,286.21518367581217,0
ノ,313.3372745139874,327.2076886757741,286.26235100229604,12.080440268018199,318.62685933161424,0
ノ,231.6337309486129,281.69449839515624,187.98162463745047,27.540171332736474,233.50393818688454,0
ア,173.73167802444516,185.53370809306858,169.96169315968496,4.121462404956198,171.9471316375674,1
ジ,166.70564273740212,206.66242383463288,151.75633944215744,11.740858419672168,164.13110361976908,1
ヲ,164.47085528670027,173.88721125980635,153.99310096165104,6.092995290769786,164.52535798000753,1
ヨ,184.98367669605375,252.14907832002876,151.76659624306572,33.830597566806155,171.47160843551598,0
ク,218.65526711360354,238.87459556391386,202.06855196096657,13.957873286220796,216.83896046476684,0
ス,266.41953977039833,293.45748399466044,255.28011491319953,12.785006987199623,261.94699325718784,1
ル,228.57315894910735,252.32518867793794,212.1813934619624,10.745270378741939,229.66396672649472,0
ノ,186.87222300231798,208.72176143566887,165.92481684648953,13.788154705270705,186.9625242214686,0
ニ,153.43353341141628,165.6480322415872,144.392963080608,6.947064146277437,151.70906136401334,0
ツ,125.90567340023192,143.33183540442363,107.07237733170855,14.562539550937169,124.32482755632014,1
カ,160.83567077425042,173.51057957947592,150.7346101100461,8.479117066057263,157.21247989348265,1
ワ,150.6288886971556,153.20592838164234,148.6482051175797,1.0630757195383442,150.58591094005823,1
レ,148.78443556565932,155.18406943272717,137.94917993100012,3.679229398209548,148.7029163418747,1
