Mora,Mean,Max,Min,Std,Median,Accent
デ,262.20678122353263,288.5788576236448,240.90036254018506,14.671190192050299,262.37889192874815,1
ン,314.2281720630808,323.6353072219868,292.74105484888634,8.731940218728868,317.1726832119903,0
ブ,282.67605148711186,299.8802662721435,263.574266378774,9.95930982665342,283.13223309880516,0
ァ,250.99570408646,260.9453501467249,241.98361352510938,6.42890762380703,250.77488756472695,0
ァ,218.918023051207,237.3880083297263,169.96884635771158,14.08630162354686,220.4005677311749,0
ト,175.89598348028446,193.0132681511978,146.04172955663444,14.91987443819596,178.01111563391186,0
モ,166.58293314556286,179.0564534411184,160.76634506502418,4.502829724042447,165.38728059515861,0
ン,202.7225874895323,218.42769857606666,181.98462669096511,11.770859040866515,200.999768994033,1
ト,215.40770721224985,260.51744442842465,187.88926575721203,24.355122104676383,202.4454775913419,1
リ,224.04846860737334,237.11473849420452,201.63496081466576,10.635507525407357,229.66665615034236,1
オ,236.43636977423375,240.19703670391306,230.90393297329595,2.5051950381573924,236.4819356112718,1
オ,234.0343413298959,235.33811922666447,232.08146367810204,1.1282042820584848,234.2018533523311,0
ル,200.80356871281296,230.88136687567473,169.8368989680608,19.013652618237618,192.22013032414074,0
ト,151.3089142981474,189.54599579493703,133.20725372208625,12.789254521308699,149.21469551782727,0
、,0.0,0,0,0.0,0.0,1
ド,202.7999755583123,233.85455408224553,180.8333511568836,16.38621352427991,199.55709647897783,0
ッ,244.0690582961874,244.77974626232668,243.35837033004813,0.7106879661392753,244.0690582961874,0
チ,327.936183562817,360.3839323894288,297.1080284721914,22.55791128000693,327.12638669482385,0
ガ,255.91512970716823,313.82463322089853,211.56188402758372,27.92660354404508,260.8439569316634,0
ス,193.17895979619027,207.20141575812656,178.29902289869318,9.578422829443408,195.61511636998227,1
キ,177.89266351834812,196.86990812802395,160.61162940508075,11.563578871941111,179.64073911684872,0
デ,155.58823251934143,164.39361604872443,138.56037885745363,7.001707398776249,157.28613636000344,0
ス,147.973671347544,154.0986817455548,140.76926278498576,4.3009251438751805,148.2829703427421,0
カ,175.66646515731765,239.96245328829883,151.81504122887972,30.43548066487174,157.62978957660272,0
