Mora,Mean,Max,Min,Std,Median,Accent
キ,0,0,0,0,0,0
ツ,274.776393248994,299.8340139942418,263.40042354983916,11.897129921209777,269.1105157592427,1
ネ,285.45936036626637,298.8830341332096,265.70485363941793,11.501012382780239,290.1100343341208,1
ノ,311.64816268221256,326.5024461988138,295.4263191697979,9.267723486308109,308.0992344915235,1
オ,320.9004623314886,325.24800190210266,316.8042656225371,3.087231095166298,319.32912991616587,1
ヤ,324.79838261351057,337.68569091643053,259.90086827172155,17.25837055959804,330.20154233973153,0
コ,246.58117992696177,263.64977871319735,203.08650132798857,19.728177778122326,254.1425021911455,0
ガ,208.5285184495926,229.92292602837807,190.41678976252732,9.516373501171424,209.51037116247727,0
ハ,170.71250464679554,188.46869948055826,151.0732873747806,11.14321073110332,170.4541391859046,0
シ,212.2111592723894,253.3467771194197,139.3843690972194,35.24505257537191,233.88734548630453,1
ッ,256.4511693940099,271.59531232596913,236.27386152787858,14.852626783646004,261.48433432818206,0
テ,261.7664704186692,302.5361133324857,243.62656032733972,20.98640557181705,256.3840145620785,0
イ,210.5125324541014,238.72288199219116,179.0833624531936,16.911084816007257,210.8301663010954,0
タ,177.2472713498858,199.00065717385058,144.95607806346328,16.551670322791942,182.06782599705252,1
ノ,171.0766668036555,182.51433033082472,161.19231141694692,5.636126041388962,169.5849952302777,0
ニ,149.95893618045866,166.49750254065233,141.68605836267105,5.870318675352892,149.42054173493287,0
、,0.0,0,0,0.0,0.0,0
キ,163.94036307592364,177.12271322044495,144.7351627176632,11.889897452649876,166.95178818279317,1
ガ,176.1244578792927,194.36943829249967,164.35501516123873,9.41393157712052,173.1780377574591,1
ツ,184.39778326496946,188.61775031730446,180.17781621263444,4.219967052335008,184.39778326496946,1
キ,233.27038430368927,239.5904585589138,226.95031004846473,6.32007425522454,233.27038430368927,1
マ,215.4019442365059,227.48982120978792,205.51617804550884,4.906334225415469,215.32655416887377,0
シ,204.9294329052248,219.3865382153364,187.29881824933642,11.369405448070959,208.67126154269886,0
タ,157.5040346128953,191.45335814587642,125.0441744168333,15.685588502153387,158.95160328480873,0
カ,172.132117715251,232.60740560995484,144.31426712630204,29.32672485073289,157.18412791647796,0
