Mora,Mean,Max,Min,Std,Median,Accent
キ,230.4213084137021,240.69544485453315,208.21116439537118,13.007870720477031,236.38931220245206,0
ノ,259.93298063809925,292.13251964804823,224.41036188429484,21.841410538635383,262.7945929633205,1
オ,302.7303693796921,307.76744630263846,295.7929045631403,4.096609273489136,303.3142022726631,1
ア,325.14113690868265,339.0907450953939,309.39974476611184,8.206522805381757,324.5824765442326,1
ッ,0,0,0,0,0,0
タ,243.95092008503747,277.6913835735763,219.0072892742157,18.325946995157267,241.53546666953508,0
ク,200.1271245144206,249.38572809763576,169.18193085086125,18.970829255781275,197.9928843146909,0
レ,195.0021814343869,212.3652260760184,159.65157737606555,12.401167439370692,200.29688624558105,1
エ,237.85035196146464,254.36895489047808,214.93012939621568,12.918595471682828,240.43905537713016,1
ム,255.0434479907668,260.16907814545607,250.39518808058529,2.7202565757092265,254.42357803497669,1
ノ,257.12469914050865,267.01247634455814,249.6070433730628,3.9721015358143847,257.7703352442607,1
デ,228.7857738091248,249.14447729404984,211.6089936027635,10.919328937772292,226.98741797260826,0
ン,227.8631427534613,229.53257290562254,225.99531099305275,1.205384833094091,227.50659664095423,1
ワ,223.52820649705438,228.68936681194015,215.06978850759913,4.468846680223849,226.27359670901268,1
ヲ,207.57925031363501,214.00705222866452,189.8530541248269,5.157334816025136,209.81442449112723,1
、,0.0,0,0,0.0,0.0,0
ギ,179.31271023612874,181.2429793701495,177.72723054871042,0.9092447001232068,179.3780595719808,1
ダ,187.20628781871216,218.16193654947912,142.33391632917412,21.294628445944067,190.938833058023,1
イ,224.28754767002812,229.48450364286188,219.5027391946662,3.1675569616210724,224.28054116456724,1
ニ,235.99905596616466,239.39578907963323,231.9834331231907,2.2189375541725758,236.1304750933422,0
ノ,213.57956546702124,230.06936567350226,198.04801415006494,9.229746123924915,214.72813962061997,1
ボ,195.75265876621657,216.0555753701892,184.4429178267562,10.038943494839499,192.77492176314848,0
