Mora,Mean,Max,Min,Std,Median,Accent
ガ,195.82950650837657,205.45300325698076,188.28715998153478,5.920009815179819,194.28562130260008,0
チャ,264.0026389715808,342.36659240742983,168.99542039733484,67.6676118869301,314.8891052747146,1
ン,358.9793226672047,367.5171644934649,345.4153124667278,7.213288954788905,362.61556152591425,1
ト,302.4190207263558,343.3490182450125,273.6595285485413,24.21389393870517,300.73356599429144,1
ユ,212.76233000409135,263.6274722492827,186.0453911249899,19.887454617082646,204.41925470284292,0
ウ,177.53857365999752,183.02018473957233,173.9063137218657,3.2965644115794674,176.92729956930492,0
オ,169.8394101187722,173.69600514565053,161.9793274673059,3.8504984841355574,171.96626701573163,0
ト,187.63507312281936,212.47979389916875,181.08731781402082,8.798157285178794,183.88569392997118,0
デ,166.0423084194121,184.3732617873773,140.8457603253327,11.81413596676735,170.14029779369096,1
、,0.0,0,0,0.0,0.0,0
ワ,172.0905618534506,180.7976459437891,158.45181686806265,5.63738021599513,172.84834519565229,0
タ,197.95656659783128,243.43437512414062,145.36527244014374,35.465704398351264,224.46808279670955,1
シ,245.04543720183472,263.6772860425965,222.35264887807332,14.356453035955806,244.02299933752028,1
タ,251.8444597520093,255.10909821305742,248.57982129096115,3.2646384610481363,251.8444597520093,0
チ,204.52871218822537,238.8059385662159,163.24521877015871,22.890994943435167,201.6983939230834,0
ワ,170.27901284574514,199.32591641375703,157.34523263984957,12.120108967250722,164.38845223784563,0
ビ,165.61595966402584,176.71151244947313,152.61664422255802,7.306400353801459,163.23914496773185,0
ッ,163.83040748931083,165.2002758215618,162.70989007747332,0.8671987753368431,163.8550272445566,1
ク,240.12903221426032,283.88088815350784,158.03013357525361,53.387547942227265,274.2151274729292,1
リ,265.0005729988396,284.9034228741946,227.50931680379438,18.404200594556777,273.8615174725465,0
シ,220.0512303716325,258.18946574813555,180.5758792999874,25.919035371001762,220.93727001859125,0
タ,154.4242098489952,197.3299170535779,123.55428753699411,21.686805470067082,153.32003363318873,0
