Mora,Mean,Max,Min,Std,Median,Accent
ダ,206.0571488922762,237.74866003389783,190.13028415510047,13.765675219396792,201.86419851091853,0
イ,278.4911312579204,302.0180470213732,247.41352654090318,17.060866513496023,280.4731778471843,1
ギ,296.0549942915413,323.5720742260048,256.16927629398555,24.61595126092597,305.42461998684115,1
ミ,282.32943310167036,308.04365492460505,272.30094176946915,8.377815922230672,281.84512515522874,1
ン,290.1236901197428,297.2574164380883,284.8679772220352,4.283789176027774,289.42136153419125,1
シュ,278.72550497814575,299.25870579608653,251.96900585978617,15.09911088921981,281.69332132761036,1
セ,269.753619601345,286.1135324817207,218.79735353132176,15.536357531543361,273.427435080248,1
エ,260.30055301492735,263.17436397312827,257.971097161609,1.8398320719576102,260.1369032385472,1
ワ,246.18353068230655,258.88809504848996,215.49257798189083,10.180680780511144,248.86249394727068,1
、,0.0,0,0,0.0,0.0,1
ヒ,0,0,0,0,0,0
ト,331.395997854912,341.17036106123874,319.4620959383509,7.579488471160373,333.6221786861184,1
ツ,293.1377727536143,341.43725892362136,256.18892411298185,32.988221698932286,278.91533525762605,0
ノ,206.20379610114253,244.6508284367728,183.28074107612184,16.822570134641495,212.53440240376952,0
セ,191.06956436893267,213.84937746305837,175.11093130563756,14.078345290430473,183.60902313605914,0
エ,203.82264873276938,218.60380045169703,197.78127792802474,5.933469815008041,201.6477403707088,1
ジ,231.4066345219071,255.59130235207422,208.82826645860933,15.27393286854012,231.68525760896716,1
ケ,242.07430585433286,255.76529023563216,210.4359745985345,16.75679398231844,251.10690055803053,1
エ,242.1464852767873,252.4141223895025,226.99574598609163,6.965719470648161,241.04091390934877,0
タ,196.43582566815869,238.5600072006451,178.6010140488092,14.300177924033298,192.849998868218,0
イ,172.42847122147015,175.85035496052936,169.50678209321683,1.8752468493200158,172.3460854137263,0
デ,164.4601952895269,174.70128665255453,151.33010754425044,7.636332504143141,166.7255259374113,0
ア,154.5166569509067,167.56355111089786,148.39889256972367,5.896077512844442,151.86824239197819,1
ル,146.84155927735986,148.40726208899306,144.53926824737908,1.4324751227449382,147.20985338653372,0
