Mora,Mean,Max,Min,Std,Median,Accent
オ,214.18160033525638,250.1457033867191,204.59097607443167,12.816829591828531,208.8154875599401,0
コ,254.23067688242364,289.12932039920196,190.85419193001934,36.41132914488959,275.4976994135317,1
コ,278.0500889235368,334.4550871251321,234.29584537586524,38.9157687805907,265.63570777706377,1
ロ,309.06271483351054,320.09440537568184,275.8738262329592,14.508415952982004,317.24348454446476,1
ズ,286.3282913835107,324.64326170085906,256.851358398385,24.35892334184574,278.64930329035667,1
カ,261.01864988070804,312.6578677780594,211.67376931318444,29.614866722412685,255.86199782732334,0
イ,197.09553641219335,207.40447913353367,185.1298494732529,7.269428462368781,197.61483449884554,0
ニ,158.06903652611754,183.63090140268787,100.92327184223316,22.533861668148017,160.13090065307946,0
ア,139.37982018676837,183.36045568748324,80.58873246749368,33.839219062246784,145.26230778125773,0
ツ,181.27464435336182,184.1080167196912,176.40268623886217,2.9087213624840733,182.29393722744692,1
ク,253.6781759270461,278.3779491240628,242.896785769292,14.347336630359486,246.71898440741484,1
オ,245.0025283129351,248.92394689257944,242.8090431549461,1.765118021890459,244.7386076740649,0
レ,239.05385584176972,247.39513727012363,229.0423271860155,4.956094627057595,238.53388132702432,1
エ,233.01400108153717,233.6122111210018,232.1869920030636,0.3635726893112126,233.04521770574442,1
モ,229.25665490224492,233.92685685542006,225.67988051182155,2.524292640587562,229.3509197284801,1
オ,225.80593090390167,226.86268868902118,224.67779262972607,0.7618969900759517,225.79580218797355,1
シ,224.4646520291785,256.1846873736481,164.85393606951436,22.06904907642332,227.11527811776787,1
ア,213.07490895768143,242.2164043865245,202.7307124462269,11.173319423422742,208.91889236037758,1
ゲ,204.47078147514168,206.78011692648116,200.83593776486074,1.7595324388339673,204.87565875174664,1
マ,195.57045743354945,208.0943566486597,183.48174164397835,5.983712491219959,195.87124397600002,1
ス,191.28075718587354,195.26837627652438,188.1294153316321,2.9738539030778193,190.44447994946412,0
