Mora,Mean,Max,Min,Std,Median,Accent
イ,341.01536599314,358.41571059847547,309.8582764509648,14.75336292883184,340.6730584695566,1
ギ,332.31436121885423,363.3255975515244,252.7850826850908,34.771916667494764,351.5872319634334,0
ガ,202.93840824987646,245.75362053840328,177.47211345093564,16.732491510172434,204.62299374427002,0
ナ,166.17642414238736,176.26266483874213,149.51772388726152,6.027716230201262,165.96612194467411,1
カ,195.0520465157104,213.06175486591573,158.35840594279932,12.674874633546834,197.72337275128982,0
ッ,172.65876368937748,187.60457419822677,144.65106585731158,13.40594204747367,178.66402071066878,0
タ,178.42494147794432,192.27462989918862,168.12486973591587,7.952112031656364,178.197722497714,0
ノ,158.06678222494295,164.84300862395236,148.07503253547583,4.3766593461797765,158.86352177123598,0
デ,144.93844947201293,169.84107978789163,125.76139968583473,10.128347994849422,145.78385995010112,0
、,0.0,0,0,0.0,0.0,1
カ,228.48701428468584,236.78767146348397,209.90139185031515,9.053398169102381,231.5071356682983,0
レ,230.21468816698,257.68045969652223,196.01046512518747,14.324394793806782,228.72865575134168,0
ラ,202.03950260840887,241.88211123169282,163.68444857853223,23.24470476017444,201.95647923063535,0
ワ,144.56749471407286,160.350162390917,134.53687312114425,7.816750845644198,143.2979137204283,0
ソ,165.06578830270206,190.77060305399777,146.67555292776703,13.132260897845882,161.63905028713322,1
ノ,192.06650233890662,218.49501146609342,174.68456232257097,12.945262466035647,189.77458887519583,0
ケ,237.13623977370762,249.76997804880358,206.93074651540664,15.406207587635327,244.26800194199157,1
エ,222.08505043061274,236.29434884460832,218.57853816660938,4.527230718881588,220.45777200257956,1
カ,204.50775673687434,226.72740970869143,161.64120876729348,13.555026598320799,204.99140489696774,1
ク,190.86542520053806,218.3885826088584,155.45239831120415,14.402271636899318,189.95085701895368,1
ヲ,184.36877882180866,194.88250496392243,180.94876262706683,4.045688661942294,182.70377364552638,0
ス,178.3502200244363,190.54747417520244,146.10951543768468,12.587860899370858,183.8861848425661,1
ス,189.8113644530665,221.75278463167857,177.58219781286084,14.732764592344271,184.8673501742399,1
メ,173.09243519537222,188.20869145977588,163.02295603922488,7.331929887974532,172.9903460802892,1
