Mora,Mean,Max,Min,Std,Median,Accent
バ,183.53133051793338,198.49858922440873,164.9307932562243,7.023573199840387,184.93269652105974,0
ク,165.63810844623742,165.63810844623742,165.63810844623742,0.0,165.63810844623742,1
ダ,285.33560007296177,335.3817278463504,243.2601925754458,29.149112088352428,299.7224676921519,1
ン,297.48162128144867,299.85762021351815,294.6033548632286,1.4151930636154977,297.56098637753234,1
ガ,298.3929228760928,301.5268606749372,292.3703877135332,2.4299030531753685,299.1986959890802,1
バ,259.0609072800965,292.2194990555989,231.75135438811597,20.7163436717631,263.829821154959,0
ク,226.22118425598077,238.8705813069926,221.76237646381827,6.460013573067214,222.54723830498915,1
ハ,255.22644909673832,264.22774640267767,236.21613660808592,7.5804974723302365,256.550846564784,1
ツ,258.06129200368474,280.14493067317744,240.5114154270774,12.053102851191117,257.53599425029654,1
シ,248.88410971133956,270.141715108366,198.8247903305098,22.45616612026487,260.40616135270926,1
タ,265.64374994877255,302.78493687744555,209.50680826004017,22.21322819423122,268.24961991964494,1
ト,245.99819470747377,281.88115726563245,223.85241578193762,19.175227627161394,237.29292763372268,1
キ,199.2976614903481,260.7593701880085,142.40561755342532,42.230767282152634,212.7131230058208,0
、,0.0,0,0,0.0,0.0,0
ワ,156.40148907950422,166.22357765611008,146.00445161710297,5.101260616569645,155.81390590498256,1
タ,175.3636887256828,202.41819457947648,133.3541365720837,28.595226782094162,182.8412118755855,1
シ,196.27513814243636,249.0638102241938,166.7555681325257,18.77668851524425,194.78568406300892,1
ワ,212.76704984314006,224.62112089641224,204.97774928482386,6.187660013687471,211.0963286583787,0
ソ,200.67922284299726,204.37629284981858,189.06291400646612,4.733183692226024,202.1431532900976,1
コ,196.8437450576613,222.42476489016403,190.64336772379056,9.768396119810209,193.72947937925107,1
ニ,186.3653898871068,192.5430664175155,179.33705944237374,3.9183111527185925,187.83325097204016,1
イ,169.70298814471647,178.1007020127995,134.42004453756297,11.16769315196336,172.9127831476826,1
