Mora,Mean,Max,Min,Std,Median,Accent
ア,191.0445607810548,195.53065253594374,186.5465789067411,3.0971949340708305,191.0027849001013,0
ユ,227.8781973106639,270.5196893961194,195.19754615596895,24.545255032261913,225.3755497472559,1
ミ,293.2433685115578,316.3777486808474,270.2526477168933,15.390468595918158,286.8391133806292,1
チャ,310.7662557678262,331.6958138341193,276.0855742421227,14.302379095306447,307.97216392307087,1
ン,291.26262717117504,303.09945144177146,267.96386285780096,9.475911909246545,292.3813925886757,1
ノ,283.1981413325081,289.17338669529397,277.04884280067427,3.377414913153329,283.33236281018185,1
ア,278.7713608672136,284.4875396911834,275.7664377880242,3.02462494545906,277.400708263993,1
シ,279.05895518648026,288.3853036986248,244.99748865961516,12.896579861375708,285.68599335718005,1
ガ,200.48185553062012,285.16811670263553,129.263407965705,49.72272848657802,190.69922768227977,1
、,0.0,0,0,0.0,0.0,0
カ,190.12906251108282,195.39576364044663,184.0327961770384,3.8963801335441706,189.46912568539503,0
ワ,228.79316118110296,268.8596596877529,183.54919442758032,28.49461346594938,234.38603141618563,1
カ,261.00684199983885,287.00274883659677,197.84374270480032,22.170256353333176,268.55603929749503,1
ゼ,247.96705256960752,271.154219685049,224.66262830969023,15.38969207242949,250.02610886746194,1
ノ,247.7228061107838,261.00668064601274,196.01866808438774,13.010261144574212,252.62428046982694,1
ア,183.5371744295786,195.09167419467332,172.96579565436048,9.059562920131079,182.55405343970207,0
オ,221.06272308930494,253.35010574837844,190.45381680129782,18.36187810152726,220.20516160629575,1
リ,283.12224328604117,317.35363883237886,248.88052962170366,25.989447108500038,277.4164893573472,1
ヲ,263.91371579438066,318.04985724858807,190.97653937309346,43.53154545655721,271.70029816170074,0
ウ,181.30540589444922,188.49191257765418,177.70044550602424,3.2871325738442163,179.76113698479836,1
ケ,179.1478070021438,191.07773134395038,155.88405936980047,10.128492127253597,181.92629107731196,0
テ,165.94923347083292,191.31607389693107,149.659406735922,9.928859860931821,165.98358416515708,0
イ,149.92869716200795,156.86872243952783,144.81433840634824,4.152620346214419,147.82092949388453,0
タ,135.81928387445944,166.06187735729995,121.08275984029198,10.69403646883214,133.59109533008774,0
