Mora,Mean,Max,Min,Std,Median,Accent
マ,184.63179754424925,195.74314867348332,164.92791898092975,7.339801340203824,184.93847695720984,0
ゴ,269.25918781421115,330.2028170366512,198.20486929676863,44.637926446644435,270.81938753293605,1
ト,298.98856898504243,380.70034443066135,244.81931734097614,37.129393422147146,294.6854652476728,0
イ,209.36436829350592,237.83373911065806,193.63126506421287,13.20610233813405,207.48591038204557,0
ッ,190.23322874771722,193.38740121103564,186.1845907470901,2.6133723332741696,190.82283612283123,1
ショ,185.5497392937221,222.16994853502823,144.57245505716045,24.906372624755946,188.55898535429975,1
ニ,193.19630358307933,196.69000215934724,187.29660205822432,2.164575874135455,193.98318080260992,1
イ,189.85632780068943,193.68251778782565,185.63048279253098,2.286982128882593,190.35437902657978,1
ル,186.52373469073328,199.41916568704548,169.7146646920369,10.64266510931054,186.43328281144815,0
ト,154.84507385766543,183.57225745719307,132.92009788502588,14.69151995337227,152.3820796707869,1
、,0.0,0,0,0.0,0.0,0
カ,202.749576419252,212.6244636324244,191.9244425429329,6.092899804306242,202.48534692898818,1
ノ,208.18109713181244,219.1212136970998,179.98344770063645,8.793493484907158,212.75803896274084,0
ジョ,181.57669604497647,212.47809594646853,155.56464714604022,16.506565250047583,177.10150670342537,0
ワ,144.7518109939408,162.61172316798041,136.72164350767193,6.849692860244271,143.05791254479203,0
イ,220.10467313451574,238.03666846510393,196.28843608033074,10.001879298095615,220.86697224826176,0
ツ,257.25366935880754,285.31424021469167,211.85455615070873,26.935450874955336,265.3542100860459,1
モ,217.9165329364281,267.6814093397267,180.90784098464792,26.447349163700725,216.35602635066346,0
タ,162.49160219930175,178.14744770512104,157.71115115760563,5.823453068285358,159.67242042410723,0
ノ,153.97842293446658,158.6861737422186,148.1969873702675,2.5959632848565417,154.0200745248198,0
シ,162.9304109340358,216.98984204814283,131.74426136560692,16.555013831820638,161.98664687170557,1
イ,156.02306203938443,169.41693949211555,139.51580708880476,9.199247558653555,157.74042975656894,1
