Mora,Mean,Max,Min,Std,Median,Accent
ト,236.9574820915333,243.27730806820696,231.84583466839842,4.112654499443379,236.4995526639278,0
ワ,266.5161587118319,295.0832553458267,231.56774759994906,20.04026050083971,265.96391152539695,1
ダ,281.93739514120927,305.25410295319955,233.59649075635699,23.89086806820855,294.83633615650024,1
コ,217.85388180508048,250.50478231009347,200.60671815090305,12.767273512315022,216.7127045968015,0
ワ,167.3198218242968,197.23281160718628,147.61448953747487,14.491410662313916,163.76541411258086,0
、,0.0,0,0,0.0,0.0,0
ソ,206.56190498619765,211.84780801071466,202.16035550600927,3.896113942191227,206.1197282140333,1
ノ,194.0268167955605,210.19385997279085,167.12923307501848,10.715944905025475,197.40005571568423,0
ウ,167.88346289687885,178.34033706243176,154.04003995334568,9.402741386671059,169.4837099181487,1
ツ,170.61190071645746,181.13935652334996,154.40483942560812,9.7670316905665,173.9371942091927,1
ク,299.6863737107067,300.4181470619906,298.95460035942267,0.7317733512839766,299.6863737107067,1
シ,275.9358151994053,299.7244836976251,231.3599606205433,23.9988840661132,284.22455284939457,0
サ,232.0586914246545,262.7585578831152,208.369558142554,17.63074809039479,229.2258597605793,0
デ,182.41911466303162,204.01340768237102,164.08066829145253,10.519020785881958,181.54966779657494,0
ユ,156.09072130684405,160.13663167062293,152.27785803754483,2.1381117537653576,156.32357568173967,1
ウ,169.91919972492556,179.33823681464867,160.4642564065166,5.886976296789531,169.6726240654845,1
メ,208.30454392338766,229.28538549664245,181.27064333769678,11.513320285974075,212.69129710485925,1
エ,210.4786737163535,212.37706707991236,206.41244521370749,1.8283222553981189,211.1961279649271,1
デ,199.1513013464493,214.2814950961783,185.9519471586541,9.714413118089958,200.24550339778375,1
ア,194.61177699006493,206.66923106485632,178.1967358784666,8.164728579607258,195.73716846833514,0
