Mora,Mean,Max,Min,Std,Median,Accent
ベ,234.9364818274683,274.4343832727042,212.48139653039416,19.630395842337176,228.7396158676076,0
ン,300.1789613384506,308.7669019278881,282.30917718752744,8.337680854150216,302.98254129983263,1
ト,335.1142744202299,372.3188695405895,271.04511403563816,40.14507149337145,362.61039646454344,1
オ,350.8484962036241,362.6801634436733,333.71133180444355,9.508533852927176,352.811371862695,0
ヲ,299.0272046566129,326.7476125532855,274.48554911525196,17.775271288811464,296.8912092548105,0
モ,203.02546784288552,267.029135539297,185.60253665463446,22.560096284601943,189.39935933178293,0
ッ,178.4770927983244,192.9113234961197,161.52183556305243,11.087525462333106,180.9179849646747,1
テ,233.53537672171885,255.158426302225,220.71300812242637,15.377704590198599,224.73469574050515,1
イ,216.20311739684797,221.95500515766602,184.54723763750516,9.83373903526468,220.79145844300183,1
ク,227.69598757283072,256.3970110823465,212.42768888917826,17.42699379751684,220.979625159899,1
ヒ,210.2537809969708,225.85204508311722,181.70762371011864,12.82940804765118,214.45877472287512,1
ツ,224.0909573794369,230.88333104828692,219.51039487043047,5.262483270847337,219.9716021974993,1
ヨ,212.58861721231435,220.4440582401146,209.38466924413788,3.651363559436363,210.95819771554477,1
オ,210.1026784064585,210.48176341442363,209.52919253476858,0.40870537196923684,210.2999699525368,1
ワ,208.94037965884635,212.81286821433477,203.4782687225437,2.930451561578093,209.66227166632007,1
ナ,200.23046402270475,246.2234655716769,183.38434497631798,16.699797095918022,194.77601117606713,1
イ,258.986735620276,264.0136535360487,251.16973903185462,4.492168575947621,260.1076648275022,0
デ,227.4005429049311,264.8210285262933,213.74374911764096,15.128565388877142,222.04283278678827,0
ス,182.6152926158777,210.39948723208252,136.7948374610714,18.09754527309098,185.128080872553,0
ヨ,175.05290749761988,226.93763872723255,149.5322065634547,25.070528402707158,163.9220320437015,0
