Mora,Mean,Max,Min,Std,Median,Accent
グ,261.48301718077477,303.0649924194076,234.15182271964576,19.476674132001566,258.6006217318351,1
ズ,305.8893760618922,356.37755795531115,256.20555384207336,30.877737220431523,309.64491854293345,0
グ,257.61305463745424,293.591350275195,225.90607043375937,16.26712609330442,255.38933799982513,0
ズ,186.22501420939548,214.76220343215172,174.55392123679562,10.979829747613271,181.39068740741038,0
シ,165.1637794738057,179.09052511523714,147.48150593689388,10.659752284865341,163.6848582232373,0
テ,210.91853019419005,236.02142964419198,192.2471460023397,13.278941892486044,209.56705594158714,1
ナ,206.28393155385749,219.82630783873478,189.55041027674807,5.060051821668358,206.0301630612647,1
イ,198.74682376501104,203.31646115512254,192.69350659902307,3.427742069805317,199.48784547257478,0
デ,158.43995540587625,190.8383879252781,115.73779285909528,19.774793115646858,164.2733209863507,0
、,0.0,0,0,0.0,0.0,1
サ,246.2660792521523,256.2250616490167,234.1828018556669,7.3221428137667015,245.3071417895689,0
ッ,272.1864451773835,278.6216869538161,265.69817225071284,4.744647983826745,272.3104292132091,0
サ,288.34793802661744,320.4455352842297,261.02477141843934,17.165869767110102,290.67662349950297,0
ト,184.21880628843576,223.25931076493205,161.67015721231806,17.703991319279723,180.97271463564556,0
コ,163.4192732876104,175.98026478582295,144.16123622244982,6.777051344530984,162.02666384682396,1
オ,171.21766482836318,178.13082893521633,162.17323690532112,5.048961618460298,172.78176924900865,1
ド,183.80576675633196,198.50770728859723,164.6935659814768,8.569142206488191,181.08782330008196,1
オ,189.7166409147792,190.33384665398265,189.09454618312498,0.3523561750972753,189.74884570647023,1
シ,194.6691504058488,223.3947828154351,172.6477920509251,11.609728329985117,193.54876778714123,1
