Mora,Mean,Max,Min,Std,Median,Accent
ガ,179.56738016716818,183.4491757777528,175.7833432920649,2.6427461927986005,179.6822415222308,0
ゾ,201.50935011685246,257.9159131205567,167.4760680849647,30.927783447182808,186.30107515189377,1
オ,279.4739987322042,289.52617006106635,262.4019081985296,8.407933891569977,282.7511461948206,1
ノ,298.74643944543936,309.27317647525985,286.00529733525383,4.607329274402781,299.04369987222105,1
ア,294.09226630245576,296.2550672038265,287.21288877278863,2.1885423929221384,294.15406276040903,0
ッ,0,0,0,0,0,1
プ,309.17015697085577,319.87750772403894,298.4628062176726,10.707350753183164,309.17015697085577,1
ロ,299.60379533647523,314.27777815178797,238.7309115718849,17.18384587644797,300.14048062569464,1
オ,311.51623100005065,315.3291308461222,305.6124309126565,3.0766182591150755,312.63424474519246,0
ド,259.1841704902607,301.68216717177114,243.51790764467904,14.790662295634192,256.22090328889294,0
ノ,199.87288490721457,239.31477267897364,170.6382202876154,20.779353774035204,198.22085319421728,0
シ,165.73043498957134,175.4529690040976,159.0007459658621,4.962636192485519,166.77025917263614,0
カ,172.92327540801614,184.79353541759983,155.51176502733603,8.341954818449349,172.24613401116463,1
タ,169.88665677182067,173.85460387816147,163.6645339770637,3.536034160369053,169.82390665215948,1
ガ,167.7253063320798,170.12128389219095,164.97726043298394,1.5740199890479287,167.76275750324356,1
ワ,158.07736671529102,169.84899779447244,141.88322657153108,7.699312132039328,157.81022065898736,0
カ,166.34696611215975,189.81979950083996,132.99593947399856,17.14376955742046,169.93621036127337,1
リ,176.00594842887955,191.9226850395517,155.47453953498712,9.64297227102265,172.1473902116285,1
マ,202.86884055015372,209.43087805860048,190.24349418870335,6.130081788885807,204.7222244127915,1
セ,211.63890242373773,235.44907699498836,178.34730549885018,13.400791307836261,210.1439815838883,1
ン,173.6682759372382,202.56129075277425,148.45376088223748,17.30191903313946,172.20702941096079,0
