Mora,Mean,Max,Min,Std,Median,Accent
イ,196.4494365703951,219.22820376842694,161.6064471395961,21.564198070755833,201.58237148713573,0
ッ,209.38848078183625,217.65709089628587,196.5114853564099,7.638443898947037,210.7384160967108,1
ショ,305.16552787006265,359.02656343518834,156.65232854467098,75.7468791435137,343.42547067253554,1
オ,357.75841126151073,358.45327402207283,356.9344369533121,0.5219490928153302,357.63541855433664,1
ビ,302.10028290483143,358.0289956418292,253.71820013900765,30.84805220659473,298.35776699528765,0
ン,233.47515118683947,251.85702487691705,214.46752615576918,11.061648126942616,233.03388822850334,0
ヲ,173.42811295704234,210.7371850250423,147.13232495721718,19.659451321900608,171.54427913583515,0
ケ,157.2431768183906,189.65784673562337,123.5911255758129,24.24718076582376,158.13719105376464,0
エ,192.01721662205583,215.98370245988377,169.42549472749,16.506173888320784,190.23376660042192,0
タ,218.40723148141217,231.0030282412567,203.03787760542826,6.467858480693863,218.42848699282288,1
イ,220.68590262381713,224.82082218961656,218.36427432883949,2.2846437265550668,220.04428698327467,1
シ,208.09493091546966,223.16159384348072,185.42522137154157,13.870273946791995,213.23150914020547,1
テ,230.51289110047827,233.7755661688943,227.2502160320622,3.262675068416044,230.51289110047827,1
オ,215.86493481331846,231.39577891397627,206.2906930550348,6.373312930215621,215.1048966081671,1
リ,165.02344744055338,205.86381485228347,137.0118258919049,20.99477796006261,159.63821320036362,1
、,0.0,0,0,0.0,0.0,0
ツ,248.98793804942918,261.6900522220792,239.31358623828206,6.900082322456624,249.2650135325563,1
ネ,309.986113306089,337.40990345118536,264.7441929670999,18.884193951065075,312.1565613876061,0
ニ,220.15051232999596,298.2499764399441,174.39205856013274,38.135853671300445,212.2963272534482,0
サ,160.82243256636235,179.05779078750354,125.6594657856359,17.365662683509086,168.22153789357057,0
ケ,164.86182075592976,197.6978105789694,103.2780029380744,21.452321096470445,164.02627100852362,1
ク,169.3526203296011,173.1200531147559,165.58518754444634,3.7674327851547815,169.3526203296011,1
サ,180.7423474127728,224.6117779648399,158.26622978414713,17.456660196016482,177.91062242870225,1
イ,147.66183430532692,156.923051187339,138.5501605526253,5.04389024937999,147.57599409547856,0
