Mora,Mean,Max,Min,Std,Median,Accent
ム,281.9212411920015,327.7744637518332,249.31029347045722,24.994564576317867,279.59730811804485,1
シ,368.7648899265523,398.239434292749,317.83105941181,23.965331922204165,370.12833455004187,0
ロ,277.2524854378317,291.5936047506466,245.34256234972548,10.826318099996929,276.7434478654217,0
ロ,208.14645556020434,236.10887419919553,194.49555450268795,11.354152092445295,204.41863706343185,0
ン,269.8244123929742,298.1719550465411,233.4250326648682,18.190706545498173,273.9464920657962,1
ゲ,313.7361764522743,320.6711018322459,300.33036912821467,7.055101542036849,317.84950593140445,1
ノ,324.3302487039006,338.99167111909503,314.56877299592134,5.895124640315054,324.1179926787317,1
ホ,284.4335492202781,322.01008837494055,234.17421327884372,24.982488777067765,281.4081303867081,1
オ,322.99653417359457,332.3129319535142,312.06595931480376,6.9927059182224305,324.68704091938673,0
ガ,264.4396996923644,309.33873322434397,205.26754474907943,31.151804489796866,270.6029153471312,0
ハ,180.19537476408638,198.97445705892596,141.06346177115583,14.70886566632337,184.87100000072556,0
ゲ,209.17164118955873,236.24984778852493,182.2530063301218,17.10327010834455,211.13676671579668,1
ヤ,257.1334889794588,275.11867118483485,238.4014577811925,10.632852474535651,258.0736515291732,1
ス,299.6927606954636,348.0346510385124,234.8787270055775,35.427601194684435,299.8737321291436,1
イ,320.96908444889186,349.9506551220133,271.6087991866385,26.697230104040507,328.5774772060821,0
ッ,270.65200813871803,276.9008040103379,253.44063045047494,8.026776256718508,273.3095091420908,0
テ,208.14266578193656,223.16842133199117,173.16468388744934,18.259258195526236,218.5821997316392,0
キ,176.45804534072929,195.69745835424376,162.27321751548578,8.790641858837906,177.63609500646098,0
イ,171.06349090888514,176.9999224518823,150.63328152091782,6.569147384174174,172.34231506135478,1
タ,170.54754259520897,191.3622468408942,159.35655326856516,6.560535550597199,170.12148004899404,1
ゾ,190.03492778032572,254.76311290034732,139.86570740257415,27.14537020797368,182.15920593910835,1
