Mora,Mean,Max,Min,Std,Median,Accent
イ,189.74453732853777,211.26818626759606,174.65397647626796,9.318702431702675,190.6214470626158,0
チ,196.30707333942468,250.6350893425303,121.13667162183744,48.547926242874055,229.27839961298622,1
ニ,259.39220255031,268.92802647908854,246.48829424610594,7.355641511661571,260.0007399353907,1
チ,240.91248218499433,290.5029369775604,205.1681115402533,23.874319527807327,234.08167934880908,1
ヤ,207.71059925629498,269.83896504177375,144.23117020975633,47.138993707927334,206.28293895155826,0
、,0.0,0,0,0.0,0.0,0
イ,186.9449312491315,193.90055109225472,178.76148758191437,5.208072843716535,184.33587706417703,1
チ,221.6372191543041,279.41618321644796,146.8472681820392,59.54503686086818,272.8053532503815,0
ネ,320.8128516476687,344.4769481963664,282.04375681324603,20.49492680282056,328.42898804118727,0
ン,285.4655644010509,323.4855743553059,254.76783285282795,22.515709055096373,278.8550162957093,0
ノ,226.7814893258885,250.29644599138172,203.8284491263808,14.513537878623065,229.58583733614626,1
ナ,185.4407200480909,201.4553058953267,171.34007283674643,8.777684314603135,186.94905366199953,0
ガ,176.5261909423026,184.16221780040883,165.09325127107886,6.449027202847105,179.68465426773332,0
サ,184.27065586195553,190.5018346219334,176.9949474520873,4.975586222802909,185.6801346475534,0
ワ,166.22128693930273,182.463917716475,152.26489828957938,9.831774110997957,165.26678268574756,0
ホ,153.7553621508574,173.46430528978453,141.77094147851162,7.623094704518812,151.8313207818087,1
ト,229.0884988040284,239.89385436279306,216.4220981223605,7.818670435931188,228.91173512274287,0
ン,283.4889841008263,305.35595839476633,243.58416019523645,19.421542545567238,285.4943093731701,0
ド,250.67334006016284,299.9060217293181,199.71030082307564,30.648679517931434,252.29101439097604,0
カ,169.639479100031,190.49147053115394,148.80494972184508,11.391223105001549,173.91187149447163,1
ワ,166.1879057441507,172.29959840776164,161.93672036653416,3.0460662062191712,165.98608144979244,1
ラ,164.504665750747,170.23864290664216,141.4191186358892,6.920761948358506,168.18683277875772,1
ナ,163.9747171359298,173.96290495917847,158.42361540929036,4.606894893869043,163.84049764713288,1
