Mora,Mean,Max,Min,Std,Median,Accent
ミ,195.69491360211063,208.74573652496628,178.7183498501362,7.961690267196135,198.4849325538837,0
カ,256.0975431715565,290.40486361017565,142.0734499913976,49.3921058606387,279.17164872710185,1
ケ,289.44898644018406,331.03312344150004,223.26500485377457,40.61854028354836,317.9870064912226,1
ノ,300.0019893038182,316.8126081867174,263.60781696788473,13.295071685025027,303.3356651129166,1
オ,298.46534218059907,300.39300342351265,296.9333597240555,1.148352703959615,298.3979765811039,0
ソ,293.55941730470147,316.78109592197745,257.47907267518514,17.798484826010842,295.53364313097677,1
ロ,310.39713412300455,320.77043369354794,277.26843153479854,12.016426895942338,316.98096788231686,1
シ,310.4781677207927,331.95174852130793,257.00714065722656,22.592833097582375,321.01824831103755,1
イ,284.50170336660057,314.33091924592827,239.30914874999576,22.86830364195409,289.90105959623236,0
ク,227.7282480576718,257.18138217968067,206.71874878100215,16.115514066548016,229.1634208367123,1
モ,219.766631505172,240.02229635405814,192.02084208435443,13.511573293238737,222.95530812542748,0
ワ,162.66337404131605,190.2514239279042,125.64072130720007,16.186671532858572,164.49289686565834,0
、,0.0,0,0,0.0,0.0,0
ヒ,0,0,0,0,0,1
ト,262.0915089559598,268.93745672362587,244.73620633619026,5.874029878660774,263.30868031772525,1
ヲ,272.8480564161988,281.4405088166961,241.74945282885028,10.091132955340717,275.39320200219606,0
コ,249.12888950603687,281.66143053629605,122.71007531729177,39.56069072447023,271.478837688487,1
オ,267.59774756370666,270.9772872700033,265.36795296788256,2.0342109399911905,266.9250282300176,1
ゲ,269.4210943103829,282.18110285053575,258.1065271236361,6.9100060110011725,267.20573606784285,1
キ,250.4024802075224,262.97557291872215,243.9672193134033,7.301324238257189,245.83575096766282,1
ス,286.21920965291827,351.71599422059415,268.9370013451647,27.184987152805004,274.85462513767783,1
ル,250.38810412697285,266.6760663960533,227.36264977324797,14.950367020390118,257.0677822344296,1
コ,248.9791155495753,285.56837070003104,210.13259302486765,19.60444735901094,257.56886439531775,1
ト,237.85067185942017,297.98124647089077,164.23671894373368,37.832263503379906,225.55609716708653,0
ワ,211.19639498404848,270.036160663723,154.66027047039475,37.79294002788603,208.5482327710712,1
ナ,153.69152634651974,164.3146632503985,139.27154574038866,4.512780097958728,154.40446609094303,0
