Mora,Mean,Max,Min,Std,Median,Accent
エ,215.1816152718201,248.27170610475554,187.2795916621262,17.52480440001963,212.0937654557809,0
ン,270.5544587920374,279.8110408279188,257.7008612734137,7.582390940026793,272.10300030970615,1
ス,277.58193906846606,303.5323172561923,244.9212241535654,15.31674911994051,279.9045735073658,1
イ,282.10947831710405,296.59898776564427,236.57187397578355,18.672280370691237,290.5626127831059,1
ケ,266.7937672949887,297.84094118064274,224.74056553047802,18.627732544115368,270.2531659275172,1
エ,277.3206130889584,282.25068999641087,272.5121189279097,3.0499950571808077,277.0723213593302,1
ノ,273.7471928124882,286.35263474511567,229.5124344268916,12.070824792686132,275.6939090082296,1
テ,289.6294413054362,296.22381085312105,270.60160214168053,6.953740052959641,292.1140012215711,1
エ,292.9071950058209,295.91903053519667,288.0853959951167,2.3163905322929152,292.87300701075833,0
ギ,245.1714657963845,286.8732699698071,200.68898381378438,28.471066368970572,245.84425914280305,0
ヲ,171.46667223293076,196.78906028992418,145.49076099730877,14.469748190730359,172.57630757766375,0
オ,0,0,0,0,0,0
シ,198.95769942127004,228.00637435203276,146.68337700787464,31.03772665752309,210.57052316258637,1
エ,205.2384523781456,214.39198791868216,185.13696246143837,6.969638043599983,204.87031201591083,1
テ,205.24093362912177,237.76426065906026,151.1529121810081,22.28751682564078,201.92714357434735,1
ク,206.22219941051338,239.3642383470771,158.88665266421435,25.122039594452566,206.2824030016096,1
レ,207.51436792845092,224.27377041170584,195.01936183895327,11.477511624343945,201.86755479997416,1
マ,217.50813915626105,227.80488398922174,203.78645481273242,4.9568651970407025,216.79562261373394,1
セ,224.95716073911333,239.16130374412216,203.69633061706924,8.969853522517038,225.19780048768342,1
ン,202.30238659293104,218.84682196175876,184.76397637353625,11.141656870654254,202.75082685139188,0
カ,172.99984373749598,206.7353240637743,132.2495546635924,22.25370608921475,169.23443950735128,0
