Mora,Mean,Max,Min,Std,Median,Accent
ウ,191.35300310210943,198.52955094167115,174.1980477264784,5.86171520512097,192.191044787956,0
ワ,234.70901864147066,273.2462611678666,196.31999065823416,21.809990791708966,233.84436341420982,1
ギ,299.1388033008408,306.02883204667074,276.97136285099197,6.71444488492508,301.3996203585485,1
ト,289.652990423697,322.5815008063975,252.7784132177,16.38422507220146,289.3326474841608,1
ボ,252.82537176084648,283.83538155116247,230.36635089609422,16.690318056943447,253.0252934656446,0
オ,265.7400145140323,267.1525777120294,264.78358000662024,0.7902011534734407,265.5214391465021,1
シ,248.56138670726276,268.7227035589335,210.7751198399903,18.404061485092907,254.47166124485082,1
ヲ,240.37482980162372,246.33411156540944,231.5554245667914,3.7946765974155037,240.45381819284825,1
、,0.0,0,0,0.0,0.0,0
ム,175.32669773767128,209.0264936843557,159.95317606470437,9.589605202029935,176.36980048142584,1
コ,223.11911846681744,252.32010469027188,168.46007775832064,35.70390505832391,246.24882078744238,1
オ,272.0150909643402,286.50832527968373,252.62027298278622,11.614065805789597,274.549839556732,1
ノ,284.8658114660335,293.7892669595749,254.578437591229,8.289003747845369,288.0447984974704,1
ラ,288.86269524623464,299.5555927215693,267.64277185264433,8.299859204643143,292.5948217134838,0
ッ,265.93850339738304,274.7565130772577,257.1204937175084,8.818009679874649,265.93850339738304,0
ク,220.2118371565414,227.92300003537375,211.02038041194902,6.979402552286779,221.69213102230148,0
ニ,176.941712122576,218.01223785054705,151.14109686109953,17.692540725107833,175.94928182912543,0
カ,158.76406947017745,177.42800975559624,131.69406333049986,15.74770951639546,163.0575518257151,1
ケ,150.54688504188016,165.72185029285222,132.12205367175278,12.181465626552667,155.41424041141798,1
ナ,168.34686387142762,174.44625711680845,159.50096510449058,5.230205794066261,171.117645383685,1
サ,176.02528256356317,199.13445921010992,148.3429828042341,10.70493930867092,178.1181489481465,0
